사고번호,사고일시,요일,시군구,사고내용,사망자수,중상자수,경상자수,부상신고자수,사고유형,법규위반,노면상태,기상상태,도로형태,가해운전자 차종,가해운전자 성별,가해운전자 연령,가해운전자 상해정도,피해운전자 차종,피해운전자 성별,피해운전자 연령,피해운전자 상해정도
2022011500100299,2022년 1월 15일 16시,토요일,경상남도 창원시 의창구 동읍,경상사고,0,0,1,0,차대차 - 기타,안전운전불이행,건조,맑음,단일로 - 기타,승용,남,41세,상해없음,승용,남,55세,경상
2022011500100330,2022년 1월 15일 17시,토요일,경상남도 밀양시 교동,중상사고,0,1,0,0,차량단독 - 기타,안전운전불이행,건조,맑음,단일로 - 기타,승합,남,58세,상해없음,,,,
2022011500100379,2022년 1월 15일 18시,토요일,경상남도 진주시 초전동,중상사고,0,1,0,0,차대차 - 측면충돌,안전운전불이행,건조,맑음,단일로 - 기타,승용,남,70세,상해없음,자전거,남,72세,중상
2022011500100380,2022년 1월 15일 18시,토요일,경상남도 사천시 대방동,경상사고,0,0,6,1,차대차 - 추돌,안전운전불이행,건조,맑음,교차로 - 교차로부근,승용,여,29세,상해없음,승용,남,61세,경상
2022011500100381,2022년 1월 15일 18시,토요일,경상남도 사천시 축동면,경상사고,0,0,1,0,차대차 - 측면충돌,신호위반,건조,맑음,교차로 - 교차로안,승용,남,49세,상해없음,승용,남,47세,경상
2022011500100431,2022년 1월 15일 19시,토요일,경상남도 거제시 장목면,경상사고,0,0,1,0,차대차 - 측면충돌,중앙선침범,건조,맑음,단일로 - 기타,승용,남,54세,상해없음,승용,남,46세,경상
2022011500100432,2022년 1월 15일 19시,토요일,경상남도 창원시 성산구 상남동,중상사고,0,1,0,0,차대차 - 측면충돌,중앙선침범,건조,맑음,단일로 - 기타,승용,남,38세,상해없음,이륜,남,36세,중상
2022011500100465,2022년 1월 15일 20시,토요일,경상남도 김해시 삼문동,경상사고,0,0,1,0,차대차 - 측면충돌,신호위반,건조,맑음,교차로 - 교차로부근,자전거,남,17세,경상,승합,남,53세,상해없음
2022011500100507,2022년 1월 15일 21시,토요일,경상남도 진주시 신안동,중상사고,0,1,0,0,차대차 - 정면충돌,중앙선침범,건조,맑음,단일로 - 기타,승용,여,62세,상해없음,승용,여,55세,중상
2022011500100508,2022년 1월 15일 21시,토요일,경상남도 양산시 소주동,중상사고,0,1,0,0,차대사람 - 횡단중,보행자보호의무위반,건조,맑음,교차로 - 교차로횡단보도내,이륜,남,37세,상해없음,보행자,여,60세,중상
2022011500100509,2022년 1월 15일 21시,토요일,경상남도 남해군 남해읍,중상사고,0,1,0,0,차대차 - 추돌,교차로운행방법위반,건조,맑음,교차로 - 교차로안,승용,남,46세,상해없음,승용,남,58세,중상
2022011500100510,2022년 1월 15일 21시,토요일,경상남도 창원시 성산구 중앙동,경상사고,0,0,1,0,차대차 - 기타,안전운전불이행,건조,맑음,단일로 - 기타,승용,남,40세,상해없음,승용,남,70세,상해없음
2022011500100539,2022년 1월 15일 22시,토요일,경상남도 창원시 마산합포구 진전면,사망사고,1,2,0,0,차량단독 - 공작물충돌,안전운전불이행,건조,맑음,교차로 - 교차로안,화물,남,30세,중상,,,,
2022011500100557,2022년 1월 15일 23시,토요일,경상남도 창원시 마산회원구 회원동,경상사고,0,0,1,0,차대차 - 측면충돌,안전운전불이행,건조,맑음,단일로 - 기타,원동기,남,37세,상해없음,승용,여,24세,경상
2022011600100021,2022년 1월 16일 01시,일요일,경상남도 김해시 외동,부상신고사고,0,0,0,2,차대차 - 측면충돌,신호위반,건조,맑음,교차로 - 교차로안,승용,남,17세,부상신고,승용,남,45세,부상신고
2022011600100027,2022년 1월 16일 03시,일요일,경상남도 통영시 북신동,부상신고사고,0,0,0,1,차량단독 - 공작물충돌,안전운전불이행,건조,맑음,단일로 - 기타,승합,여,61세,부상신고,,,,
2022011600100070,2022년 1월 16일 10시,일요일,경상남도 창원시 진해구 자은동,경상사고,0,0,1,0,차대차 - 측면충돌,차로위반,건조,맑음,교차로 - 교차로부근,승용,남,76세,상해없음,승용,남,23세,경상
2022011600100071,2022년 1월 16일 10시,일요일,경상남도 양산시 덕계동,경상사고,0,0,1,0,차대사람 - 차도통행중,안전운전불이행,건조,맑음,단일로 - 기타,승용,여,50세,상해없음,보행자,남,50세,경상
2022011600100096,2022년 1월 16일 11시,일요일,경상남도 창원시 의창구 봉곡동,경상사고,0,0,1,0,차대사람 - 기타,안전운전불이행,건조,맑음,단일로 - 기타,화물,남,71세,상해없음,보행자,여,46세,경상
2022011600100176,2022년 1월 16일 14시,일요일,경상남도 김해시 서상동,중상사고,0,1,0,0,차대차 - 기타,기타,건조,맑음,단일로 - 기타,승용,남,55세,상해없음,원동기,여,58세,중상
2022011600100177,2022년 1월 16일 14시,일요일,경상남도 거창군 거창읍,중상사고,0,1,0,0,차대차 - 측면충돌,중앙선침범,건조,맑음,단일로 - 기타,승용,남,44세,상해없음,자전거,남,83세,중상
2022011600100178,2022년 1월 16일 14시,일요일,경상남도 김해시 진영읍,경상사고,0,0,1,0,차량단독 - 공작물충돌,안전운전불이행,건조,맑음,단일로 - 기타,승용,남,51세,경상,,,,
2022011600100272,2022년 1월 16일 18시,일요일,경상남도 창원시 성산구 사파동,중상사고,0,1,0,0,차대차 - 기타,교차로운행방법위반,건조,맑음,교차로 - 교차로안,승용,여,53세,상해없음,이륜,남,40세,중상
2022011600100273,2022년 1월 16일 18시,일요일,경상남도 김해시 장유동,중상사고,0,1,1,0,차대차 - 기타,안전운전불이행,건조,맑음,단일로 - 기타,승용,여,54세,상해없음,승용,기타불명,미분류,기타불명
2022011600100292,2022년 1월 16일 19시,일요일,경상남도 김해시 대동면,경상사고,0,0,1,0,차대차 - 측면충돌,안전운전불이행,건조,맑음,단일로 - 기타,승용,여,45세,상해없음,승용,여,62세,상해없음
2022011600100307,2022년 1월 16일 19시,일요일,경상남도 창원시 진해구 청안동,중상사고,0,1,0,0,차대차 - 측면충돌,안전운전불이행,건조,맑음,교차로 - 교차로안,원동기,남,65세,상해없음,원동기,남,35세,중상
2022011600100308,2022년 1월 16일 19시,일요일,경상남도 김해시 외동,경상사고,0,0,1,0,차대차 - 측면충돌,안전거리미확보,건조,맑음,기타 - 기타,승용,남,36세,상해없음,이륜,남,33세,경상
2022011600100337,2022년 1월 16일 21시,일요일,경상남도 김해시 대동면,경상사고,0,0,1,0,차대차 - 측면충돌,안전거리미확보,건조,맑음,단일로 - 기타,화물,남,48세,상해없음,승용,남,22세,경상
2022011600100347,2022년 1월 16일 21시,일요일,경상남도 양산시 동면,중상사고,0,1,1,0,차대차 - 기타,신호위반,건조,맑음,교차로 - 교차로안,승용,남,67세,기타불명,승용,남,31세,경상
2022011600100367,2022년 1월 16일 22시,일요일,경상남도 김해시 어방동,사망사고,1,0,1,0,차대차 - 측면충돌,신호위반,건조,맑음,교차로 - 교차로안,이륜,남,39세,사망,승용,남,25세,경상
2022011600100380,2022년 1월 16일 23시,일요일,경상남도 김해시 봉황동,경상사고,0,0,1,0,차대차 - 측면충돌,안전운전불이행,건조,맑음,교차로 - 교차로안,화물,남,46세,상해없음,승용,남,29세,경상
2022011700100007,2022년 1월 17일 02시,월요일,경상남도 김해시 대청동,중상사고,0,2,0,1,차량단독 - 공작물충돌,안전운전불이행,건조,맑음,단일로 - 터널,승용,남,19세,부상신고,,,,
2022011700100014,2022년 1월 17일 04시,월요일,경상남도 사천시 동동,경상사고,0,0,2,0,차대차 - 기타,교차로운행방법위반,건조,맑음,교차로 - 교차로안,화물,남,71세,상해없음,이륜,남,67세,경상
2022011700100080,2022년 1월 17일 08시,월요일,경상남도 사천시 사남면,경상사고,0,0,1,0,차량단독 - 기타,안전운전불이행,서리/결빙,맑음,단일로 - 기타,승용,남,30세,경상,,,,
2022011700100081,2022년 1월 17일 08시,월요일,경상남도 밀양시 무안면,중상사고,0,1,1,0,차대차 - 측면충돌,안전운전불이행,건조,맑음,교차로 - 교차로안,승용,여,33세,중상,승용,여,55세,경상
2022011700100082,2022년 1월 17일 08시,월요일,경상남도 창원시 의창구 봉곡동,경상사고,0,0,1,0,차대차 - 측면충돌,안전운전불이행,건조,맑음,교차로 - 교차로안,승용,여,27세,상해없음,승용,여,58세,경상
2022011700100107,2022년 1월 17일 09시,월요일,경상남도 창원시 진해구 장천동,경상사고,0,0,2,0,차대차 - 측면충돌,신호위반,건조,맑음,교차로 - 교차로부근,승용,남,61세,상해없음,특수,남,58세,상해없음
2022011700100108,2022년 1월 17일 09시,월요일,경상남도 창녕군 창녕읍,경상사고,0,0,1,0,차대차 - 추돌,안전운전불이행,건조,맑음,기타 - 기타,화물,남,51세,기타불명,건설기계,남,60세,경상
2022011700100129,2022년 1월 17일 10시,월요일,경상남도 함안군 칠북면,중상사고,0,1,0,0,차량단독 - 전도전복 - 전도,안전운전불이행,건조,맑음,교차로 - 교차로부근,농기계,남,79세,중상,,,,
2022011700100130,2022년 1월 17일 10시,월요일,경상남도 창원시 의창구 팔용동,경상사고,0,0,1,0,차대차 - 추돌,안전운전불이행,건조,맑음,교차로 - 교차로부근,승용,남,69세,상해없음,승합,남,46세,경상
2022011700100174,2022년 1월 17일 12시,월요일,경상남도 밀양시 무안면,중상사고,0,1,0,0,차대차 - 측면충돌,안전운전불이행,건조,맑음,교차로 - 교차로안,승용,남,28세,상해없음,이륜,남,79세,중상
2022011700100175,2022년 1월 17일 12시,월요일,경상남도 창원시 의창구 소계동,경상사고,0,0,1,0,차대차 - 측면충돌,안전운전불이행,건조,맑음,단일로 - 기타,화물,남,66세,상해없음,승용,여,27세,경상
2022011700100201,2022년 1월 17일 13시,월요일,경상남도 통영시 무전동,경상사고,0,0,3,0,차대차 - 추돌,안전운전불이행,건조,맑음,교차로 - 교차로부근,승용,여,62세,경상,화물,남,40세,상해없음
2022011700100202,2022년 1월 17일 13시,월요일,경상남도 합천군 용주면,중상사고,0,2,0,0,차대차 - 측면충돌,교차로운행방법위반,건조,맑음,교차로 - 교차로안,건설기계,남,52세,중상,건설기계,남,36세,중상
2022011700100237,2022년 1월 17일 14시,월요일,경상남도 진주시 충무공동,경상사고,0,0,1,0,차대차 - 측면충돌,신호위반,건조,맑음,교차로 - 교차로안,이륜,남,55세,경상,승용,남,49세,상해없음
2022011700100238,2022년 1월 17일 14시,월요일,경상남도 거창군 남상면,중상사고,0,1,0,0,차대차 - 측면충돌,신호위반,건조,맑음,교차로 - 교차로안,승용,남,48세,상해없음,이륜,남,64세,중상
2022011700100289,2022년 1월 17일 15시,월요일,경상남도 사천시 사천읍,경상사고,0,0,1,0,차대사람 - 기타,안전운전불이행,건조,맑음,기타 - 기타,승용,남,19세,상해없음,보행자,남,22세,경상
2022011700100290,2022년 1월 17일 15시,월요일,경상남도 김해시 내덕동,경상사고,0,0,2,0,차대차 - 추돌,안전운전불이행,건조,맑음,교차로 - 교차로안,승용,남,59세,상해없음,승용,여,41세,경상
2022011700100314,2022년 1월 17일 16시,월요일,경상남도 통영시 광도면,경상사고,0,0,1,0,차대사람 - 횡단중,보행자보호의무위반,건조,맑음,단일로 - 기타,승용,남,63세,상해없음,보행자,여,21세,경상
2022011700100315,2022년 1월 17일 16시,월요일,경상남도 양산시 동면,중상사고,0,1,0,0,차대차 - 측면충돌,안전운전불이행,건조,맑음,교차로 - 교차로안,승용,여,59세,상해없음,화물,남,42세,중상
2022011700100316,2022년 1월 17일 16시,월요일,경상남도 창원시 의창구 도계동,중상사고,0,1,0,0,차대차 - 측면충돌,안전운전불이행,건조,맑음,단일로 - 기타,승용,남,27세,상해없음,승용,남,64세,중상
2022011700100343,2022년 1월 17일 17시,월요일,경상남도 양산시 물금읍,경상사고,0,0,1,0,차대차 - 측면충돌,안전운전불이행,건조,맑음,단일로 - 기타,승용,남,44세,상해없음,이륜,남,39세,경상
2022011700100344,2022년 1월 17일 17시,월요일,경상남도 양산시 남부동,경상사고,0,0,1,0,차대차 - 추돌,안전운전불이행,건조,맑음,교차로 - 교차로부근,승합,남,57세,상해없음,승합,남,52세,경상
2022011700100345,2022년 1월 17일 17시,월요일,경상남도 거제시 사등면,경상사고,0,0,1,0,차대차 - 기타,중앙선침범,건조,맑음,단일로 - 기타,승용,남,58세,상해없음,이륜,남,41세,경상
2022011700100421,2022년 1월 17일 19시,월요일,경상남도 통영시 광도면,중상사고,0,1,0,0,차대사람 - 기타,안전운전불이행,건조,맑음,단일로 - 기타,승용,여,55세,상해없음,보행자,여,56세,중상
2022011700100449,2022년 1월 17일 20시,월요일,경상남도 창원시 의창구 팔용동,경상사고,0,0,1,0,차대사람 - 횡단중,보행자보호의무위반,건조,맑음,교차로 - 교차로안,승용,남,61세,상해없음,보행자,여,55세,경상
2022011700100473,2022년 1월 17일 21시,월요일,경상남도 창원시 마산합포구 중앙동1가,중상사고,0,1,1,0,차대차 - 측면충돌,안전운전불이행,건조,맑음,단일로 - 기타,이륜,남,40세,중상,승용,여,48세,경상
2022011700100474,2022년 1월 17일 21시,월요일,경상남도 김해시 부원동,경상사고,0,0,1,0,차대차 - 측면충돌,신호위반,건조,맑음,교차로 - 교차로안,승용,남,56세,상해없음,승용,남,63세,경상
2022011700100475,2022년 1월 17일 21시,월요일,경상남도 창원시 성산구 중앙동,경상사고,0,0,1,0,차대사람 - 차도통행중,안전운전불이행,건조,맑음,단일로 - 기타,승용,남,43세,상해없음,보행자,남,28세,경상
2022011700100505,2022년 1월 17일 22시,월요일,경상남도 창원시 진해구 석동,중상사고,0,1,0,0,차대사람 - 차도통행중,안전운전불이행,건조,맑음,교차로 - 교차로안,승합,남,80세,상해없음,보행자,남,72세,중상
2022011800100007,2022년 1월 18일 01시,화요일,경상남도 김해시 응달동,경상사고,0,0,1,0,차량단독 - 기타,안전운전불이행,건조,맑음,단일로 - 기타,승용,남,28세,경상,,,,
2022011800100058,2022년 1월 18일 07시,화요일,경상남도 김해시 생림면,경상사고,0,0,1,0,차대차 - 후진중충돌,안전운전불이행,건조,맑음,교차로 - 교차로안,건설기계,남,56세,상해없음,승용,남,39세,경상
2022011800100059,2022년 1월 18일 07시,화요일,경상남도 창녕군 창녕읍,중상사고,0,2,0,0,차대차 - 기타,안전운전불이행,건조,맑음,기타 - 기타,승용,남,68세,상해없음,화물,남,61세,중상
2022011800100101,2022년 1월 18일 08시,화요일,경상남도 양산시 명동,중상사고,0,1,0,0,차대차 - 측면충돌,안전운전불이행,건조,맑음,단일로 - 기타,화물,남,53세,상해없음,개인형이동수단(PM),남,39세,중상
2022011800100102,2022년 1월 18일 08시,화요일,경상남도 양산시 동면,경상사고,0,0,1,0,차대차 - 측면충돌,안전운전불이행,건조,맑음,단일로 - 기타,승용,남,66세,상해없음,승용,남,57세,경상
2022011800100148,2022년 1월 18일 10시,화요일,경상남도 창원시 진해구 석동,경상사고,0,0,3,0,차대차 - 추돌,안전거리미확보,건조,맑음,단일로 - 기타,화물,남,42세,상해없음,승용,여,41세,경상
2022011800100149,2022년 1월 18일 10시,화요일,경상남도 통영시 정량동,경상사고,0,0,1,0,차대차 - 추돌,직진우회전진행방해,건조,맑음,교차로 - 교차로안,승용,남,46세,상해없음,승용,남,67세,경상
2022011800100150,2022년 1월 18일 10시,화요일,경상남도 거창군 남상면,중상사고,0,1,0,0,차대사람 - 차도통행중,안전운전불이행,건조,맑음,단일로 - 교량,화물,남,53세,상해없음,보행자,여,83세,중상
2022011800100260,2022년 1월 18일 13시,화요일,경상남도 창원시 진해구 북부동,경상사고,0,0,1,0,차대사람 - 기타,교차로운행방법위반,건조,맑음,교차로 - 교차로안,승용,여,58세,상해없음,보행자,여,72세,경상
2022011800100261,2022년 1월 18일 13시,화요일,경상남도 산청군 시천면,부상신고사고,0,0,0,1,차대차 - 기타,교차로운행방법위반,건조,맑음,교차로 - 교차로안,승용,남,79세,부상신고,화물,남,48세,상해없음
2022011800100297,2022년 1월 18일 14시,화요일,경상남도 양산시 물금읍,경상사고,0,0,1,0,차대차 - 측면충돌,직진우회전진행방해,건조,맑음,교차로 - 교차로안,승용,남,32세,상해없음,이륜,남,39세,경상
2022011800100298,2022년 1월 18일 14시,화요일,경상남도 거제시 옥포동,경상사고,0,0,1,0,차대차 - 측면충돌,안전운전불이행,건조,맑음,교차로 - 교차로안,승용,여,62세,상해없음,이륜,남,68세,경상
2022011800100383,2022년 1월 18일 16시,화요일,경상남도 남해군 삼동면,중상사고,0,1,0,0,차대사람 - 차도통행중,안전운전불이행,건조,맑음,교차로 - 교차로안,화물,남,50세,상해없음,보행자,여,84세,중상
2022011800100422,2022년 1월 18일 17시,화요일,경상남도 진주시 평거동,중상사고,0,1,0,0,차대사람 - 차도통행중,안전운전불이행,건조,맑음,기타 - 기타,승용,여,43세,상해없음,보행자,여,61세,중상
2022011800100423,2022년 1월 18일 17시,화요일,경상남도 사천시 사천읍,경상사고,0,0,1,0,차대차 - 측면충돌,교차로운행방법위반,건조,맑음,교차로 - 교차로안,승용,여,31세,상해없음,개인형이동수단(PM),여,27세,경상
2022011800100476,2022년 1월 18일 18시,화요일,경상남도 김해시 어방동,경상사고,0,0,4,0,차대차 - 기타,신호위반,건조,맑음,교차로 - 교차로안,승합,남,67세,상해없음,화물,남,25세,경상
2022011800100477,2022년 1월 18일 18시,화요일,경상남도 김해시 지내동,중상사고,0,1,0,0,차대사람 - 횡단중,안전운전불이행,건조,맑음,단일로 - 기타,승용,남,50세,상해없음,보행자,남,68세,중상
2022011800100478,2022년 1월 18일 18시,화요일,경상남도 김해시 내동,경상사고,0,0,1,0,차대사람 - 차도통행중,안전운전불이행,건조,맑음,단일로 - 기타,승용,남,62세,상해없음,보행자,남,12세,경상
2022011800100479,2022년 1월 18일 18시,화요일,경상남도 창원시 의창구 명서동,중상사고,0,1,0,0,차대차 - 기타,신호위반,건조,맑음,교차로 - 교차로부근,이륜,남,17세,상해없음,자전거,남,68세,중상
2022011800100537,2022년 1월 18일 19시,화요일,경상남도 진주시 판문동,경상사고,0,0,1,0,차대차 - 추돌,안전운전불이행,건조,맑음,단일로 - 기타,화물,남,61세,상해없음,특수,남,50세,경상
2022011800100573,2022년 1월 18일 20시,화요일,경상남도 창원시 진해구 청안동,경상사고,0,0,2,0,차대차 - 정면충돌,중앙선침범,건조,맑음,교차로 - 교차로부근,승용,남,49세,상해없음,승합,남,44세,경상
2022011800100611,2022년 1월 18일 21시,화요일,경상남도 사천시 노룡동,경상사고,0,0,2,0,차대차 - 추돌,안전운전불이행,건조,맑음,교차로 - 교차로부근,승용,남,51세,상해없음,승용,남,63세,경상
2022011800100657,2022년 1월 18일 23시,화요일,경상남도 김해시 대청동,경상사고,0,0,1,0,차대차 - 측면충돌,신호위반,건조,맑음,교차로 - 교차로안,승용,여,30세,상해없음,승용,남,58세,경상
2022011900100025,2022년 1월 19일 05시,수요일,경상남도 하동군 진교면,부상신고사고,0,0,0,2,차대차 - 측면충돌,교차로운행방법위반,건조,맑음,교차로 - 교차로안,승용,남,67세,상해없음,승용,남,41세,부상신고
2022011900100045,2022년 1월 19일 06시,수요일,경상남도 김해시 구산동,경상사고,0,0,1,0,차대차 - 추돌,안전거리미확보,건조,맑음,교차로 - 교차로부근,건설기계,남,54세,상해없음,승용,여,39세,경상
2022011900100046,2022년 1월 19일 06시,수요일,경상남도 거제시 장평동,경상사고,0,0,2,0,차대차 - 정면충돌,중앙선침범,건조,맑음,교차로 - 교차로안,이륜,남,51세,경상,이륜,남,41세,경상
2022011900100064,2022년 1월 19일 07시,수요일,경상남도 함안군 함안면,중상사고,0,1,0,0,차대차 - 측면충돌,신호위반,건조,맑음,교차로 - 교차로안,자전거,여,77세,중상,승용,남,62세,상해없음
2022011900100091,2022년 1월 19일 08시,수요일,경상남도 창원시 성산구 성산동,경상사고,0,0,1,0,차대사람 - 기타,안전운전불이행,건조,맑음,단일로 - 기타,승용,여,41세,상해없음,보행자,남,28세,상해없음
2022011900100115,2022년 1월 19일 09시,수요일,경상남도 진주시 정촌면,중상사고,0,1,0,0,차대차 - 측면충돌,신호위반,건조,맑음,교차로 - 교차로안,승용,여,64세,상해없음,승용,남,52세,중상
2022011900100186,2022년 1월 19일 11시,수요일,경상남도 김해시 흥동,경상사고,0,0,1,0,차대차 - 추돌,안전운전불이행,건조,맑음,교차로 - 교차로안,화물,남,53세,상해없음,화물,남,51세,경상
2022011900100228,2022년 1월 19일 13시,수요일,경상남도 함양군 안의면,중상사고,0,1,0,0,차대차 - 기타,기타,건조,맑음,단일로 - 기타,승용,남,61세,상해없음,자전거,여,69세,중상
2022011900100229,2022년 1월 19일 13시,수요일,경상남도 창원시 마산합포구 산호동,경상사고,0,0,1,0,차대차 - 추돌,안전운전불이행,건조,맑음,교차로 - 교차로부근,화물,남,37세,상해없음,승용,여,41세,경상
2022011900100281,2022년 1월 19일 15시,수요일,경상남도 창원시 의창구 중동,경상사고,0,0,1,0,차대사람 - 횡단중,안전운전불이행,건조,맑음,단일로 - 기타,화물,남,70세,상해없음,보행자,여,61세,경상
2022011900100331,2022년 1월 19일 17시,수요일,경상남도 창원시 마산합포구 우산동,경상사고,0,0,1,0,차대차 - 측면충돌,안전운전불이행,건조,맑음,교차로 - 교차로안,화물,남,33세,상해없음,승용,남,41세,경상
2022011900100332,2022년 1월 19일 17시,수요일,경상남도 창녕군 대지면,중상사고,0,2,0,0,차대차 - 기타,직진우회전진행방해,건조,맑음,교차로 - 교차로안,승용,남,34세,기타불명,화물,남,63세,중상
2022011900100333,2022년 1월 19일 17시,수요일,경상남도 남해군 남해읍,중상사고,0,1,1,0,차대차 - 추돌,안전운전불이행,건조,맑음,교차로 - 교차로부근,승용,남,59세,상해없음,승용,남,61세,중상
2022011900100378,2022년 1월 19일 18시,수요일,경상남도 김해시 삼정동,경상사고,0,0,1,0,차대차 - 추돌,안전운전불이행,건조,맑음,단일로 - 기타,승용,남,46세,상해없음,승용,남,29세,경상
2022011900100379,2022년 1월 19일 18시,수요일,경상남도 거제시 옥포동,경상사고,0,0,1,0,차대차 - 추돌,안전거리미확보,건조,맑음,단일로 - 기타,승합,남,65세,상해없음,승용,남,24세,경상
2022011900100380,2022년 1월 19일 18시,수요일,경상남도 창원시 성산구 성주동,경상사고,0,0,1,0,차대차 - 측면충돌,안전거리미확보,건조,맑음,단일로 - 기타,승용,여,41세,상해없음,승용,남,66세,경상
2022011900100381,2022년 1월 19일 18시,수요일,경상남도 김해시 진영읍,경상사고,0,0,1,0,차대사람 - 차도통행중,안전운전불이행,건조,맑음,교차로 - 교차로부근,이륜,남,43세,상해없음,보행자,여,31세,경상
2022011900100404,2022년 1월 19일 19시,수요일,경상남도 창원시 마산회원구 회원동,부상신고사고,0,0,0,1,차대차 - 기타,안전운전불이행,건조,맑음,교차로 - 교차로부근,기타불명,기타불명,미분류,기타불명,원동기,남,29세,부상신고
2022011900100491,2022년 1월 19일 23시,수요일,경상남도 김해시 외동,경상사고,0,0,1,0,차대차 - 기타,안전운전불이행,건조,맑음,단일로 - 기타,기타불명,기타불명,미분류,기타불명,승용,남,39세,경상
2022012000100015,2022년 1월 20일 03시,목요일,경상남도 김해시 삼계동,경상사고,0,0,1,0,차량단독 - 공작물충돌,안전운전불이행,건조,맑음,단일로 - 기타,승용,남,28세,경상,,,,
2022012000100036,2022년 1월 20일 06시,목요일,경상남도 김해시 삼방동,경상사고,0,0,2,0,차대차 - 측면충돌,안전운전불이행,건조,맑음,교차로 - 교차로안,승용,남,67세,경상,승용,여,47세,경상
2022012000100047,2022년 1월 20일 07시,목요일,경상남도 창원시 마산합포구 진동면,경상사고,0,0,1,0,차대차 - 기타,안전운전불이행,건조,맑음,교차로 - 교차로안,승용,남,69세,상해없음,승용,남,58세,경상
2022012000100048,2022년 1월 20일 07시,목요일,경상남도 양산시 명동,경상사고,0,0,1,0,차대차 - 기타,신호위반,건조,맑음,교차로 - 교차로안,승용,남,53세,상해없음,승용,남,50세,경상
2022012000100049,2022년 1월 20일 07시,목요일,경상남도 김해시 내덕동,중상사고,0,2,0,0,차량단독 - 공작물충돌,안전운전불이행,건조,맑음,교차로 - 교차로부근,승용,남,60세,중상,,,,
2022012000100058,2022년 1월 20일 08시,목요일,경상남도 김해시 수가동,경상사고,0,0,1,0,차대차 - 추돌,안전거리미확보,건조,맑음,단일로 - 기타,승용,남,26세,경상,승용,남,63세,상해없음
2022012000100074,2022년 1월 20일 08시,목요일,경상남도 창원시 마산합포구 교원동,경상사고,0,0,1,0,차대차 - 측면충돌,안전운전불이행,건조,맑음,단일로 - 기타,승용,여,63세,상해없음,승용,여,38세,경상
2022012000100075,2022년 1월 20일 08시,목요일,경상남도 함양군 함양읍,중상사고,0,1,1,0,차대사람 - 차도통행중,안전운전불이행,건조,맑음,단일로 - 기타,화물,남,60세,상해없음,보행자,여,78세,중상
2022012000100099,2022년 1월 20일 09시,목요일,경상남도 양산시 북정동,경상사고,0,0,1,0,차대차 - 측면충돌,신호위반,건조,맑음,교차로 - 교차로안,화물,남,50세,상해없음,화물,남,47세,경상
2022012000100100,2022년 1월 20일 09시,목요일,경상남도 거제시 상동동,경상사고,0,0,1,0,차대차 - 기타,신호위반,건조,맑음,교차로 - 교차로안,승용,남,41세,상해없음,승용,남,44세,경상
2022012000100130,2022년 1월 20일 10시,목요일,경상남도 창녕군 창녕읍,경상사고,0,0,1,0,차대차 - 측면충돌,안전운전불이행,건조,맑음,단일로 - 기타,화물,남,51세,상해없음,승용,남,19세,경상
2022012000100162,2022년 1월 20일 11시,목요일,경상남도 밀양시 내이동,중상사고,0,1,0,0,차대차 - 기타,안전운전불이행,건조,맑음,단일로 - 기타,승용,남,65세,상해없음,자전거,여,68세,중상
2022012000100163,2022년 1월 20일 11시,목요일,경상남도 거창군 거창읍,경상사고,0,0,1,0,차대사람 - 기타,안전운전불이행,건조,맑음,단일로 - 기타,승용,남,47세,상해없음,보행자,남,41세,경상
2022012000100164,2022년 1월 20일 11시,목요일,경상남도 양산시 소주동,경상사고,0,0,1,0,차대차 - 측면충돌,교차로운행방법위반,건조,맑음,교차로 - 교차로안,승용,여,58세,상해없음,승용,남,60세,경상
2022012000100165,2022년 1월 20일 11시,목요일,경상남도 양산시 물금읍,중상사고,0,1,0,0,차대차 - 측면충돌,신호위반,건조,맑음,교차로 - 교차로안,건설기계,남,29세,상해없음,화물,남,42세,중상
2022012000100166,2022년 1월 20일 11시,목요일,경상남도 김해시 대청동,중상사고,0,1,0,0,차대차 - 측면충돌,안전운전불이행,건조,맑음,단일로 - 기타,건설기계,남,38세,상해없음,승용,남,38세,중상
2022012000100203,2022년 1월 20일 12시,목요일,경상남도 의령군 의령읍,경상사고,0,0,1,0,차대사람 - 횡단중,보행자보호의무위반,건조,맑음,교차로 - 교차로횡단보도내,화물,남,64세,상해없음,보행자,남,20세,경상
2022012000100228,2022년 1월 20일 13시,목요일,경상남도 양산시 명동,경상사고,0,0,1,0,차대차 - 측면충돌,차로위반,건조,맑음,교차로 - 교차로안,승용,여,52세,상해없음,화물,남,57세,경상
2022012000100252,2022년 1월 20일 14시,목요일,경상남도 함양군 유림면,중상사고,0,1,1,0,차대차 - 정면충돌,중앙선침범,건조,맑음,단일로 - 기타,승용,남,55세,상해없음,화물,남,53세,경상
2022012000100254,2022년 1월 20일 14시,목요일,경상남도 김해시 진례면,경상사고,0,0,1,0,차대차 - 측면충돌,교차로운행방법위반,건조,맑음,교차로 - 교차로안,건설기계,남,48세,상해없음,화물,남,28세,경상
2022012000100285,2022년 1월 20일 15시,목요일,경상남도 양산시 물금읍,경상사고,0,0,3,0,차대차 - 측면충돌,교차로운행방법위반,건조,맑음,교차로 - 교차로안,승용,여,48세,상해없음,승용,남,50세,경상