사고번호,사고일시,요일,시군구,사고내용,사망자수,중상자수,경상자수,부상신고자수,사고유형,법규위반,노면상태,기상상태,도로형태,가해운전자 차종,가해운전자 성별,가해운전자 연령,가해운전자 상해정도,피해운전자 차종,피해운전자 성별,피해운전자 연령,피해운전자 상해정도
2022012000100324,2022년 1월 20일 16시,목요일,경상남도 김해시 구산동,경상사고,0,0,3,0,차대차 - 추돌,안전운전불이행,건조,맑음,단일로 - 기타,화물,남,33세,상해없음,화물,남,44세,경상
2022012000100356,2022년 1월 20일 17시,목요일,경상남도 창원시 성산구 남양동,사망사고,1,0,0,0,차대차 - 측면충돌,신호위반,건조,맑음,교차로 - 교차로안,이륜,남,41세,사망,승용,남,32세,상해없음
2022012000100357,2022년 1월 20일 17시,목요일,경상남도 김해시 대청동,중상사고,0,1,0,0,차대차 - 측면충돌,안전거리미확보,건조,맑음,단일로 - 기타,승용,남,57세,상해없음,이륜,남,44세,중상
2022012000100412,2022년 1월 20일 18시,목요일,경상남도 창원시 진해구 풍호동,경상사고,0,0,2,0,차대차 - 후진중충돌,불법유턴,건조,맑음,단일로 - 기타,승용,여,28세,상해없음,승용,남,29세,경상
2022012000100413,2022년 1월 20일 18시,목요일,경상남도 양산시 물금읍,경상사고,0,0,1,0,차대차 - 측면충돌,신호위반,건조,맑음,교차로 - 교차로안,화물,남,28세,상해없음,승용,남,76세,경상
2022012000100414,2022년 1월 20일 18시,목요일,경상남도 창원시 의창구 북면,중상사고,0,1,2,0,차대차 - 측면충돌,신호위반,건조,맑음,교차로 - 교차로안,승용,여,69세,기타불명,승용,여,41세,중상
2022012000100464,2022년 1월 20일 19시,목요일,경상남도 진주시 평안동,경상사고,0,0,1,0,차대차 - 정면충돌,신호위반,건조,맑음,교차로 - 교차로안,이륜,남,30세,상해없음,자전거,여,56세,경상
2022012000100465,2022년 1월 20일 19시,목요일,경상남도 창원시 마산회원구 합성동,경상사고,0,0,1,0,차대차 - 측면충돌,안전운전불이행,건조,맑음,교차로 - 교차로안,승용,남,71세,상해없음,자전거,여,28세,경상
2022012000100531,2022년 1월 20일 21시,목요일,경상남도 창원시 진해구 자은동,중상사고,0,1,0,0,차대사람 - 길가장자리구역통행중,안전운전불이행,건조,맑음,교차로 - 교차로부근,승용,남,50세,상해없음,보행자,남,63세,중상
2022012000100532,2022년 1월 20일 21시,목요일,경상남도 통영시 광도면,중상사고,0,1,1,0,차대차 - 측면충돌,불법유턴,건조,맑음,교차로 - 교차로안,승용,남,74세,상해없음,승용,남,36세,중상
2022012000100533,2022년 1월 20일 21시,목요일,경상남도 김해시 삼계동,경상사고,0,0,1,0,차대차 - 추돌,안전운전불이행,건조,맑음,교차로 - 교차로부근,승용,남,54세,상해없음,승용,남,61세,경상
2022012000100534,2022년 1월 20일 21시,목요일,경상남도 창원시 마산회원구 구암동,중상사고,0,1,2,0,차대차 - 추돌,안전운전불이행,건조,맑음,단일로 - 기타,승용,남,53세,상해없음,승용,남,55세,중상
2022012000100588,2022년 1월 20일 23시,목요일,경상남도 창원시 의창구 서상동,경상사고,0,0,2,0,차대차 - 추돌,안전거리미확보,건조,맑음,교차로 - 교차로부근,승용,여,31세,상해없음,승용,남,59세,경상
2022012100100075,2022년 1월 21일 07시,금요일,경상남도 창원시 의창구 봉곡동,경상사고,0,0,1,0,차대차 - 측면충돌,차로위반,건조,맑음,단일로 - 기타,승용,여,35세,상해없음,화물,남,39세,경상
2022012100100121,2022년 1월 21일 08시,금요일,경상남도 창원시 성산구 신촌동,경상사고,0,0,1,0,차대사람 - 기타,안전운전불이행,건조,맑음,단일로 - 기타,화물,남,39세,상해없음,보행자,여,33세,경상
2022012100100153,2022년 1월 21일 09시,금요일,경상남도 양산시 상북면,중상사고,0,1,1,0,차대차 - 측면충돌,교차로운행방법위반,건조,맑음,교차로 - 교차로안,승용,여,59세,경상,화물,남,68세,중상
2022012100100154,2022년 1월 21일 09시,금요일,경상남도 창원시 의창구 도계동,경상사고,0,0,1,0,차대사람 - 횡단중,안전운전불이행,건조,맑음,단일로 - 기타,승용,여,49세,상해없음,보행자,남,6세,경상
2022012100100185,2022년 1월 21일 10시,금요일,경상남도 창원시 진해구 경화동,경상사고,0,0,1,0,차대사람 - 기타,안전운전불이행,건조,맑음,교차로 - 교차로안,승용,여,65세,상해없음,보행자,여,71세,경상
2022012100100186,2022년 1월 21일 10시,금요일,경상남도 창원시 의창구 팔용동,경상사고,0,0,1,0,차대차 - 측면충돌,신호위반,건조,맑음,교차로 - 교차로안,승용,여,29세,상해없음,승용,여,60세,경상
2022012100100187,2022년 1월 21일 10시,금요일,경상남도 창원시 의창구 도계동,중상사고,0,1,0,0,차대차 - 측면충돌,안전운전불이행,건조,맑음,교차로 - 교차로안,승용,남,27세,상해없음,승용,여,50세,중상
2022012100100188,2022년 1월 21일 10시,금요일,경상남도 김해시 주촌면,경상사고,0,0,1,0,차대차 - 측면충돌,안전운전불이행,건조,맑음,교차로 - 교차로안,건설기계,남,51세,상해없음,화물,남,35세,경상
2022012100100273,2022년 1월 21일 12시,금요일,경상남도 사천시 벌리동,중상사고,0,1,0,0,차대사람 - 횡단중,안전운전불이행,건조,맑음,단일로 - 기타,승용,남,72세,상해없음,보행자,여,21세,중상
2022012100100309,2022년 1월 21일 13시,금요일,경상남도 통영시 무전동,중상사고,0,1,0,0,차대차 - 추돌,안전거리미확보,건조,맑음,단일로 - 기타,특수,남,39세,상해없음,승용,여,47세,중상
2022012100100310,2022년 1월 21일 13시,금요일,경상남도 김해시 삼정동,경상사고,0,0,1,0,차대차 - 측면충돌,안전운전불이행,건조,맑음,교차로 - 교차로안,승용,남,57세,상해없음,승용,여,49세,경상
2022012100100336,2022년 1월 21일 14시,금요일,경상남도 밀양시 삼문동,중상사고,0,1,1,0,차대사람 - 횡단중,보행자보호의무위반,건조,맑음,교차로 - 교차로횡단보도내,승용,남,69세,상해없음,보행자,남,49세,경상
2022012100100337,2022년 1월 21일 14시,금요일,경상남도 양산시 남부동,경상사고,0,0,1,1,차대차 - 추돌,안전거리미확보,건조,맑음,단일로 - 터널,승용,남,36세,상해없음,승용,남,32세,경상
2022012100100338,2022년 1월 21일 14시,금요일,경상남도 창원시 마산합포구 산호동,중상사고,0,1,0,0,차량단독 - 기타,안전운전불이행,건조,맑음,단일로 - 기타,승합,남,61세,상해없음,,,,
2022012100100375,2022년 1월 21일 15시,금요일,경상남도 창원시 진해구 마천동,경상사고,0,0,2,0,차대차 - 추돌,안전운전불이행,건조,맑음,단일로 - 터널,화물,남,37세,상해없음,화물,남,30세,경상
2022012100100376,2022년 1월 21일 15시,금요일,경상남도 창원시 진해구 용원동,경상사고,0,0,1,0,차대차 - 측면충돌,직진우회전진행방해,건조,맑음,교차로 - 교차로안,특수,남,69세,상해없음,특수,남,48세,경상
2022012100100430,2022년 1월 21일 16시,금요일,경상남도 김해시 대동면,중상사고,0,1,2,0,차대차 - 추돌,안전운전불이행,건조,맑음,기타 - 기타,화물,남,44세,상해없음,화물,남,55세,상해없음
2022012100100431,2022년 1월 21일 16시,금요일,경상남도 하동군 진교면,중상사고,0,1,0,0,차대사람 - 기타,안전운전불이행,건조,맑음,단일로 - 기타,화물,여,53세,상해없음,보행자,남,61세,중상
2022012100100474,2022년 1월 21일 17시,금요일,경상남도 거제시 둔덕면,중상사고,0,1,0,0,차대차 - 정면충돌,기타,건조,맑음,기타 - 기타,자전거,남,66세,중상,화물,남,19세,상해없음
2022012100100532,2022년 1월 21일 18시,금요일,경상남도 창원시 마산합포구 우산동,경상사고,0,0,1,0,차대차 - 추돌,안전거리미확보,건조,맑음,교차로 - 교차로부근,이륜,남,33세,상해없음,승용,남,49세,경상
2022012100100533,2022년 1월 21일 18시,금요일,경상남도 하동군 고전면,경상사고,0,0,1,0,차대차 - 측면충돌,안전운전불이행,건조,기타,교차로 - 교차로부근,승용,남,45세,상해없음,승용,여,27세,경상
2022012100100592,2022년 1월 21일 19시,금요일,경상남도 산청군 단성면,경상사고,0,0,3,0,차대차 - 측면충돌,안전운전불이행,건조,맑음,교차로 - 교차로안,승용,여,40세,경상,승용,남,45세,경상
2022012100100593,2022년 1월 21일 19시,금요일,경상남도 창원시 마산회원구 내서읍,경상사고,0,0,1,0,차대차 - 정면충돌,중앙선침범,건조,맑음,단일로 - 기타,승용,여,40세,상해없음,원동기,남,19세,경상
2022012100100627,2022년 1월 21일 20시,금요일,경상남도 김해시 삼계동,경상사고,0,0,1,0,차대사람 - 길가장자리구역통행중,안전운전불이행,건조,맑음,단일로 - 기타,승용,남,48세,상해없음,보행자,남,28세,경상
2022012100100628,2022년 1월 21일 20시,금요일,경상남도 김해시 무계동,경상사고,0,0,1,0,차대차 - 기타,안전운전불이행,건조,맑음,단일로 - 기타,이륜,남,34세,상해없음,이륜,남,28세,경상
2022012100100677,2022년 1월 21일 21시,금요일,경상남도 양산시 동면,경상사고,0,0,1,0,차대사람 - 기타,안전운전불이행,건조,맑음,교차로 - 교차로안,승용,남,62세,상해없음,보행자,남,54세,경상
2022012100100678,2022년 1월 21일 21시,금요일,경상남도 김해시 진영읍,중상사고,0,1,0,0,차대차 - 측면충돌,차로위반,건조,맑음,교차로 - 교차로안,승용,남,48세,상해없음,이륜,남,41세,중상
2022012100100708,2022년 1월 21일 22시,금요일,경상남도 김해시 내동,경상사고,0,0,2,0,차대차 - 기타,신호위반,건조,맑음,교차로 - 교차로안,승용,여,51세,경상,승용,여,27세,경상
2022012200100038,2022년 1월 22일 06시,토요일,경상남도 창녕군 대합면,중상사고,0,1,1,0,차대차 - 기타,안전운전불이행,건조,맑음,단일로 - 기타,이륜,여,63세,중상,화물,남,66세,경상
2022012200100063,2022년 1월 22일 08시,토요일,경상남도 함안군 칠원읍,경상사고,0,0,4,0,차대차 - 측면충돌,교차로운행방법위반,건조,맑음,교차로 - 교차로안,화물,남,62세,상해없음,승용,남,29세,경상
2022012200100081,2022년 1월 22일 09시,토요일,경상남도 진주시 상대동,중상사고,0,1,0,0,차대사람 - 횡단중,안전운전불이행,건조,맑음,단일로 - 기타,화물,남,68세,상해없음,보행자,남,79세,중상
2022012200100110,2022년 1월 22일 10시,토요일,경상남도 창원시 마산합포구 완월동,경상사고,0,0,4,0,차대차 - 측면충돌,안전운전불이행,건조,맑음,교차로 - 교차로안,승용,여,45세,상해없음,승용,남,56세,경상
2022012200100111,2022년 1월 22일 10시,토요일,경상남도 산청군 시천면,경상사고,0,0,1,0,차대차 - 측면충돌,중앙선침범,건조,맑음,단일로 - 기타,화물,남,60세,상해없음,화물,남,52세,경상
2022012200100112,2022년 1월 22일 10시,토요일,경상남도 함안군 함안면,중상사고,0,2,0,0,차대차 - 추돌,안전거리미확보,건조,맑음,교차로 - 교차로부근,화물,남,42세,상해없음,승용,남,61세,중상
2022012200100113,2022년 1월 22일 10시,토요일,경상남도 함안군 가야읍,경상사고,0,0,2,0,차대차 - 측면충돌,안전운전불이행,건조,맑음,단일로 - 기타,승용,남,67세,상해없음,승용,남,48세,경상
2022012200100147,2022년 1월 22일 11시,토요일,경상남도 밀양시 상동면,경상사고,0,0,1,0,차대차 - 측면충돌,중앙선침범,건조,맑음,교차로 - 교차로안,화물,남,63세,상해없음,승용,남,36세,경상
2022012200100148,2022년 1월 22일 11시,토요일,경상남도 김해시 생림면,경상사고,0,0,1,0,차대차 - 측면충돌,안전거리미확보,건조,맑음,단일로 - 기타,건설기계,남,49세,상해없음,이륜,남,40세,경상
2022012200100166,2022년 1월 22일 12시,토요일,경상남도 김해시 대동면,경상사고,0,0,3,0,차대차 - 기타,안전운전불이행,건조,맑음,단일로 - 기타,화물,남,52세,상해없음,승용,남,32세,상해없음
2022012200100178,2022년 1월 22일 12시,토요일,경상남도 밀양시 상남면,경상사고,0,0,2,0,차대차 - 추돌,안전운전불이행,건조,맑음,단일로 - 기타,승용,남,30세,상해없음,화물,남,55세,경상
2022012200100179,2022년 1월 22일 12시,토요일,경상남도 양산시 명동,부상신고사고,0,0,0,1,차대차 - 측면충돌,안전운전불이행,건조,맑음,교차로 - 교차로안,이륜,남,35세,부상신고,화물,남,33세,상해없음
2022012200100223,2022년 1월 22일 13시,토요일,경상남도 함양군 수동면,경상사고,0,0,2,0,차대차 - 추돌,안전운전불이행,건조,맑음,단일로 - 기타,화물,남,22세,상해없음,승용,남,60세,경상
2022012200100224,2022년 1월 22일 13시,토요일,경상남도 창원시 성산구 가음정동,중상사고,0,1,0,0,차대차 - 측면충돌,안전운전불이행,건조,맑음,단일로 - 기타,승용,남,23세,상해없음,화물,남,65세,중상
2022012200100249,2022년 1월 22일 14시,토요일,경상남도 사천시 대방동,경상사고,0,0,1,0,차대차 - 측면충돌,중앙선침범,건조,맑음,단일로 - 기타,승용,남,79세,상해없음,승용,여,20세,경상
2022012200100250,2022년 1월 22일 14시,토요일,경상남도 거제시 상동동,경상사고,0,0,1,0,차대사람 - 횡단중,신호위반,건조,맑음,교차로 - 교차로횡단보도내,승용,남,53세,상해없음,보행자,남,37세,경상
2022012200100281,2022년 1월 22일 15시,토요일,경상남도 밀양시 하남읍,중상사고,0,1,0,0,차대차 - 정면충돌,안전운전불이행,건조,맑음,교차로 - 교차로안,승용,여,51세,상해없음,이륜,남,52세,중상
2022012200100282,2022년 1월 22일 15시,토요일,경상남도 김해시 외동,경상사고,0,0,2,0,차대차 - 측면충돌,안전운전불이행,건조,맑음,교차로 - 교차로안,화물,남,70세,상해없음,승용,여,51세,경상
2022012200100283,2022년 1월 22일 15시,토요일,경상남도 창녕군 창녕읍,중상사고,0,1,0,0,차대차 - 기타,직진우회전진행방해,건조,맑음,교차로 - 교차로안,승용,남,69세,상해없음,이륜,남,80세,중상
2022012200100284,2022년 1월 22일 15시,토요일,경상남도 양산시 북부동,경상사고,0,0,1,0,차대차 - 기타,안전운전불이행,건조,맑음,교차로 - 교차로안,승용,여,51세,기타불명,승용,여,68세,경상
2022012200100313,2022년 1월 22일 16시,토요일,경상남도 김해시 외동,중상사고,0,1,0,0,차대차 - 기타,안전운전불이행,건조,맑음,교차로 - 교차로안,이륜,남,34세,중상,승용,남,33세,상해없음
2022012200100373,2022년 1월 22일 18시,토요일,경상남도 진주시 문산읍,경상사고,0,0,1,0,차대차 - 정면충돌,안전운전불이행,건조,맑음,교차로 - 교차로안,승용,여,21세,상해없음,승용,남,49세,경상
2022012200100374,2022년 1월 22일 18시,토요일,경상남도 양산시 삼호동,부상신고사고,0,0,0,1,차대차 - 측면충돌,안전운전불이행,건조,맑음,단일로 - 기타,승용,여,39세,상해없음,자전거,남,33세,부상신고
2022012200100375,2022년 1월 22일 18시,토요일,경상남도 양산시 삼호동,부상신고사고,0,0,0,1,차대차 - 측면충돌,안전운전불이행,건조,맑음,교차로 - 교차로안,승용,남,80세,상해없음,이륜,남,20세,부상신고
2022012200100376,2022년 1월 22일 18시,토요일,경상남도 창원시 성산구 남산동,중상사고,0,1,0,0,차대차 - 측면충돌,신호위반,건조,맑음,교차로 - 교차로안,승용,남,31세,상해없음,이륜,남,44세,중상
2022012200100406,2022년 1월 22일 19시,토요일,경상남도 통영시 정량동,경상사고,0,0,1,0,차대차 - 추돌,안전운전불이행,건조,맑음,단일로 - 기타,승용,남,34세,기타불명,이륜,여,57세,경상
2022012200100407,2022년 1월 22일 19시,토요일,경상남도 양산시 북부동,경상사고,0,0,2,0,차대차 - 기타,안전운전불이행,건조,맑음,단일로 - 기타,승용,여,47세,상해없음,승합,남,52세,경상
2022012200100408,2022년 1월 22일 19시,토요일,경상남도 거제시 고현동,경상사고,0,0,1,0,차대차 - 기타,안전운전불이행,건조,맑음,단일로 - 기타,승용,남,46세,상해없음,승합,남,52세,경상
2022012200100477,2022년 1월 22일 21시,토요일,경상남도 통영시 광도면,경상사고,0,0,1,0,차량단독 - 공작물충돌,안전운전불이행,건조,맑음,단일로 - 기타,승용,여,41세,기타불명,,,,
2022012300100025,2022년 1월 23일 05시,일요일,경상남도 창원시 마산회원구 구암동,중상사고,0,1,0,0,차대차 - 정면충돌,신호위반,건조,맑음,교차로 - 교차로안,승용,남,62세,상해없음,승용,여,36세,중상
2022012300100035,2022년 1월 23일 07시,일요일,경상남도 창원시 성산구 성산동,경상사고,0,0,1,0,차대차 - 측면충돌,안전운전불이행,건조,맑음,교차로 - 교차로안,화물,남,51세,상해없음,화물,남,46세,경상
2022012300100069,2022년 1월 23일 11시,일요일,경상남도 의령군 의령읍,중상사고,0,1,0,0,차대차 - 측면충돌,중앙선침범,건조,맑음,교차로 - 교차로안,승용,남,72세,기타불명,승용,여,68세,중상
2022012300100094,2022년 1월 23일 12시,일요일,경상남도 창원시 진해구 용원동,경상사고,0,0,1,0,차대차 - 추돌,안전운전불이행,건조,맑음,단일로 - 기타,이륜,남,26세,경상,승합,남,53세,상해없음
2022012300100095,2022년 1월 23일 12시,일요일,경상남도 김해시 어방동,경상사고,0,0,1,0,차대차 - 기타,안전운전불이행,건조,맑음,교차로 - 교차로안,승용,남,60세,상해없음,이륜,남,31세,경상
2022012300100129,2022년 1월 23일 13시,일요일,경상남도 밀양시 내이동,중상사고,0,1,0,0,차량단독 - 전도전복 - 전도,안전운전불이행,건조,맑음,교차로 - 교차로안,이륜,여,65세,중상,,,,
2022012300100160,2022년 1월 23일 14시,일요일,경상남도 김해시 구산동,경상사고,0,0,1,0,차대차 - 기타,중앙선침범,건조,맑음,단일로 - 기타,승용,남,52세,상해없음,승용,남,51세,경상
2022012300100191,2022년 1월 23일 15시,일요일,경상남도 창원시 진해구 석동,경상사고,0,0,4,0,차대차 - 측면충돌,교차로운행방법위반,건조,맑음,교차로 - 교차로안,승용,남,51세,경상,승용,남,34세,경상
2022012300100219,2022년 1월 23일 16시,일요일,경상남도 밀양시 하남읍,경상사고,0,0,1,0,차대사람 - 횡단중,안전운전불이행,건조,맑음,단일로 - 기타,화물,남,74세,상해없음,보행자,남,49세,경상
2022012300100220,2022년 1월 23일 16시,일요일,경상남도 양산시 신기동,중상사고,0,1,0,0,차대차 - 추돌,안전운전불이행,건조,맑음,기타 - 기타,승용,여,31세,상해없음,승용,여,46세,중상
2022012300100269,2022년 1월 23일 18시,일요일,경상남도 창원시 마산합포구 동성동,중상사고,0,1,0,0,차대차 - 측면충돌,안전운전불이행,건조,맑음,단일로 - 기타,승용,남,65세,상해없음,원동기,남,41세,중상
2022012300100270,2022년 1월 23일 18시,일요일,경상남도 창원시 진해구 풍호동,경상사고,0,0,1,0,차대사람 - 차도통행중,안전운전불이행,건조,맑음,교차로 - 교차로안,승용,남,30세,상해없음,보행자,여,63세,경상
2022012300100313,2022년 1월 23일 19시,일요일,경상남도 진주시 가좌동,중상사고,0,2,0,0,차대차 - 기타,교차로운행방법위반,건조,맑음,교차로 - 교차로안,승용,남,26세,상해없음,승용,여,66세,중상
2022012300100344,2022년 1월 23일 20시,일요일,경상남도 밀양시 하남읍,경상사고,0,0,1,0,차대사람 - 길가장자리구역통행중,안전운전불이행,건조,맑음,단일로 - 기타,승용,남,54세,상해없음,보행자,여,13세,경상
2022012300100412,2022년 1월 23일 23시,일요일,경상남도 창원시 마산합포구 가포동,경상사고,0,0,4,0,차대차 - 측면충돌,안전운전불이행,건조,맑음,단일로 - 기타,승용,남,22세,경상,화물,남,44세,상해없음
2022012400100039,2022년 1월 24일 06시,월요일,경상남도 김해시 대동면,중상사고,0,1,0,0,차대사람 - 기타,안전운전불이행,건조,맑음,단일로 - 기타,승용,남,62세,상해없음,보행자,여,66세,중상
2022012400100040,2022년 1월 24일 06시,월요일,경상남도 창원시 성산구 완암동,경상사고,0,0,1,0,차대차 - 기타,안전운전불이행,건조,맑음,단일로 - 기타,승용,여,28세,상해없음,승용,여,58세,경상
2022012400100061,2022년 1월 24일 07시,월요일,경상남도 창원시 마산회원구 양덕동,경상사고,0,0,1,0,차대사람 - 차도통행중,안전운전불이행,건조,맑음,단일로 - 기타,승용,남,39세,상해없음,보행자,여,55세,경상
2022012400100093,2022년 1월 24일 08시,월요일,경상남도 창원시 마산합포구 가포동,경상사고,0,0,1,0,차대차 - 측면충돌,안전거리미확보,건조,맑음,단일로 - 교량,특수,남,47세,상해없음,승용,남,43세,경상
2022012400100094,2022년 1월 24일 08시,월요일,경상남도 사천시 향촌동,중상사고,0,1,0,0,차대차 - 기타,직진우회전진행방해,건조,맑음,교차로 - 교차로안,화물,남,59세,상해없음,원동기,여,64세,중상
2022012400100139,2022년 1월 24일 09시,월요일,경상남도 합천군 봉산면,중상사고,0,1,0,0,차량단독 - 도로외이탈 - 기타,안전운전불이행,건조,맑음,단일로 - 기타,화물,여,60세,중상,,,,
2022012400100167,2022년 1월 24일 10시,월요일,경상남도 거제시 사등면,경상사고,0,0,2,0,차대차 - 기타,안전운전불이행,건조,맑음,단일로 - 기타,승용,남,49세,상해없음,승용,여,64세,경상
2022012400100169,2022년 1월 24일 10시,월요일,경상남도 창원시 성산구 외동,경상사고,0,0,1,0,차대사람 - 기타,교차로운행방법위반,건조,맑음,단일로 - 기타,승용,남,51세,상해없음,보행자,남,10세,경상
2022012400100199,2022년 1월 24일 11시,월요일,경상남도 김해시 외동,경상사고,0,0,1,0,차대차 - 기타,안전운전불이행,건조,맑음,교차로 - 교차로안,이륜,남,54세,경상,화물,남,59세,상해없음
2022012400100200,2022년 1월 24일 11시,월요일,경상남도 고성군 동해면,사망사고,1,0,0,0,차대차 - 측면충돌,중앙선침범,건조,맑음,단일로 - 기타,특수,남,56세,상해없음,승용,여,76세,사망
2022012400100242,2022년 1월 24일 12시,월요일,경상남도 창원시 마산합포구 진북면,경상사고,0,0,1,0,차대차 - 추돌,안전거리미확보,건조,맑음,교차로 - 교차로부근,승용,남,64세,상해없음,승용,여,28세,경상
2022012400100303,2022년 1월 24일 14시,월요일,경상남도 사천시 동금동,경상사고,0,0,1,0,차대사람 - 기타,기타,건조,맑음,단일로 - 기타,승용,남,59세,상해없음,보행자,여,78세,경상
2022012400100304,2022년 1월 24일 14시,월요일,경상남도 창원시 의창구 동읍,경상사고,0,0,1,0,차대차 - 측면충돌,안전운전불이행,건조,맑음,단일로 - 기타,승용,여,59세,상해없음,화물,남,59세,경상
2022012400100345,2022년 1월 24일 16시,월요일,경상남도 진주시 초전동,중상사고,0,1,0,0,차대차 - 측면충돌,안전운전불이행,건조,맑음,교차로 - 교차로안,승용,남,55세,상해없음,이륜,남,33세,중상
2022012400100346,2022년 1월 24일 16시,월요일,경상남도 통영시 봉평동,경상사고,0,0,1,0,차대사람 - 기타,안전운전불이행,건조,맑음,기타 - 기타,승용,남,60세,상해없음,보행자,여,79세,경상
2022012400100347,2022년 1월 24일 16시,월요일,경상남도 창원시 성산구 성주동,경상사고,0,0,1,0,차대차 - 측면충돌,교차로운행방법위반,건조,맑음,교차로 - 교차로안,승용,여,46세,상해없음,화물,남,42세,경상
2022012400100370,2022년 1월 24일 17시,월요일,경상남도 진주시 평거동,경상사고,0,0,1,0,차대차 - 정면충돌,중앙선침범,건조,맑음,단일로 - 기타,승용,남,76세,상해없음,승용,여,36세,경상
2022012400100371,2022년 1월 24일 17시,월요일,경상남도 김해시 부원동,경상사고,0,0,1,0,차대차 - 측면충돌,안전운전불이행,건조,맑음,단일로 - 기타,승용,남,62세,상해없음,승용,여,31세,경상
2022012400100372,2022년 1월 24일 17시,월요일,경상남도 창원시 마산회원구 석전동,경상사고,0,0,1,0,차대차 - 추돌,안전운전불이행,건조,맑음,교차로 - 교차로부근,승용,여,52세,상해없음,승용,남,65세,경상
2022012400100421,2022년 1월 24일 18시,월요일,경상남도 진주시 문산읍,중상사고,0,2,0,0,차대차 - 측면충돌,신호위반,건조,맑음,교차로 - 교차로안,화물,남,53세,상해없음,승용,남,39세,중상
2022012400100422,2022년 1월 24일 18시,월요일,경상남도 창원시 진해구 석동,경상사고,0,0,1,0,차대차 - 측면충돌,안전운전불이행,건조,맑음,교차로 - 교차로부근,승합,남,54세,상해없음,승용,남,28세,경상
2022012400100423,2022년 1월 24일 18시,월요일,경상남도 김해시 삼계동,중상사고,0,1,0,0,차대사람 - 보도통행중,중앙선침범,건조,맑음,단일로 - 기타,승합,남,59세,상해없음,보행자,여,74세,중상
2022012400100424,2022년 1월 24일 18시,월요일,경상남도 합천군 합천읍,사망사고,1,0,0,0,차량단독 - 공작물충돌,안전운전불이행,건조,맑음,단일로 - 기타,화물,남,70세,상해없음,,,,
2022012400100425,2022년 1월 24일 18시,월요일,경상남도 창원시 의창구 북면,경상사고,0,0,3,0,차대차 - 추돌,안전운전불이행,건조,맑음,단일로 - 기타,승용,여,54세,상해없음,승용,남,59세,경상
2022012400100472,2022년 1월 24일 19시,월요일,경상남도 창원시 마산합포구 상남동,중상사고,0,1,0,0,차대사람 - 횡단중,안전운전불이행,건조,맑음,교차로 - 교차로안,이륜,남,44세,중상,보행자,남,74세,기타불명
2022012400100474,2022년 1월 24일 19시,월요일,경상남도 거제시 고현동,경상사고,0,0,1,0,차대차 - 추돌,안전운전불이행,건조,맑음,단일로 - 기타,승용,여,49세,경상,승합,남,60세,상해없음
2022012400100475,2022년 1월 24일 19시,월요일,경상남도 창원시 의창구 봉곡동,경상사고,0,0,1,0,차대사람 - 기타,안전운전불이행,건조,맑음,단일로 - 기타,이륜,여,23세,상해없음,보행자,여,66세,경상
2022012400100488,2022년 1월 24일 20시,월요일,경상남도 김해시 수가동,경상사고,0,0,1,0,차대차 - 기타,안전운전불이행,건조,맑음,단일로 - 기타,화물,남,47세,상해없음,승용,남,63세,경상
2022012400100494,2022년 1월 24일 20시,월요일,경상남도 김해시 부원동,경상사고,0,0,1,0,차대차 - 측면충돌,안전운전불이행,건조,맑음,교차로 - 교차로안,화물,남,65세,상해없음,승용,남,29세,경상
2022012400100495,2022년 1월 24일 20시,월요일,경상남도 창원시 의창구 봉곡동,경상사고,0,0,1,0,차대차 - 기타,교차로운행방법위반,건조,맑음,교차로 - 교차로안,승용,남,61세,상해없음,승합,남,52세,상해없음
2022012400100536,2022년 1월 24일 21시,월요일,경상남도 창원시 마산회원구 양덕동,경상사고,0,0,2,0,차대차 - 측면충돌,신호위반,건조,맑음,교차로 - 교차로안,특수,남,40세,상해없음,승용,남,27세,경상
2022012500100044,2022년 1월 25일 07시,화요일,경상남도 양산시 동면,경상사고,0,0,1,0,차대차 - 기타,안전운전불이행,건조,맑음,단일로 - 기타,화물,남,61세,기타불명,승용,여,27세,경상
2022012500100086,2022년 1월 25일 08시,화요일,경상남도 창원시 진해구 자은동,경상사고,0,0,1,0,차대차 - 측면충돌,차로위반,건조,맑음,단일로 - 기타,화물,남,53세,상해없음,승용,여,30세,경상
2022012500100134,2022년 1월 25일 10시,화요일,경상남도 진주시 초전동,경상사고,0,0,1,0,차대차 - 측면충돌,신호위반,건조,맑음,교차로 - 교차로안,승용,남,79세,상해없음,승용,남,51세,경상
2022012500100135,2022년 1월 25일 10시,화요일,경상남도 통영시 무전동,경상사고,0,0,1,0,차대차 - 정면충돌,안전운전불이행,건조,맑음,교차로 - 교차로안,승용,남,58세,기타불명,승합,남,51세,경상
2022012500100136,2022년 1월 25일 10시,화요일,경상남도 양산시 물금읍,중상사고,0,1,1,0,차대차 - 측면충돌,신호위반,건조,맑음,교차로 - 교차로안,승용,남,45세,상해없음,승용,여,55세,중상
2022012500100174,2022년 1월 25일 11시,화요일,경상남도 고성군 고성읍,사망사고,1,0,0,0,차대사람 - 횡단중,보행자보호의무위반,건조,맑음,단일로 - 기타,화물,여,33세,상해없음,보행자,남,76세,사망