사고번호,사고일시,요일,시군구,사고내용,사망자수,중상자수,경상자수,부상신고자수,사고유형,법규위반,노면상태,기상상태,도로형태,가해운전자 차종,가해운전자 성별,가해운전자 연령,가해운전자 상해정도,피해운전자 차종,피해운전자 성별,피해운전자 연령,피해운전자 상해정도
2022012900100189,2022년 1월 29일 13시,토요일,경상남도 거제시 상동동,경상사고,0,0,1,0,차대차 - 측면충돌,기타,건조,맑음,교차로 - 교차로안,승용,남,67세,상해없음,승용,여,62세,경상
2022012900100215,2022년 1월 29일 14시,토요일,경상남도 양산시 중부동,경상사고,0,0,1,0,차대차 - 추돌,안전운전불이행,건조,맑음,단일로 - 기타,승용,남,54세,기타불명,승용,여,55세,경상
2022012900100244,2022년 1월 29일 15시,토요일,경상남도 통영시 북신동,경상사고,0,0,4,0,차대차 - 기타,안전거리미확보,건조,맑음,단일로 - 기타,승용,남,70세,경상,승용,여,23세,경상
2022012900100245,2022년 1월 29일 15시,토요일,경상남도 김해시 구산동,중상사고,0,1,1,0,차대사람 - 횡단중,보행자보호의무위반,건조,맑음,교차로 - 교차로횡단보도내,이륜,남,39세,경상,보행자,여,75세,중상
2022012900100246,2022년 1월 29일 15시,토요일,경상남도 양산시 평산동,중상사고,0,1,2,0,차대차 - 기타,안전운전불이행,건조,맑음,단일로 - 기타,승용,남,61세,상해없음,승용,여,65세,중상
2022012900100283,2022년 1월 29일 16시,토요일,경상남도 사천시 사천읍,경상사고,0,0,8,0,차대차 - 측면충돌,안전운전불이행,건조,맑음,단일로 - 기타,승용,여,25세,경상,승용,여,36세,경상
2022012900100284,2022년 1월 29일 16시,토요일,경상남도 김해시 외동,중상사고,0,1,0,0,차대차 - 측면충돌,기타,건조,맑음,교차로 - 교차로안,화물,남,52세,상해없음,이륜,남,27세,중상
2022012900100317,2022년 1월 29일 17시,토요일,경상남도 사천시 벌리동,경상사고,0,0,5,0,차대차 - 측면충돌,교차로운행방법위반,건조,맑음,교차로 - 교차로안,승용,남,47세,경상,승용,남,55세,경상
2022012900100318,2022년 1월 29일 17시,토요일,경상남도 사천시 사천읍,경상사고,0,0,1,0,차대차 - 측면충돌,교차로운행방법위반,건조,맑음,교차로 - 교차로안,승용,남,49세,기타불명,승용,여,38세,경상
2022012900100319,2022년 1월 29일 17시,토요일,경상남도 사천시 벌리동,중상사고,0,1,0,0,차대차 - 측면충돌,직진우회전진행방해,건조,맑음,교차로 - 교차로안,승용,남,29세,상해없음,이륜,남,63세,중상
2022012900100320,2022년 1월 29일 17시,토요일,경상남도 양산시 중부동,중상사고,0,1,0,0,차대차 - 측면충돌,중앙선침범,건조,맑음,단일로 - 기타,승용,남,65세,상해없음,이륜,남,40세,중상
2022012900100321,2022년 1월 29일 17시,토요일,경상남도 창원시 마산회원구 내서읍,경상사고,0,0,1,0,차량단독 - 기타,안전운전불이행,건조,맑음,기타 - 기타,승합,남,54세,상해없음,,,,
2022012900100322,2022년 1월 29일 17시,토요일,경상남도 김해시 진영읍,경상사고,0,0,1,0,차대차 - 추돌,안전운전불이행,건조,맑음,단일로 - 기타,승용,남,47세,상해없음,화물,남,56세,경상
2022012900100343,2022년 1월 29일 18시,토요일,경상남도 양산시 동면,경상사고,0,0,1,0,차대차 - 추돌,안전운전불이행,건조,맑음,교차로 - 교차로부근,승용,여,49세,상해없음,승용,남,53세,상해없음
2022012900100368,2022년 1월 29일 19시,토요일,경상남도 사천시 벌리동,중상사고,0,1,0,0,차대차 - 정면충돌,교차로운행방법위반,건조,맑음,교차로 - 교차로안,승용,남,57세,상해없음,이륜,남,52세,중상
2022012900100369,2022년 1월 29일 19시,토요일,경상남도 창원시 의창구 명서동,경상사고,0,0,1,0,차대사람 - 보도통행중,기타,건조,맑음,단일로 - 기타,개인형이동수단(PM),남,19세,상해없음,보행자,남,60세,경상
2022012900100396,2022년 1월 29일 20시,토요일,경상남도 진주시 평거동,중상사고,0,1,0,0,차대사람 - 횡단중,안전운전불이행,건조,맑음,단일로 - 기타,이륜,남,31세,상해없음,보행자,남,60세,중상
2022012900100397,2022년 1월 29일 20시,토요일,경상남도 진주시 봉곡동,중상사고,0,1,0,0,차대사람 - 횡단중,보행자보호의무위반,건조,맑음,교차로 - 교차로횡단보도내,승용,여,48세,상해없음,보행자,남,59세,중상
2022012900100453,2022년 1월 29일 22시,토요일,경상남도 진주시 상대동,중상사고,0,1,0,0,차대차 - 추돌,안전운전불이행,건조,맑음,단일로 - 기타,이륜,남,34세,중상,승용,여,44세,상해없음
2022013000100018,2022년 1월 30일 02시,일요일,경상남도 창원시 마산합포구 진동면,중상사고,0,1,0,0,차량단독 - 전도전복 - 전도,안전운전불이행,건조,맑음,단일로 - 기타,승합,남,49세,중상,,,,
2022013000100023,2022년 1월 30일 04시,일요일,경상남도 고성군 고성읍,중상사고,0,1,0,0,차량단독 - 기타,안전운전불이행,건조,맑음,단일로 - 기타,이륜,남,23세,중상,,,,
2022013000100076,2022년 1월 30일 11시,일요일,경상남도 하동군 하동읍,중상사고,0,1,0,0,차대사람 - 기타,기타,건조,맑음,기타 - 기타,화물,남,43세,상해없음,보행자,남,54세,중상
2022013000100077,2022년 1월 30일 11시,일요일,경상남도 함안군 가야읍,중상사고,0,2,0,0,차대차 - 정면충돌,신호위반,건조,맑음,교차로 - 교차로안,승용,남,55세,상해없음,화물,남,57세,중상
2022013000100101,2022년 1월 30일 12시,일요일,경상남도 양산시 하북면,경상사고,0,0,1,0,차대차 - 측면충돌,안전운전불이행,건조,맑음,단일로 - 기타,기타불명,남,59세,상해없음,자전거,남,35세,경상
2022013000100125,2022년 1월 30일 13시,일요일,경상남도 진주시 계동,중상사고,0,1,0,0,차대차 - 측면충돌,교차로운행방법위반,건조,맑음,교차로 - 교차로안,이륜,남,35세,상해없음,자전거,여,62세,중상
2022013000100126,2022년 1월 30일 13시,일요일,경상남도 창원시 진해구 용원동,중상사고,0,3,5,0,차대차 - 측면충돌,안전운전불이행,건조,맑음,교차로 - 교차로부근,승용,남,68세,경상,승용,남,44세,경상
2022013000100127,2022년 1월 30일 13시,일요일,경상남도 양산시 명동,경상사고,0,0,2,0,차대차 - 추돌,안전거리미확보,건조,맑음,단일로 - 기타,승용,남,57세,상해없음,화물,남,25세,경상
2022013000100156,2022년 1월 30일 14시,일요일,경상남도 창원시 의창구 팔용동,경상사고,0,0,1,0,차대차 - 후진중충돌,안전운전불이행,건조,맑음,단일로 - 기타,승용,남,31세,상해없음,승용,남,26세,경상
2022013000100157,2022년 1월 30일 14시,일요일,경상남도 창원시 의창구 팔용동,경상사고,0,0,2,0,차대차 - 측면충돌,차로위반,건조,맑음,단일로 - 기타,승용,남,49세,상해없음,승용,여,48세,경상
2022013000100183,2022년 1월 30일 15시,일요일,경상남도 통영시 무전동,경상사고,0,0,1,0,차대사람 - 기타,안전운전불이행,건조,맑음,주차장 - 주차장,승합,남,41세,상해없음,보행자,여,62세,경상
2022013000100184,2022년 1월 30일 15시,일요일,경상남도 창원시 성산구 대방동,경상사고,0,0,1,0,차대차 - 측면충돌,안전운전불이행,건조,맑음,단일로 - 기타,승용,여,47세,상해없음,승용,남,30세,경상
2022013000100212,2022년 1월 30일 16시,일요일,경상남도 창원시 마산합포구 산호동,경상사고,0,0,1,0,차대차 - 측면충돌,안전운전불이행,건조,맑음,교차로 - 교차로안,이륜,남,19세,상해없음,승용,남,42세,경상
2022013000100240,2022년 1월 30일 17시,일요일,경상남도 거제시 고현동,경상사고,0,0,1,0,차대사람 - 기타,안전운전불이행,건조,맑음,교차로 - 교차로안,화물,남,65세,상해없음,보행자,남,65세,경상
2022013000100241,2022년 1월 30일 17시,일요일,경상남도 거제시 하청면,중상사고,0,1,0,0,차대사람 - 차도통행중,안전운전불이행,건조,맑음,단일로 - 기타,승용,여,40세,상해없음,보행자,여,66세,중상
2022013000100242,2022년 1월 30일 17시,일요일,경상남도 김해시 율하동,중상사고,0,1,0,0,차대차 - 측면충돌,신호위반,건조,맑음,교차로 - 교차로안,승용,여,29세,상해없음,승용,여,60세,중상
2022013000100289,2022년 1월 30일 19시,일요일,경상남도 창원시 마산합포구 예곡동,경상사고,0,0,2,0,차대차 - 추돌,안전거리미확보,건조,맑음,교차로 - 교차로부근,화물,남,50세,상해없음,승용,남,25세,경상
2022013000100290,2022년 1월 30일 19시,일요일,경상남도 김해시 구산동,중상사고,0,1,0,0,차대차 - 측면충돌,신호위반,건조,맑음,교차로 - 교차로안,승용,남,69세,상해없음,이륜,남,52세,중상
2022013000100291,2022년 1월 30일 19시,일요일,경상남도 양산시 중부동,경상사고,0,0,1,0,차대차 - 추돌,안전운전불이행,건조,맑음,단일로 - 교량,승용,남,65세,상해없음,이륜,남,41세,경상
2022013000100292,2022년 1월 30일 19시,일요일,경상남도 거제시 고현동,경상사고,0,0,2,1,차대차 - 기타,안전거리미확보,건조,맑음,교차로 - 교차로부근,승용,여,41세,상해없음,승용,남,51세,경상
2022013000100312,2022년 1월 30일 20시,일요일,경상남도 김해시 진영읍,중상사고,0,1,0,0,차대사람 - 횡단중,안전운전불이행,건조,맑음,단일로 - 기타,승용,남,37세,상해없음,보행자,남,57세,중상
2022013000100347,2022년 1월 30일 21시,일요일,경상남도 밀양시 내이동,경상사고,0,0,1,0,차대차 - 측면충돌,신호위반,건조,맑음,교차로 - 교차로부근,승용,여,54세,상해없음,승용,남,44세,경상
2022013000100348,2022년 1월 30일 21시,일요일,경상남도 창녕군 계성면,중상사고,0,1,0,0,차대사람 - 보도통행중,안전운전불이행,건조,맑음,기타 - 기타,승용,남,56세,상해없음,보행자,남,80세,중상
2022013000100349,2022년 1월 30일 21시,일요일,경상남도 함안군 군북면,경상사고,0,0,1,0,차대차 - 측면충돌,안전운전불이행,건조,맑음,단일로 - 기타,승용,남,26세,상해없음,승용,남,57세,경상
2022013000100372,2022년 1월 30일 23시,일요일,경상남도 창원시 성산구 상남동,중상사고,0,1,0,0,차대차 - 정면충돌,신호위반,건조,맑음,교차로 - 교차로안,이륜,남,29세,상해없음,이륜,남,36세,중상
2022013100100014,2022년 1월 31일 02시,월요일,경상남도 진주시 인사동,경상사고,0,0,2,0,차대차 - 측면충돌,안전거리미확보,건조,맑음,교차로 - 교차로부근,승용,여,30세,상해없음,승용,남,29세,경상
2022013100100018,2022년 1월 31일 03시,월요일,경상남도 김해시 봉황동,중상사고,0,1,0,0,차대사람 - 횡단중,신호위반,건조,맑음,교차로 - 교차로안,승용,남,28세,상해없음,보행자,여,75세,중상
2022013100100024,2022년 1월 31일 06시,월요일,경상남도 함안군 가야읍,중상사고,0,1,0,0,차대차 - 추돌,안전운전불이행,건조,맑음,단일로 - 기타,승용,남,52세,상해없음,이륜,남,72세,중상
2022013100100073,2022년 1월 31일 11시,월요일,경상남도 거제시 일운면,중상사고,0,1,0,0,차대차 - 측면충돌,안전운전불이행,건조,맑음,단일로 - 기타,화물,남,62세,상해없음,자전거,남,53세,중상
2022013100100090,2022년 1월 31일 12시,월요일,경상남도 김해시 삼계동,경상사고,0,0,1,0,차대차 - 측면충돌,안전운전불이행,건조,맑음,교차로 - 교차로안,원동기,남,50세,상해없음,승용,여,40세,경상
2022013100100109,2022년 1월 31일 13시,월요일,경상남도 사천시 곤양면,경상사고,0,0,1,0,차대차 - 추돌,안전운전불이행,건조,맑음,교차로 - 교차로부근,승용,남,72세,상해없음,승용,남,38세,경상
2022013100100110,2022년 1월 31일 13시,월요일,경상남도 거창군 거창읍,경상사고,0,0,4,0,차대차 - 추돌,교차로운행방법위반,건조,맑음,교차로 - 교차로안,승용,남,29세,상해없음,승용,남,30세,경상
2022013100100139,2022년 1월 31일 14시,월요일,경상남도 남해군 고현면,경상사고,0,0,1,2,차량단독 - 도로외이탈 - 추락,안전운전불이행,건조,맑음,단일로 - 기타,사륜오토바이(ATV),남,46세,경상,,,,
2022013100100140,2022년 1월 31일 14시,월요일,경상남도 김해시 진례면,경상사고,0,0,2,0,차대차 - 측면충돌,직진우회전진행방해,건조,맑음,교차로 - 교차로부근,화물,남,30세,상해없음,승용,남,23세,경상
2022013100100226,2022년 1월 31일 18시,월요일,경상남도 창원시 성산구 용호동,경상사고,0,0,1,0,차대차 - 측면충돌,안전운전불이행,건조,맑음,교차로 - 교차로안,승용,여,55세,상해없음,이륜,남,28세,경상
2022013100100256,2022년 1월 31일 19시,월요일,경상남도 사천시 대방동,중상사고,0,1,0,0,차대사람 - 기타,안전운전불이행,건조,맑음,교차로 - 교차로안,승용,남,45세,상해없음,보행자,남,67세,중상
2022013100100276,2022년 1월 31일 20시,월요일,경상남도 함안군 칠서면,경상사고,0,0,2,0,차대차 - 정면충돌,신호위반,건조,맑음,교차로 - 교차로안,승용,남,52세,경상,승용,남,18세,경상
2022013100100306,2022년 1월 31일 21시,월요일,경상남도 하동군 옥종면,중상사고,0,1,0,0,차량단독 - 기타,안전운전불이행,건조,기타,단일로 - 교량,승용,남,45세,상해없음,,,,
2022020100100004,2022년 2월 1일 01시,화요일,경상남도 창원시 성산구 사파동,중상사고,0,1,0,1,차대차 - 측면충돌,신호위반,건조,맑음,교차로 - 교차로안,이륜,남,20세,상해없음,승용,남,49세,상해없음
2022020100100020,2022년 2월 1일 07시,화요일,경상남도 창녕군 남지읍,경상사고,0,0,1,0,차량단독 - 공작물충돌,안전운전불이행,건조,맑음,교차로 - 교차로부근,승용,남,30세,경상,,,,
2022020100100046,2022년 2월 1일 10시,화요일,경상남도 통영시 봉평동,경상사고,0,0,1,0,차대차 - 측면충돌,중앙선침범,건조,맑음,기타 - 기타,승용,남,47세,상해없음,승용,남,55세,경상
2022020100100085,2022년 2월 1일 12시,화요일,경상남도 거제시 거제면,경상사고,0,0,3,0,차대차 - 기타,직진우회전진행방해,건조,맑음,교차로 - 교차로안,승용,남,72세,경상,승용,남,36세,경상
2022020100100118,2022년 2월 1일 14시,화요일,경상남도 거제시 아주동,경상사고,0,0,2,0,차대차 - 추돌,안전운전불이행,건조,맑음,단일로 - 터널,승용,남,62세,상해없음,승용,여,37세,경상
2022020100100133,2022년 2월 1일 15시,화요일,경상남도 사천시 사천읍,경상사고,0,0,2,0,차대차 - 기타,신호위반,건조,맑음,교차로 - 교차로안,승용,여,54세,상해없음,승용,남,47세,경상
2022020100100146,2022년 2월 1일 16시,화요일,경상남도 함양군 서상면,경상사고,0,0,1,0,차대차 - 측면충돌,신호위반,건조,맑음,교차로 - 교차로부근,승용,여,58세,상해없음,승용,남,23세,경상
2022020100100165,2022년 2월 1일 17시,화요일,경상남도 김해시 삼정동,경상사고,0,0,1,0,차대사람 - 횡단중,보행자보호의무위반,건조,맑음,교차로 - 교차로횡단보도내,승용,남,28세,상해없음,보행자,남,47세,경상
2022020100100178,2022년 2월 1일 18시,화요일,경상남도 창원시 성산구 상남동,경상사고,0,0,2,0,차대차 - 측면충돌,교차로운행방법위반,건조,맑음,교차로 - 교차로부근,승용,남,23세,상해없음,승용,남,29세,경상
2022020100100193,2022년 2월 1일 19시,화요일,경상남도 창원시 마산합포구 현동,중상사고,0,2,0,0,차대차 - 추돌,안전운전불이행,건조,맑음,단일로 - 기타,승용,남,68세,상해없음,승용,남,49세,중상
2022020100100194,2022년 2월 1일 19시,화요일,경상남도 밀양시 산외면,중상사고,0,1,0,0,차대차 - 측면충돌,신호위반,건조,흐림,교차로 - 교차로안,승용,남,54세,상해없음,이륜,남,34세,중상
2022020100100228,2022년 2월 1일 21시,화요일,경상남도 합천군 합천읍,중상사고,0,3,2,0,차대차 - 정면충돌,중앙선침범,건조,맑음,단일로 - 기타,승용,여,62세,중상,승용,남,38세,중상
2022020100100229,2022년 2월 1일 21시,화요일,경상남도 창원시 성산구 반지동,중상사고,0,1,0,0,차대차 - 측면충돌,교차로운행방법위반,건조,맑음,교차로 - 교차로안,이륜,남,27세,상해없음,이륜,남,28세,중상
2022020100100242,2022년 2월 1일 22시,화요일,경상남도 창원시 마산회원구 양덕동,경상사고,0,0,1,0,차대차 - 측면충돌,중앙선침범,건조,맑음,교차로 - 교차로안,승용,남,27세,상해없음,이륜,남,39세,경상
2022020100100249,2022년 2월 1일 23시,화요일,경상남도 양산시 다방동,경상사고,0,0,1,0,차대차 - 측면충돌,안전운전불이행,건조,맑음,단일로 - 기타,승용,남,29세,상해없음,승용,여,31세,경상
2022020200100016,2022년 2월 2일 02시,수요일,경상남도 창원시 진해구 용원동,부상신고사고,0,0,0,1,차대차 - 추돌,안전운전불이행,건조,맑음,단일로 - 기타,승용,남,33세,부상신고,화물,남,45세,기타불명
2022020200100034,2022년 2월 2일 08시,수요일,경상남도 거제시 하청면,중상사고,0,1,0,0,차량단독 - 기타,안전운전불이행,건조,맑음,단일로 - 기타,화물,남,59세,중상,,,,
2022020200100074,2022년 2월 2일 12시,수요일,경상남도 사천시 실안동,중상사고,0,3,0,0,차대차 - 추돌,기타,건조,맑음,단일로 - 기타,승용,남,68세,중상,승용,남,61세,중상
2022020200100075,2022년 2월 2일 12시,수요일,경상남도 김해시 삼방동,경상사고,0,0,2,0,차대차 - 기타,안전운전불이행,건조,맑음,교차로 - 교차로안,승용,남,51세,상해없음,승용,여,37세,상해없음
2022020200100099,2022년 2월 2일 13시,수요일,경상남도 김해시 삼방동,경상사고,0,0,1,0,차대사람 - 기타,안전운전불이행,건조,맑음,교차로 - 교차로부근,화물,남,55세,상해없음,보행자,남,69세,경상
2022020200100100,2022년 2월 2일 13시,수요일,경상남도 거제시 연초면,경상사고,0,0,1,0,차대차 - 기타,신호위반,건조,맑음,교차로 - 교차로안,승용,남,38세,상해없음,승용,남,30세,경상
2022020200100128,2022년 2월 2일 14시,수요일,경상남도 사천시 사천읍,경상사고,0,0,3,4,차대차 - 측면충돌,직진우회전진행방해,건조,맑음,교차로 - 교차로안,승용,여,41세,경상,승용,여,21세,경상
2022020200100129,2022년 2월 2일 14시,수요일,경상남도 밀양시 내이동,경상사고,0,0,1,0,차대사람 - 보도통행중,기타,건조,맑음,단일로 - 기타,화물,남,34세,상해없음,보행자,남,25세,경상
2022020200100190,2022년 2월 2일 17시,수요일,경상남도 사천시 정동면,중상사고,0,1,0,0,차대차 - 측면충돌,신호위반,건조,맑음,교차로 - 교차로안,승합,남,51세,상해없음,화물,남,55세,중상
2022020200100216,2022년 2월 2일 18시,수요일,경상남도 통영시 용남면,경상사고,0,0,3,0,차대차 - 측면충돌,안전운전불이행,건조,맑음,단일로 - 기타,승용,여,63세,상해없음,승용,남,52세,경상
2022020200100217,2022년 2월 2일 18시,수요일,경상남도 김해시 삼계동,경상사고,0,0,2,0,차대차 - 정면충돌,안전운전불이행,건조,맑음,교차로 - 교차로부근,승용,남,61세,상해없음,승용,남,43세,경상
2022020200100218,2022년 2월 2일 18시,수요일,경상남도 거창군 거창읍,중상사고,0,1,0,0,차대차 - 측면충돌,안전운전불이행,건조,맑음,교차로 - 교차로안,승용,남,24세,상해없음,이륜,남,16세,중상
2022020200100219,2022년 2월 2일 18시,수요일,경상남도 남해군 미조면,부상신고사고,0,0,0,4,차대차 - 측면충돌,안전운전불이행,건조,맑음,단일로 - 기타,승용,남,57세,부상신고,화물,남,55세,부상신고
2022020200100269,2022년 2월 2일 20시,수요일,경상남도 진주시 초전동,중상사고,0,3,4,0,차대차 - 기타,중앙선침범,건조,맑음,단일로 - 기타,승용,남,41세,상해없음,승용,여,60세,중상
2022020200100300,2022년 2월 2일 21시,수요일,경상남도 밀양시 부북면,경상사고,0,0,1,0,차량단독 - 공작물충돌,안전운전불이행,건조,흐림,단일로 - 기타,승용,여,45세,경상,,,,
2022020200100301,2022년 2월 2일 21시,수요일,경상남도 거제시 장목면,중상사고,0,1,0,0,차대차 - 기타,신호위반,건조,맑음,교차로 - 교차로안,승용,남,61세,상해없음,이륜,남,44세,중상
2022020200100302,2022년 2월 2일 21시,수요일,경상남도 김해시 율하동,경상사고,0,0,2,0,차대차 - 정면충돌,신호위반,건조,맑음,교차로 - 교차로안,승용,남,28세,경상,승용,남,33세,경상
2022020200100326,2022년 2월 2일 23시,수요일,경상남도 김해시 진영읍,경상사고,0,0,2,0,차대차 - 추돌,안전운전불이행,건조,맑음,교차로 - 교차로부근,승용,남,54세,상해없음,승용,남,21세,경상
2022020300100033,2022년 2월 3일 07시,목요일,경상남도 김해시 어방동,경상사고,0,0,2,0,차대차 - 추돌,안전운전불이행,건조,맑음,교차로 - 교차로부근,승용,남,63세,상해없음,승용,남,48세,경상
2022020300100121,2022년 2월 3일 10시,목요일,경상남도 거제시 문동동,경상사고,0,0,1,0,차대차 - 기타,신호위반,건조,맑음,교차로 - 교차로안,승용,남,52세,상해없음,승용,남,51세,경상
2022020300100122,2022년 2월 3일 10시,목요일,경상남도 창원시 성산구 상남동,경상사고,0,0,1,0,차대차 - 측면충돌,안전운전불이행,건조,맑음,교차로 - 교차로안,승용,여,65세,상해없음,승용,남,40세,경상
2022020300100148,2022년 2월 3일 11시,목요일,경상남도 통영시 무전동,경상사고,0,0,1,0,차량단독 - 전도전복 - 전도,안전운전불이행,건조,맑음,교차로 - 교차로안,이륜,남,23세,경상,,,,
2022020300100149,2022년 2월 3일 11시,목요일,경상남도 통영시 북신동,경상사고,0,0,1,0,차대사람 - 횡단중,보행자보호의무위반,건조,맑음,교차로 - 교차로부근,승용,남,61세,상해없음,보행자,남,48세,경상
2022020300100150,2022년 2월 3일 11시,목요일,경상남도 밀양시 삼문동,중상사고,0,1,0,0,차대사람 - 횡단중,보행자보호의무위반,건조,맑음,단일로 - 기타,승용,여,69세,상해없음,보행자,여,80세,중상
2022020300100151,2022년 2월 3일 11시,목요일,경상남도 양산시 어곡동,중상사고,0,1,0,0,차대사람 - 기타,안전운전불이행,건조,맑음,단일로 - 기타,승용,남,45세,상해없음,보행자,여,43세,중상
2022020300100179,2022년 2월 3일 12시,목요일,경상남도 창원시 마산회원구 합성동,경상사고,0,0,1,0,차대사람 - 기타,안전운전불이행,건조,맑음,단일로 - 기타,승용,여,38세,상해없음,보행자,남,45세,경상
2022020300100232,2022년 2월 3일 14시,목요일,경상남도 함양군 함양읍,경상사고,0,0,1,0,차대차 - 기타,안전운전불이행,건조,맑음,단일로 - 기타,승용,남,41세,상해없음,이륜,남,47세,경상
2022020300100233,2022년 2월 3일 14시,목요일,경상남도 창원시 의창구 소답동,경상사고,0,0,1,0,차대사람 - 횡단중,안전운전불이행,건조,맑음,단일로 - 기타,승용,여,38세,상해없음,보행자,여,65세,경상
2022020300100268,2022년 2월 3일 15시,목요일,경상남도 양산시 물금읍,중상사고,0,1,1,0,차대차 - 기타,안전운전불이행,건조,맑음,단일로 - 기타,승용,남,61세,상해없음,승용,여,56세,경상
2022020300100295,2022년 2월 3일 16시,목요일,경상남도 창원시 마산회원구 합성동,경상사고,0,0,1,0,차대차 - 측면충돌,안전운전불이행,건조,맑음,교차로 - 교차로부근,승용,여,60세,상해없음,승용,남,61세,경상
2022020300100319,2022년 2월 3일 17시,목요일,경상남도 양산시 평산동,부상신고사고,0,0,0,1,차대사람 - 차도통행중,안전운전불이행,건조,맑음,단일로 - 기타,승용,여,43세,기타불명,보행자,남,31세,부상신고
2022020300100351,2022년 2월 3일 18시,목요일,경상남도 창원시 마산합포구 상남동,중상사고,0,1,1,0,차대사람 - 기타,안전운전불이행,건조,맑음,교차로 - 교차로안,이륜,남,66세,경상,보행자,남,59세,중상
2022020300100352,2022년 2월 3일 18시,목요일,경상남도 진주시 평거동,중상사고,0,1,0,0,차대사람 - 횡단중,안전운전불이행,건조,맑음,교차로 - 교차로안,승용,남,62세,상해없음,보행자,남,57세,중상
2022020300100353,2022년 2월 3일 18시,목요일,경상남도 창원시 진해구 제황산동,중상사고,0,1,0,0,차대사람 - 횡단중,보행자보호의무위반,건조,맑음,교차로 - 교차로부근,승용,남,37세,상해없음,보행자,남,77세,중상
2022020300100354,2022년 2월 3일 18시,목요일,경상남도 창원시 성산구 신월동,중상사고,0,1,0,0,차대사람 - 횡단중,안전운전불이행,건조,맑음,교차로 - 교차로안,승용,남,48세,상해없음,보행자,여,87세,중상
2022020300100406,2022년 2월 3일 20시,목요일,경상남도 양산시 북부동,경상사고,0,0,1,0,차대차 - 정면충돌,신호위반,건조,맑음,교차로 - 교차로안,승용,남,58세,상해없음,승용,남,28세,경상
2022020300100425,2022년 2월 3일 21시,목요일,경상남도 김해시 구산동,경상사고,0,0,2,0,차대차 - 측면충돌,신호위반,건조,맑음,교차로 - 교차로안,이륜,남,55세,경상,승용,여,50세,경상
2022020300100426,2022년 2월 3일 21시,목요일,경상남도 김해시 진영읍,경상사고,0,0,1,0,차대사람 - 길가장자리구역통행중,안전운전불이행,건조,맑음,단일로 - 기타,화물,남,42세,상해없음,보행자,남,53세,경상
2022020300100444,2022년 2월 3일 22시,목요일,경상남도 김해시 부곡동,경상사고,0,0,1,0,차대차 - 측면충돌,신호위반,건조,맑음,교차로 - 교차로안,이륜,남,20세,경상,승용,여,46세,상해없음
2022020300100457,2022년 2월 3일 23시,목요일,경상남도 진주시 본성동,경상사고,0,0,1,0,차량단독 - 전도전복 - 전복,안전운전불이행,건조,맑음,단일로 - 기타,승용,남,29세,경상,,,,
2022020300100458,2022년 2월 3일 23시,목요일,경상남도 통영시 광도면,경상사고,0,0,1,0,차대차 - 추돌,안전운전불이행,건조,맑음,교차로 - 교차로부근,승용,남,49세,상해없음,승용,여,56세,경상
2022020400100019,2022년 2월 4일 05시,금요일,경상남도 김해시 어방동,경상사고,0,0,1,0,차대차 - 기타,안전운전불이행,건조,맑음,단일로 - 기타,특수,남,73세,상해없음,자전거,남,68세,경상
2022020400100044,2022년 2월 4일 07시,금요일,경상남도 김해시 동상동,경상사고,0,0,3,0,차대차 - 측면충돌,안전운전불이행,건조,맑음,교차로 - 교차로안,승용,남,56세,상해없음,화물,남,49세,경상
2022020400100062,2022년 2월 4일 08시,금요일,경상남도 양산시 주남동,경상사고,0,0,1,0,차대차 - 측면충돌,안전운전불이행,건조,맑음,교차로 - 교차로안,승용,여,52세,상해없음,승용,남,33세,경상
2022020400100091,2022년 2월 4일 09시,금요일,경상남도 김해시 동상동,경상사고,0,0,3,0,차대차 - 측면충돌,안전거리미확보,건조,맑음,단일로 - 기타,승용,여,62세,상해없음,승용,남,32세,경상
2022020400100132,2022년 2월 4일 11시,금요일,경상남도 양산시 하북면,경상사고,0,0,1,0,차대차 - 기타,안전거리미확보,건조,맑음,단일로 - 기타,승용,남,41세,상해없음,승용,남,27세,경상
2022020400100151,2022년 2월 4일 11시,금요일,경상남도 양산시 신기동,중상사고,0,1,0,0,차대차 - 측면충돌,신호위반,건조,맑음,교차로 - 교차로안,승용,여,58세,상해없음,승용,남,61세,중상
2022020400100152,2022년 2월 4일 11시,금요일,경상남도 김해시 한림면,중상사고,0,1,0,0,차대차 - 측면충돌,안전운전불이행,건조,맑음,교차로 - 교차로안,승용,남,41세,상해없음,농기계,여,76세,중상
2022020400100204,2022년 2월 4일 13시,금요일,경상남도 김해시 외동,중상사고,0,1,0,0,차대차 - 측면충돌,안전운전불이행,건조,맑음,교차로 - 교차로부근,승용,남,71세,상해없음,승용,여,30세,중상
2022020400100205,2022년 2월 4일 13시,금요일,경상남도 거창군 거창읍,중상사고,0,1,0,0,차대차 - 추돌,신호위반,건조,맑음,교차로 - 교차로안,승용,여,48세,상해없음,자전거,남,69세,중상
2022020400100228,2022년 2월 4일 14시,금요일,경상남도 창원시 진해구 용원동,중상사고,0,1,0,0,차대차 - 측면충돌,중앙선침범,건조,맑음,단일로 - 기타,승용,남,77세,상해없음,이륜,남,40세,중상