사고번호,사고일시,요일,시군구,사고내용,사망자수,중상자수,경상자수,부상신고자수,사고유형,법규위반,노면상태,기상상태,도로형태,가해운전자 차종,가해운전자 성별,가해운전자 연령,가해운전자 상해정도,피해운전자 차종,피해운전자 성별,피해운전자 연령,피해운전자 상해정도
2022020400100229,2022년 2월 4일 14시,금요일,경상남도 의령군 의령읍,중상사고,0,1,0,0,차대차 - 측면충돌,기타,건조,맑음,교차로 - 교차로안,승용,여,49세,상해없음,원동기,남,90세,중상
2022020400100230,2022년 2월 4일 14시,금요일,경상남도 창원시 마산회원구 회원동,경상사고,0,0,1,0,차대차 - 후진중충돌,안전운전불이행,건조,맑음,교차로 - 교차로부근,승용,남,72세,상해없음,승용,남,54세,경상
2022020400100256,2022년 2월 4일 15시,금요일,경상남도 김해시 안동,경상사고,0,0,2,0,차대차 - 추돌,안전운전불이행,건조,맑음,단일로 - 기타,승용,남,71세,경상,승용,남,44세,경상
2022020400100257,2022년 2월 4일 15시,금요일,경상남도 거제시 고현동,경상사고,0,0,1,0,차대사람 - 보도통행중,기타,건조,맑음,기타 - 기타,화물,남,28세,상해없음,보행자,여,30세,경상
2022020400100258,2022년 2월 4일 15시,금요일,경상남도 거제시 연초면,경상사고,0,0,1,0,차대차 - 기타,안전운전불이행,건조,맑음,교차로 - 교차로안,이륜,남,72세,상해없음,승합,남,57세,상해없음
2022020400100285,2022년 2월 4일 16시,금요일,경상남도 양산시 중부동,중상사고,0,1,0,0,차대차 - 측면충돌,신호위반,건조,맑음,교차로 - 교차로안,승용,남,62세,상해없음,이륜,남,40세,중상
2022020400100286,2022년 2월 4일 16시,금요일,경상남도 하동군 옥종면,부상신고사고,0,0,0,1,차대사람 - 차도통행중,안전운전불이행,건조,맑음,교차로 - 교차로부근,화물,남,64세,상해없음,보행자,여,81세,부상신고
2022020400100287,2022년 2월 4일 16시,금요일,경상남도 창원시 마산회원구 회원동,중상사고,0,1,0,0,차대사람 - 기타,안전운전불이행,건조,맑음,교차로 - 교차로안,승용,남,71세,상해없음,보행자,남,79세,중상
2022020400100320,2022년 2월 4일 17시,금요일,경상남도 거창군 마리면,경상사고,0,0,3,0,차대차 - 추돌,안전운전불이행,건조,맑음,교차로 - 교차로부근,승용,남,65세,상해없음,승용,남,46세,경상
2022020400100321,2022년 2월 4일 17시,금요일,경상남도 거제시 고현동,중상사고,0,1,0,0,차대차 - 측면충돌,안전거리미확보,건조,맑음,단일로 - 기타,이륜,여,59세,중상,승용,남,40세,상해없음
2022020400100366,2022년 2월 4일 18시,금요일,경상남도 함양군 함양읍,경상사고,0,0,1,0,차량단독 - 전도전복 - 전도,안전운전불이행,건조,맑음,단일로 - 기타,사륜오토바이(ATV),남,59세,경상,,,,
2022020400100367,2022년 2월 4일 18시,금요일,경상남도 창원시 의창구 도계동,중상사고,0,1,0,0,차대사람 - 횡단중,보행자보호의무위반,건조,맑음,교차로 - 교차로횡단보도내,화물,남,55세,상해없음,보행자,남,56세,중상
2022020400100427,2022년 2월 4일 20시,금요일,경상남도 김해시 삼계동,중상사고,0,1,0,0,차대차 - 측면충돌,안전거리미확보,건조,흐림,교차로 - 교차로안,승용,남,52세,상해없음,이륜,남,30세,중상
2022020400100428,2022년 2월 4일 20시,금요일,경상남도 합천군 쌍백면,중상사고,0,1,0,0,차량단독 - 전도전복 - 전도,안전운전불이행,건조,맑음,단일로 - 기타,이륜,남,72세,중상,,,,
2022020400100464,2022년 2월 4일 21시,금요일,경상남도 사천시 사천읍,중상사고,0,1,1,0,차대사람 - 길가장자리구역통행중,안전운전불이행,건조,맑음,단일로 - 기타,원동기,남,24세,경상,보행자,남,44세,중상
2022020400100465,2022년 2월 4일 21시,금요일,경상남도 김해시 구산동,중상사고,0,1,1,0,차대차 - 측면충돌,안전운전불이행,건조,맑음,단일로 - 교량,승용,남,41세,상해없음,승용,여,53세,중상
2022020400100466,2022년 2월 4일 21시,금요일,경상남도 김해시 지내동,경상사고,0,0,1,0,차대차 - 추돌,안전운전불이행,건조,맑음,교차로 - 교차로부근,화물,남,56세,상해없음,승용,남,64세,경상
2022020400100467,2022년 2월 4일 21시,금요일,경상남도 창원시 의창구 도계동,중상사고,0,1,0,0,차대차 - 측면충돌,신호위반,건조,맑음,교차로 - 교차로횡단보도내,이륜,남,39세,상해없음,자전거,남,16세,중상
2022020400100489,2022년 2월 4일 22시,금요일,경상남도 김해시 진영읍,경상사고,0,0,1,0,차량단독 - 기타,안전운전불이행,건조,맑음,단일로 - 기타,승용,남,30세,상해없음,,,,
2022020400100502,2022년 2월 4일 23시,금요일,경상남도 창원시 진해구 석동,중상사고,0,1,0,0,차대차 - 측면충돌,교차로운행방법위반,건조,맑음,교차로 - 교차로안,승용,남,75세,상해없음,이륜,남,41세,중상
2022020400100503,2022년 2월 4일 23시,금요일,경상남도 창원시 진해구 석동,경상사고,0,0,1,0,차대사람 - 횡단중,신호위반,건조,맑음,교차로 - 교차로횡단보도내,이륜,남,30세,상해없음,보행자,남,23세,경상
2022020500100021,2022년 2월 5일 02시,토요일,경상남도 함양군 서하면,부상신고사고,0,0,0,1,차량단독 - 공작물충돌,안전운전불이행,건조,맑음,단일로 - 기타,승용,여,24세,부상신고,,,,
2022020500100030,2022년 2월 5일 06시,토요일,경상남도 양산시 덕계동,사망사고,1,0,0,0,차대사람 - 횡단중,안전운전불이행,건조,맑음,교차로 - 교차로횡단보도내,승용,여,55세,상해없음,보행자,여,81세,사망
2022020500100041,2022년 2월 5일 08시,토요일,경상남도 김해시 상동면,경상사고,0,0,1,0,차대사람 - 길가장자리구역통행중,안전운전불이행,건조,맑음,단일로 - 기타,승용,여,49세,상해없음,보행자,남,67세,경상
2022020500100042,2022년 2월 5일 08시,토요일,경상남도 김해시 주촌면,중상사고,0,2,1,0,차대차 - 측면충돌,신호위반,건조,맑음,교차로 - 교차로안,승용,남,25세,경상,화물,남,51세,중상
2022020500100057,2022년 2월 5일 09시,토요일,경상남도 창원시 진해구 자은동,경상사고,0,0,1,0,차대차 - 측면충돌,안전운전불이행,건조,맑음,교차로 - 교차로부근,승용,여,38세,상해없음,승용,여,40세,경상
2022020500100069,2022년 2월 5일 10시,토요일,경상남도 함양군 함양읍,중상사고,0,1,0,0,차대사람 - 횡단중,보행자보호의무위반,건조,맑음,단일로 - 기타,승용,남,51세,상해없음,보행자,남,83세,중상
2022020500100118,2022년 2월 5일 12시,토요일,경상남도 진주시 상대동,중상사고,0,1,0,0,차대사람 - 기타,안전운전불이행,건조,맑음,단일로 - 기타,승용,여,47세,상해없음,보행자,여,50세,중상
2022020500100119,2022년 2월 5일 12시,토요일,경상남도 김해시 삼계동,경상사고,0,0,2,0,차대차 - 기타,안전운전불이행,건조,맑음,교차로 - 교차로안,승용,남,32세,상해없음,승용,남,18세,경상
2022020500100152,2022년 2월 5일 13시,토요일,경상남도 김해시 율하동,경상사고,0,0,1,0,차대사람 - 횡단중,안전운전불이행,건조,맑음,교차로 - 교차로부근,이륜,남,53세,상해없음,보행자,여,56세,경상
2022020500100176,2022년 2월 5일 14시,토요일,경상남도 남해군 남면,경상사고,0,0,1,0,차대차 - 정면충돌,중앙선침범,건조,맑음,단일로 - 기타,승용,남,75세,상해없음,화물,남,48세,경상
2022020500100177,2022년 2월 5일 14시,토요일,경상남도 창원시 마산회원구 내서읍,중상사고,0,1,0,0,차대사람 - 기타,보행자보호의무위반,건조,맑음,교차로 - 교차로횡단보도내,화물,남,54세,상해없음,보행자,여,73세,중상
2022020500100206,2022년 2월 5일 15시,토요일,경상남도 김해시 진영읍,경상사고,0,0,1,0,차대차 - 측면충돌,신호위반,건조,맑음,교차로 - 교차로안,승용,남,24세,상해없음,승용,여,67세,경상
2022020500100228,2022년 2월 5일 16시,토요일,경상남도 창원시 마산합포구 월영동,경상사고,0,0,1,0,차대사람 - 기타,보행자보호의무위반,건조,맑음,교차로 - 교차로횡단보도내,이륜,남,69세,상해없음,보행자,남,38세,경상
2022020500100229,2022년 2월 5일 16시,토요일,경상남도 창원시 진해구 풍호동,경상사고,0,0,3,0,차대차 - 측면충돌,안전거리미확보,건조,맑음,단일로 - 기타,승용,남,65세,상해없음,승용,남,39세,경상
2022020500100274,2022년 2월 5일 18시,토요일,경상남도 창원시 진해구 경화동,경상사고,0,0,2,0,차대차 - 측면충돌,교차로운행방법위반,건조,맑음,교차로 - 교차로부근,승용,여,32세,경상,원동기,남,20세,경상
2022020500100275,2022년 2월 5일 18시,토요일,경상남도 거제시 아주동,중상사고,0,1,0,0,차대차 - 기타,교차로운행방법위반,건조,맑음,교차로 - 교차로안,승용,남,49세,상해없음,이륜,남,46세,중상
2022020500100296,2022년 2월 5일 19시,토요일,경상남도 김해시 내동,경상사고,0,0,1,0,차대차 - 측면충돌,안전운전불이행,건조,맑음,기타 - 기타,자전거,남,14세,기타불명,원동기,남,39세,경상
2022020500100297,2022년 2월 5일 19시,토요일,경상남도 창원시 의창구 서상동,경상사고,0,0,1,0,차대사람 - 횡단중,안전운전불이행,건조,맑음,단일로 - 기타,화물,남,51세,상해없음,보행자,여,82세,경상
2022020500100327,2022년 2월 5일 20시,토요일,경상남도 거제시 고현동,경상사고,0,0,1,0,차대사람 - 기타,안전운전불이행,건조,맑음,단일로 - 기타,이륜,남,44세,상해없음,보행자,남,52세,경상
2022020500100355,2022년 2월 5일 21시,토요일,경상남도 창원시 마산합포구 오동동,경상사고,0,0,1,0,차대사람 - 길가장자리구역통행중,안전운전불이행,건조,맑음,단일로 - 기타,승용,남,67세,상해없음,보행자,남,37세,경상
2022020500100356,2022년 2월 5일 21시,토요일,경상남도 창원시 마산합포구 두월동2가,중상사고,0,1,1,0,차대차 - 측면충돌,신호위반,건조,맑음,교차로 - 교차로안,승용,남,63세,상해없음,승합,남,37세,경상
2022020500100382,2022년 2월 5일 22시,토요일,경상남도 통영시 북신동,경상사고,0,0,4,0,차대차 - 측면충돌,신호위반,건조,맑음,교차로 - 교차로안,승합,남,48세,상해없음,승용,여,41세,경상
2022020500100383,2022년 2월 5일 22시,토요일,경상남도 김해시 삼계동,중상사고,0,1,0,0,차대차 - 측면충돌,신호위반,건조,맑음,교차로 - 교차로안,승용,남,28세,상해없음,승용,남,46세,중상
2022020600100029,2022년 2월 6일 09시,일요일,경상남도 밀양시 부북면,경상사고,0,0,1,0,차대차 - 측면충돌,신호위반,건조,맑음,교차로 - 교차로안,화물,남,65세,상해없음,승용,여,59세,경상
2022020600100030,2022년 2월 6일 09시,일요일,경상남도 김해시 율하동,경상사고,0,0,1,0,차대사람 - 기타,안전운전불이행,건조,맑음,단일로 - 기타,승용,여,31세,상해없음,보행자,남,52세,경상
2022020600100039,2022년 2월 6일 10시,일요일,경상남도 창원시 진해구 죽곡동,경상사고,0,0,5,0,차대차 - 추돌,기타,건조,맑음,단일로 - 기타,승용,남,40세,경상,승용,남,35세,경상
2022020600100040,2022년 2월 6일 10시,일요일,경상남도 창원시 진해구 자은동,중상사고,0,1,0,0,차대차 - 기타,직진우회전진행방해,건조,맑음,교차로 - 교차로안,원동기,남,24세,상해없음,원동기,남,24세,중상
2022020600100041,2022년 2월 6일 10시,일요일,경상남도 양산시 북정동,부상신고사고,0,0,0,2,차대차 - 측면충돌,안전운전불이행,건조,맑음,교차로 - 교차로안,승용,남,66세,부상신고,승용,남,53세,부상신고
2022020600100042,2022년 2월 6일 10시,일요일,경상남도 남해군 삼동면,중상사고,0,2,0,0,차대차 - 측면충돌,교차로운행방법위반,건조,맑음,교차로 - 교차로부근,화물,남,61세,상해없음,승용,남,34세,중상
2022020600100057,2022년 2월 6일 11시,일요일,경상남도 창원시 마산합포구 중앙동3가,중상사고,0,1,3,0,차대차 - 기타,안전운전불이행,건조,맑음,교차로 - 교차로안,승용,남,72세,상해없음,승합,남,54세,상해없음
2022020600100069,2022년 2월 6일 12시,일요일,경상남도 통영시 무전동,중상사고,0,1,0,0,차대차 - 측면충돌,중앙선침범,건조,맑음,교차로 - 교차로부근,승용,남,61세,상해없음,이륜,남,43세,중상
2022020600100112,2022년 2월 6일 14시,일요일,경상남도 김해시 봉황동,경상사고,0,0,1,0,차대차 - 측면충돌,안전운전불이행,건조,맑음,단일로 - 기타,이륜,남,37세,경상,승용,남,58세,상해없음
2022020600100113,2022년 2월 6일 14시,일요일,경상남도 양산시 다방동,경상사고,0,0,1,0,차대차 - 측면충돌,안전운전불이행,건조,맑음,단일로 - 기타,승용,남,47세,상해없음,승용,여,49세,경상
2022020600100139,2022년 2월 6일 15시,일요일,경상남도 합천군 합천읍,경상사고,0,0,1,0,차대차 - 측면충돌,신호위반,건조,맑음,교차로 - 교차로안,이륜,여,66세,경상,승용,남,61세,상해없음
2022020600100140,2022년 2월 6일 15시,일요일,경상남도 양산시 삼호동,중상사고,0,1,0,0,차대차 - 기타,안전운전불이행,건조,맑음,교차로 - 교차로안,화물,남,56세,상해없음,이륜,남,26세,중상
2022020600100156,2022년 2월 6일 16시,일요일,경상남도 거창군 거창읍,경상사고,0,0,1,0,차대차 - 추돌,안전운전불이행,건조,맑음,교차로 - 교차로부근,승용,여,72세,상해없음,승용,여,64세,경상
2022020600100173,2022년 2월 6일 17시,일요일,경상남도 통영시 북신동,경상사고,0,0,1,0,차대차 - 기타,직진우회전진행방해,건조,맑음,교차로 - 교차로안,승용,남,52세,상해없음,이륜,남,43세,경상
2022020600100174,2022년 2월 6일 17시,일요일,경상남도 사천시 정동면,중상사고,0,1,0,0,차대차 - 정면충돌,교차로운행방법위반,건조,맑음,교차로 - 교차로부근,승용,여,47세,상해없음,이륜,남,40세,중상
2022020600100175,2022년 2월 6일 17시,일요일,경상남도 거제시 장목면,중상사고,0,1,0,0,차대사람 - 기타,안전운전불이행,건조,맑음,기타 - 기타,승용,여,47세,상해없음,보행자,여,52세,중상
2022020600100194,2022년 2월 6일 18시,일요일,경상남도 창녕군 부곡면,중상사고,0,1,0,0,차대사람 - 횡단중,안전운전불이행,건조,맑음,기타 - 기타,사륜오토바이(ATV),여,64세,기타불명,보행자,여,69세,중상
2022020600100195,2022년 2월 6일 18시,일요일,경상남도 양산시 물금읍,부상신고사고,0,0,0,1,차대차 - 측면충돌,안전운전불이행,건조,맑음,교차로 - 교차로안,승용,남,53세,상해없음,원동기,남,25세,부상신고
2022020600100196,2022년 2월 6일 18시,일요일,경상남도 하동군 옥종면,사망사고,1,0,0,0,차량단독 - 공작물충돌,안전운전불이행,건조,맑음,단일로 - 기타,화물,남,56세,사망,,,,
2022020600100197,2022년 2월 6일 18시,일요일,경상남도 김해시 응달동,중상사고,0,2,1,0,차대차 - 측면충돌,신호위반,건조,맑음,교차로 - 교차로안,승용,여,53세,상해없음,승용,여,29세,중상
2022020600100223,2022년 2월 6일 19시,일요일,경상남도 양산시 삼호동,경상사고,0,0,1,0,차대사람 - 횡단중,보행자보호의무위반,건조,맑음,교차로 - 교차로부근,화물,남,65세,상해없음,보행자,여,78세,경상
2022020600100241,2022년 2월 6일 20시,일요일,경상남도 양산시 평산동,중상사고,0,1,0,0,차대사람 - 보도통행중,보행자보호의무위반,건조,맑음,단일로 - 기타,승용,남,26세,상해없음,보행자,남,56세,중상
2022020600100257,2022년 2월 6일 21시,일요일,경상남도 통영시 광도면,경상사고,0,0,2,0,차대차 - 측면충돌,신호위반,건조,맑음,교차로 - 교차로안,승용,여,61세,상해없음,승용,여,52세,경상
2022020700100008,2022년 2월 7일 04시,월요일,경상남도 창원시 진해구 용원동,중상사고,0,1,0,0,차량단독 - 공작물충돌,안전운전불이행,건조,맑음,교차로 - 교차로안,승용,여,32세,상해없음,,,,
2022020700100013,2022년 2월 7일 05시,월요일,경상남도 창원시 진해구 이동,경상사고,0,0,1,0,차대차 - 기타,신호위반,건조,맑음,교차로 - 교차로안,승용,남,72세,상해없음,승용,여,62세,경상
2022020700100027,2022년 2월 7일 06시,월요일,경상남도 진주시 초전동,중상사고,0,1,0,0,차대사람 - 횡단중,보행자보호의무위반,건조,맑음,교차로 - 교차로횡단보도내,화물,남,33세,상해없음,보행자,여,51세,중상
2022020700100068,2022년 2월 7일 08시,월요일,경상남도 창원시 의창구 봉곡동,중상사고,0,1,0,0,차대사람 - 횡단중,보행자보호의무위반,건조,맑음,교차로 - 교차로횡단보도내,승합,남,52세,상해없음,보행자,남,73세,중상
2022020700100112,2022년 2월 7일 10시,월요일,경상남도 김해시 한림면,중상사고,0,2,0,0,차대차 - 측면충돌,기타,건조,맑음,단일로 - 기타,특수,남,56세,상해없음,화물,남,50세,중상
2022020700100153,2022년 2월 7일 12시,월요일,경상남도 밀양시 무안면,경상사고,0,0,1,0,차대사람 - 횡단중,보행자보호의무위반,건조,맑음,교차로 - 교차로횡단보도내,승용,여,60세,상해없음,보행자,여,24세,경상
2022020700100154,2022년 2월 7일 12시,월요일,경상남도 하동군 금남면,사망사고,1,0,0,0,차대차 - 추돌,안전운전불이행,건조,맑음,단일로 - 기타,화물,남,37세,상해없음,농기계,남,59세,사망
2022020700100155,2022년 2월 7일 12시,월요일,경상남도 산청군 단성면,경상사고,0,0,1,0,차대차 - 기타,중앙선침범,건조,맑음,단일로 - 기타,이륜,남,39세,경상,화물,남,45세,상해없음
2022020700100172,2022년 2월 7일 13시,월요일,경상남도 통영시 도남동,중상사고,0,1,0,0,차대차 - 기타,직진우회전진행방해,건조,맑음,교차로 - 교차로안,승용,남,61세,상해없음,이륜,남,25세,중상
2022020700100194,2022년 2월 7일 14시,월요일,경상남도 진주시 칠암동,중상사고,0,1,1,0,차대차 - 추돌,안전운전불이행,건조,기타,교차로 - 교차로부근,승용,여,45세,상해없음,승용,남,50세,상해없음
2022020700100195,2022년 2월 7일 14시,월요일,경상남도 양산시 하북면,경상사고,0,0,1,0,차대차 - 추돌,안전운전불이행,건조,맑음,단일로 - 기타,승용,남,61세,상해없음,승용,남,27세,경상
2022020700100217,2022년 2월 7일 15시,월요일,경상남도 창원시 마산회원구 내서읍,중상사고,0,1,0,0,차량단독 - 기타,안전운전불이행,건조,맑음,교차로 - 교차로부근,승합,남,47세,상해없음,,,,
2022020700100276,2022년 2월 7일 17시,월요일,경상남도 김해시 삼방동,중상사고,0,1,0,0,차대차 - 측면충돌,교차로운행방법위반,건조,맑음,교차로 - 교차로안,승용,남,68세,상해없음,이륜,여,56세,중상
2022020700100277,2022년 2월 7일 17시,월요일,경상남도 창원시 마산합포구 산호동,경상사고,0,0,1,0,차대차 - 기타,안전운전불이행,건조,맑음,교차로 - 교차로부근,승용,여,57세,상해없음,이륜,남,28세,경상
2022020700100310,2022년 2월 7일 18시,월요일,경상남도 통영시 무전동,중상사고,0,1,0,0,차대차 - 정면충돌,직진우회전진행방해,건조,맑음,교차로 - 교차로안,승용,남,30세,상해없음,이륜,남,25세,중상
2022020700100311,2022년 2월 7일 18시,월요일,경상남도 김해시 구산동,중상사고,0,1,0,0,차대차 - 측면충돌,신호위반,건조,맑음,교차로 - 교차로안,이륜,남,38세,기타불명,이륜,남,28세,중상
2022020700100325,2022년 2월 7일 19시,월요일,경상남도 양산시 물금읍,중상사고,0,1,0,0,차대사람 - 횡단중,보행자보호의무위반,건조,맑음,교차로 - 교차로횡단보도내,화물,남,35세,상해없음,보행자,남,65세,중상
2022020700100379,2022년 2월 7일 21시,월요일,경상남도 양산시 중부동,경상사고,0,0,1,0,차대차 - 기타,중앙선침범,건조,맑음,단일로 - 기타,이륜,남,44세,상해없음,이륜,남,19세,경상
2022020700100380,2022년 2월 7일 21시,월요일,경상남도 창원시 의창구 중동,경상사고,0,0,1,0,차대차 - 기타,안전운전불이행,건조,맑음,교차로 - 교차로부근,승용,남,34세,상해없음,승용,여,27세,경상
2022020800100007,2022년 2월 8일 00시,화요일,경상남도 김해시 삼정동,중상사고,0,1,0,0,차대차 - 측면충돌,안전운전불이행,건조,맑음,교차로 - 교차로안,승합,남,45세,상해없음,이륜,여,64세,중상
2022020800100058,2022년 2월 8일 07시,화요일,경상남도 밀양시 상남면,경상사고,0,0,2,0,차대차 - 정면충돌,중앙선침범,건조,맑음,단일로 - 기타,승용,남,79세,상해없음,승용,여,43세,경상
2022020800100091,2022년 2월 8일 08시,화요일,경상남도 양산시 북정동,경상사고,0,0,1,0,차대차 - 측면충돌,안전운전불이행,건조,맑음,단일로 - 기타,승용,남,28세,상해없음,건설기계,남,47세,경상
2022020800100116,2022년 2월 8일 09시,화요일,경상남도 창원시 마산회원구 구암동,경상사고,0,0,1,0,차대사람 - 기타,안전운전불이행,건조,맑음,단일로 - 기타,승용,남,53세,상해없음,보행자,남,46세,경상
2022020800100137,2022년 2월 8일 10시,화요일,경상남도 창원시 성산구 신월동,경상사고,0,0,1,0,차대사람 - 차도통행중,안전운전불이행,건조,맑음,단일로 - 기타,승용,남,67세,상해없음,보행자,남,22세,경상
2022020800100159,2022년 2월 8일 11시,화요일,경상남도 김해시 어방동,경상사고,0,0,1,0,차대사람 - 기타,안전운전불이행,건조,맑음,교차로 - 교차로안,승용,여,50세,상해없음,보행자,여,78세,경상
2022020800100176,2022년 2월 8일 12시,화요일,경상남도 사천시 사천읍,경상사고,0,0,2,0,차대차 - 측면충돌,안전운전불이행,건조,맑음,단일로 - 기타,승용,남,67세,경상,화물,남,60세,경상
2022020800100207,2022년 2월 8일 13시,화요일,경상남도 김해시 진영읍,경상사고,0,0,1,0,차대차 - 측면충돌,교차로운행방법위반,건조,맑음,교차로 - 교차로안,화물,남,74세,상해없음,승용,남,36세,경상
2022020800100239,2022년 2월 8일 14시,화요일,경상남도 거창군 거창읍,경상사고,0,0,1,0,차대차 - 추돌,교차로운행방법위반,건조,맑음,교차로 - 교차로안,승용,남,58세,상해없음,특수,남,45세,경상
2022020800100240,2022년 2월 8일 14시,화요일,경상남도 남해군 남면,중상사고,0,1,0,0,차대차 - 측면충돌,교차로운행방법위반,건조,맑음,교차로 - 교차로부근,승합,남,41세,상해없음,농기계,남,80세,중상
2022020800100241,2022년 2월 8일 14시,화요일,경상남도 창원시 성산구 중앙동,경상사고,0,0,1,0,차대차 - 측면충돌,안전운전불이행,건조,맑음,단일로 - 기타,승용,여,45세,경상,승용,여,25세,기타불명
2022020800100275,2022년 2월 8일 15시,화요일,경상남도 진주시 평거동,중상사고,0,2,0,0,차대차 - 추돌,안전운전불이행,건조,맑음,단일로 - 기타,건설기계,남,48세,상해없음,승용,남,50세,중상
2022020800100327,2022년 2월 8일 17시,화요일,경상남도 진주시 평거동,중상사고,0,1,0,0,차대차 - 측면충돌,안전운전불이행,건조,맑음,교차로 - 교차로안,승용,남,36세,상해없음,이륜,남,34세,중상
2022020800100371,2022년 2월 8일 18시,화요일,경상남도 창원시 진해구 용원동,경상사고,0,0,1,0,차대차 - 측면충돌,안전운전불이행,건조,맑음,교차로 - 교차로부근,화물,남,71세,상해없음,승용,여,59세,경상
2022020800100372,2022년 2월 8일 18시,화요일,경상남도 거제시 상동동,중상사고,0,1,0,0,차대차 - 기타,교차로운행방법위반,건조,맑음,교차로 - 교차로안,승용,남,64세,상해없음,승용,남,25세,중상
2022020800100373,2022년 2월 8일 18시,화요일,경상남도 창원시 마산회원구 회원동,중상사고,0,1,0,0,차대사람 - 차도통행중,안전운전불이행,건조,맑음,교차로 - 교차로안,승용,남,51세,상해없음,보행자,여,35세,중상
2022020800100374,2022년 2월 8일 18시,화요일,경상남도 김해시 진례면,부상신고사고,0,0,0,1,차대사람 - 횡단중,신호위반,건조,맑음,교차로 - 교차로횡단보도내,승용,남,32세,부상신고,보행자,남,48세,상해없음
2022020800100417,2022년 2월 8일 19시,화요일,경상남도 김해시 외동,부상신고사고,0,0,0,1,차대차 - 기타,안전운전불이행,건조,맑음,단일로 - 기타,기타불명,기타불명,미분류,기타불명,자전거,여,58세,부상신고
2022020800100418,2022년 2월 8일 19시,화요일,경상남도 거창군 거창읍,경상사고,0,0,1,0,차대차 - 추돌,안전운전불이행,건조,맑음,교차로 - 교차로안,화물,남,65세,상해없음,승용,여,25세,경상
2022020800100449,2022년 2월 8일 20시,화요일,경상남도 밀양시 내이동,경상사고,0,0,1,0,차대사람 - 횡단중,안전운전불이행,건조,흐림,교차로 - 교차로안,이륜,남,47세,상해없음,보행자,남,73세,경상
2022020800100450,2022년 2월 8일 20시,화요일,경상남도 김해시 율하동,부상신고사고,0,0,0,1,차대차 - 기타,안전운전불이행,건조,맑음,단일로 - 기타,승합,남,54세,부상신고,개인형이동수단(PM),남,36세,상해없음
2022020800100479,2022년 2월 8일 21시,화요일,경상남도 창원시 마산합포구 예곡동,경상사고,0,0,2,0,차대차 - 추돌,기타,건조,맑음,단일로 - 기타,승용,남,51세,경상,승용,여,51세,경상
2022020800100480,2022년 2월 8일 21시,화요일,경상남도 거제시 고현동,경상사고,0,0,1,0,차대차 - 측면충돌,안전운전불이행,건조,맑음,교차로 - 교차로안,이륜,남,50세,상해없음,승용,여,43세,경상
2022020900100005,2022년 2월 9일 00시,수요일,경상남도 창원시 성산구 신촌동,경상사고,0,0,1,0,차대차 - 추돌,안전운전불이행,건조,맑음,교차로 - 교차로부근,승용,여,52세,상해없음,화물,남,47세,경상
2022020900100014,2022년 2월 9일 01시,수요일,경상남도 고성군 마암면,경상사고,0,0,1,0,차대차 - 정면충돌,중앙선침범,건조,맑음,단일로 - 기타,승용,남,67세,상해없음,승용,남,30세,경상
2022020900100020,2022년 2월 9일 03시,수요일,경상남도 창녕군 창녕읍,중상사고,0,1,0,0,차량단독 - 공작물충돌,안전운전불이행,젖음/습기,흐림,주차장 - 주차장,승용,남,62세,중상,,,,
2022020900100044,2022년 2월 9일 06시,수요일,경상남도 통영시 무전동,중상사고,0,1,0,0,차량단독 - 전도전복 - 전복,안전운전불이행,건조,맑음,단일로 - 기타,승용,남,26세,중상,,,,
2022020900100068,2022년 2월 9일 07시,수요일,경상남도 창원시 의창구 명서동,경상사고,0,0,3,0,차대차 - 측면충돌,안전거리미확보,건조,맑음,단일로 - 기타,승용,남,42세,상해없음,승합,남,55세,경상
2022020900100136,2022년 2월 9일 10시,수요일,경상남도 고성군 고성읍,경상사고,0,0,2,0,차대차 - 추돌,안전운전불이행,건조,맑음,단일로 - 기타,승용,남,66세,상해없음,승용,남,40세,경상
2022020900100160,2022년 2월 9일 11시,수요일,경상남도 창원시 진해구 태백동,경상사고,0,0,1,0,차대차 - 기타,기타,건조,맑음,단일로 - 기타,특수,남,47세,상해없음,승용,여,43세,경상
2022020900100191,2022년 2월 9일 12시,수요일,경상남도 김해시 어방동,중상사고,0,1,0,0,차대사람 - 길가장자리구역통행중,안전운전불이행,건조,맑음,교차로 - 교차로부근,승용,여,62세,상해없음,보행자,여,21세,중상
2022020900100192,2022년 2월 9일 12시,수요일,경상남도 함안군 대산면,경상사고,0,0,1,0,차대차 - 기타,안전운전불이행,건조,맑음,교차로 - 교차로안,이륜,남,74세,경상,화물,남,62세,상해없음
2022020900100224,2022년 2월 9일 13시,수요일,경상남도 밀양시 하남읍,경상사고,0,0,1,0,차대사람 - 횡단중,안전운전불이행,건조,맑음,교차로 - 교차로안,원동기,남,58세,상해없음,보행자,남,11세,경상
2022020900100225,2022년 2월 9일 13시,수요일,경상남도 양산시 하북면,경상사고,0,0,1,0,차대차 - 기타,안전운전불이행,건조,맑음,단일로 - 기타,승용,여,36세,상해없음,승용,여,63세,경상
2022020900100244,2022년 2월 9일 14시,수요일,경상남도 진주시 주약동,중상사고,0,1,0,0,차대차 - 추돌,안전거리미확보,건조,맑음,단일로 - 기타,화물,남,62세,상해없음,승용,여,34세,중상
2022020900100274,2022년 2월 9일 15시,수요일,경상남도 김해시 외동,중상사고,0,1,0,0,차대차 - 측면충돌,안전거리미확보,건조,맑음,단일로 - 기타,화물,남,55세,상해없음,승용,남,60세,중상