사고번호,사고일시,요일,시군구,사고내용,사망자수,중상자수,경상자수,부상신고자수,사고유형,법규위반,노면상태,기상상태,도로형태,가해운전자 차종,가해운전자 성별,가해운전자 연령,가해운전자 상해정도,피해운전자 차종,피해운전자 성별,피해운전자 연령,피해운전자 상해정도
2022021300100307,2022년 2월 13일 21시,일요일,경상남도 김해시 진영읍,경상사고,0,0,4,0,차대차 - 측면충돌,불법유턴,건조,맑음,교차로 - 교차로부근,승용,여,46세,상해없음,승용,남,30세,경상
2022021400100015,2022년 2월 14일 04시,월요일,경상남도 진주시 충무공동,중상사고,0,1,0,0,차대차 - 측면충돌,신호위반,건조,맑음,교차로 - 교차로안,승용,남,69세,상해없음,승용,남,52세,중상
2022021400100039,2022년 2월 14일 06시,월요일,경상남도 양산시 매곡동,경상사고,0,0,1,0,차대차 - 측면충돌,안전운전불이행,건조,맑음,교차로 - 교차로안,화물,남,62세,기타불명,승용,여,21세,경상
2022021400100040,2022년 2월 14일 06시,월요일,경상남도 거제시 하청면,중상사고,0,1,0,0,차대사람 - 기타,안전운전불이행,건조,맑음,단일로 - 기타,승용,남,27세,상해없음,보행자,여,81세,중상
2022021400100070,2022년 2월 14일 08시,월요일,경상남도 양산시 상북면,경상사고,0,0,2,0,차대차 - 추돌,안전운전불이행,건조,맑음,단일로 - 기타,화물,남,66세,상해없음,승용,남,47세,경상
2022021400100081,2022년 2월 14일 08시,월요일,경상남도 창원시 성산구 상남동,중상사고,0,1,0,0,차대사람 - 기타,안전운전불이행,건조,맑음,주차장 - 주차장,승용,여,30세,상해없음,보행자,남,33세,중상
2022021400100132,2022년 2월 14일 10시,월요일,경상남도 산청군 신안면,경상사고,0,0,2,0,차대차 - 추돌,안전거리미확보,건조,맑음,단일로 - 기타,화물,남,52세,상해없음,승용,여,70세,상해없음
2022021400100164,2022년 2월 14일 11시,월요일,경상남도 사천시 용현면,경상사고,0,0,1,0,차대차 - 추돌,안전운전불이행,건조,맑음,교차로 - 교차로부근,승용,여,52세,상해없음,승용,여,49세,경상
2022021400100165,2022년 2월 14일 11시,월요일,경상남도 사천시 동금동,중상사고,0,2,2,0,차대차 - 측면충돌,직진우회전진행방해,건조,맑음,교차로 - 교차로안,승용,여,67세,경상,승용,남,71세,중상
2022021400100166,2022년 2월 14일 11시,월요일,경상남도 거창군 거창읍,경상사고,0,0,1,0,차대차 - 측면충돌,안전운전불이행,건조,맑음,교차로 - 교차로안,승용,남,54세,상해없음,원동기,남,21세,경상
2022021400100167,2022년 2월 14일 11시,월요일,경상남도 창원시 의창구 동정동,경상사고,0,0,3,0,차대차 - 추돌,안전운전불이행,건조,맑음,단일로 - 기타,승용,남,62세,경상,승용,남,76세,경상
2022021400100191,2022년 2월 14일 12시,월요일,경상남도 창원시 의창구 봉곡동,경상사고,0,0,1,0,차대사람 - 기타,안전운전불이행,건조,맑음,단일로 - 기타,승용,남,51세,상해없음,보행자,여,40세,경상
2022021400100192,2022년 2월 14일 12시,월요일,경상남도 창원시 의창구 팔용동,경상사고,0,0,1,0,차대차 - 정면충돌,안전운전불이행,건조,맑음,단일로 - 기타,승용,남,73세,상해없음,승용,남,52세,경상
2022021400100221,2022년 2월 14일 13시,월요일,경상남도 양산시 소주동,경상사고,0,0,1,0,차대차 - 측면충돌,직진우회전진행방해,건조,맑음,교차로 - 교차로안,승용,여,62세,상해없음,승용,남,72세,경상
2022021400100253,2022년 2월 14일 14시,월요일,경상남도 창원시 마산합포구 중앙동1가,중상사고,0,1,0,0,차량단독 - 기타,안전운전불이행,건조,맑음,단일로 - 기타,승합,여,54세,상해없음,,,,
2022021400100281,2022년 2월 14일 15시,월요일,경상남도 양산시 유산동,부상신고사고,0,0,0,1,차대차 - 측면충돌,안전운전불이행,건조,맑음,단일로 - 기타,승용,남,59세,상해없음,이륜,남,39세,부상신고
2022021400100282,2022년 2월 14일 15시,월요일,경상남도 창원시 성산구 남양동,경상사고,0,0,1,0,차대사람 - 기타,보행자보호의무위반,건조,맑음,단일로 - 기타,승용,남,25세,상해없음,보행자,남,23세,경상
2022021400100387,2022년 2월 14일 18시,월요일,경상남도 양산시 물금읍,경상사고,0,0,1,0,차대차 - 측면충돌,교차로운행방법위반,건조,맑음,교차로 - 교차로안,승용,남,59세,상해없음,승용,남,40세,경상
2022021400100388,2022년 2월 14일 18시,월요일,경상남도 창원시 마산회원구 양덕동,경상사고,0,0,1,0,차대차 - 추돌,안전운전불이행,건조,맑음,교차로 - 교차로부근,승용,여,64세,상해없음,승용,남,59세,경상
2022021400100417,2022년 2월 14일 19시,월요일,경상남도 창원시 진해구 용원동,중상사고,0,1,0,0,차대차 - 정면충돌,안전운전불이행,건조,맑음,교차로 - 교차로안,승용,남,77세,상해없음,이륜,남,42세,중상
2022021400100445,2022년 2월 14일 20시,월요일,경상남도 창원시 마산합포구 교방동,경상사고,0,0,2,0,차대차 - 측면충돌,안전운전불이행,건조,맑음,단일로 - 기타,승용,남,45세,경상,이륜,남,39세,경상
2022021400100486,2022년 2월 14일 22시,월요일,경상남도 김해시 진영읍,중상사고,0,1,0,0,차대사람 - 횡단중,안전운전불이행,건조,맑음,교차로 - 교차로안,승용,남,46세,상해없음,보행자,여,42세,중상
2022021500100002,2022년 2월 15일 00시,화요일,경상남도 거창군 거창읍,경상사고,0,0,1,0,차대차 - 측면충돌,교차로운행방법위반,건조,맑음,교차로 - 교차로안,이륜,여,77세,경상,승용,남,72세,상해없음
2022021500100056,2022년 2월 15일 08시,화요일,경상남도 창원시 의창구 사림동,경상사고,0,0,1,0,차대차 - 측면충돌,안전운전불이행,건조,맑음,교차로 - 교차로안,승용,여,26세,상해없음,승용,남,30세,경상
2022021500100080,2022년 2월 15일 09시,화요일,경상남도 통영시 광도면,중상사고,0,1,0,0,차대차 - 측면충돌,신호위반,건조,맑음,교차로 - 교차로안,승용,여,29세,상해없음,승용,여,59세,중상
2022021500100120,2022년 2월 15일 11시,화요일,경상남도 창원시 진해구 자은동,경상사고,0,0,1,0,차대차 - 후진중충돌,안전운전불이행,건조,맑음,교차로 - 교차로부근,승용,남,64세,상해없음,승용,남,44세,경상
2022021500100121,2022년 2월 15일 11시,화요일,경상남도 양산시 중부동,중상사고,0,1,0,0,차대차 - 기타,신호위반,건조,맑음,교차로 - 교차로안,이륜,남,43세,중상,승합,남,61세,상해없음
2022021500100122,2022년 2월 15일 11시,화요일,경상남도 양산시 소주동,중상사고,0,1,0,0,차대차 - 정면충돌,중앙선침범,건조,맑음,교차로 - 교차로안,승용,여,55세,상해없음,이륜,남,52세,중상
2022021500100148,2022년 2월 15일 12시,화요일,경상남도 김해시 어방동,경상사고,0,0,3,0,차대차 - 후진중충돌,안전운전불이행,건조,맑음,단일로 - 기타,승용,여,32세,상해없음,승용,남,36세,경상
2022021500100179,2022년 2월 15일 13시,화요일,경상남도 통영시 중앙동,경상사고,0,0,1,0,차대사람 - 차도통행중,안전운전불이행,건조,맑음,단일로 - 기타,승용,남,74세,상해없음,보행자,남,72세,경상
2022021500100206,2022년 2월 15일 14시,화요일,경상남도 양산시 삼호동,부상신고사고,0,0,0,1,차대차 - 기타,안전거리미확보,건조,맑음,단일로 - 기타,이륜,남,41세,부상신고,승용,남,21세,상해없음
2022021500100207,2022년 2월 15일 14시,화요일,경상남도 함안군 가야읍,경상사고,0,0,1,0,차대사람 - 기타,안전운전불이행,건조,맑음,주차장 - 주차장,승용,남,75세,상해없음,보행자,남,66세,경상
2022021500100208,2022년 2월 15일 14시,화요일,경상남도 김해시 흥동,경상사고,0,0,1,0,차대차 - 측면충돌,중앙선침범,건조,맑음,교차로 - 교차로안,화물,남,59세,상해없음,승합,남,51세,경상
2022021500100235,2022년 2월 15일 15시,화요일,경상남도 사천시 선구동,중상사고,0,1,0,0,차대사람 - 횡단중,보행자보호의무위반,건조,맑음,교차로 - 교차로횡단보도내,승용,남,54세,상해없음,보행자,여,59세,중상
2022021500100236,2022년 2월 15일 15시,화요일,경상남도 밀양시 상남면,경상사고,0,0,1,0,차량단독 - 전도전복 - 전도,안전운전불이행,건조,맑음,단일로 - 기타,이륜,남,73세,경상,,,,
2022021500100237,2022년 2월 15일 15시,화요일,경상남도 김해시 삼계동,경상사고,0,0,1,0,차대차 - 정면충돌,안전운전불이행,건조,맑음,교차로 - 교차로안,승용,여,38세,경상,화물,남,63세,상해없음
2022021500100262,2022년 2월 15일 16시,화요일,경상남도 밀양시 삼랑진읍,중상사고,0,1,0,0,차대차 - 측면충돌,안전운전불이행,건조,맑음,단일로 - 기타,화물,남,73세,상해없음,자전거,남,56세,중상
2022021500100263,2022년 2월 15일 16시,화요일,경상남도 김해시 어방동,경상사고,0,0,1,0,차대사람 - 길가장자리구역통행중,안전운전불이행,건조,맑음,단일로 - 기타,승용,남,37세,상해없음,보행자,여,64세,경상
2022021500100292,2022년 2월 15일 17시,화요일,경상남도 밀양시 내이동,경상사고,0,0,2,0,차대차 - 측면충돌,안전운전불이행,건조,맑음,교차로 - 교차로안,승용,여,28세,상해없음,승용,여,58세,경상
2022021500100328,2022년 2월 15일 18시,화요일,경상남도 창원시 진해구 소사동,경상사고,0,0,1,0,차대차 - 추돌,중앙선침범,건조,맑음,교차로 - 교차로부근,승용,남,39세,상해없음,승용,남,32세,경상
2022021500100329,2022년 2월 15일 18시,화요일,경상남도 양산시 북부동,중상사고,0,2,0,0,차대차 - 정면충돌,중앙선침범,건조,맑음,단일로 - 기타,승용,여,57세,중상,승용,남,47세,중상
2022021500100349,2022년 2월 15일 19시,화요일,경상남도 김해시 상동면,중상사고,0,1,0,0,차대차 - 측면충돌,안전운전불이행,건조,맑음,단일로 - 기타,승용,남,38세,상해없음,승용,남,49세,중상
2022021500100366,2022년 2월 15일 19시,화요일,경상남도 양산시 중부동,중상사고,0,1,0,0,차대차 - 기타,안전운전불이행,건조,맑음,단일로 - 기타,승용,여,30세,상해없음,이륜,남,23세,중상
2022021500100393,2022년 2월 15일 20시,화요일,경상남도 사천시 사남면,중상사고,0,1,0,0,차대사람 - 기타,안전운전불이행,건조,맑음,단일로 - 기타,승용,남,41세,상해없음,보행자,남,23세,중상
2022021500100394,2022년 2월 15일 20시,화요일,경상남도 창원시 마산회원구 내서읍,경상사고,0,0,1,0,차대차 - 정면충돌,신호위반,건조,맑음,교차로 - 교차로안,승용,남,59세,상해없음,승용,남,42세,경상
2022021500100419,2022년 2월 15일 21시,화요일,경상남도 진주시 평거동,경상사고,0,0,1,0,차대사람 - 기타,안전운전불이행,건조,맑음,단일로 - 기타,승용,남,58세,상해없음,보행자,남,42세,경상
2022021500100420,2022년 2월 15일 21시,화요일,경상남도 김해시 내동,중상사고,0,2,0,0,차대사람 - 횡단중,보행자보호의무위반,건조,맑음,교차로 - 교차로부근,승용,남,61세,상해없음,보행자,여,21세,중상
2022021500100421,2022년 2월 15일 21시,화요일,경상남도 창원시 성산구 성주동,경상사고,0,0,1,0,차대사람 - 기타,안전운전불이행,건조,맑음,단일로 - 기타,승용,여,25세,상해없음,보행자,남,42세,경상
2022021500100422,2022년 2월 15일 21시,화요일,경상남도 김해시 신문동,경상사고,0,0,1,0,차대차 - 추돌,안전운전불이행,건조,맑음,교차로 - 교차로부근,승용,여,49세,상해없음,승용,여,41세,경상
2022021500100453,2022년 2월 15일 23시,화요일,경상남도 거창군 거창읍,경상사고,0,0,1,0,차대차 - 추돌,안전운전불이행,건조,맑음,교차로 - 교차로부근,승용,남,53세,경상,승용,여,48세,기타불명
2022021600100028,2022년 2월 16일 06시,수요일,경상남도 거창군 거창읍,중상사고,0,1,0,0,차대차 - 측면충돌,직진우회전진행방해,건조,맑음,교차로 - 교차로안,승용,남,65세,상해없음,승용,남,71세,중상
2022021600100046,2022년 2월 16일 07시,수요일,경상남도 사천시 사남면,경상사고,0,0,1,0,차대차 - 기타,안전운전불이행,건조,맑음,단일로 - 기타,승용,남,28세,상해없음,승용,남,29세,경상
2022021600100047,2022년 2월 16일 07시,수요일,경상남도 창원시 성산구 대원동,중상사고,0,1,0,0,차대차 - 측면충돌,신호위반,건조,맑음,교차로 - 교차로안,승용,여,51세,상해없음,승용,남,44세,중상
2022021600100100,2022년 2월 16일 10시,수요일,경상남도 창녕군 남지읍,중상사고,0,1,1,0,차대차 - 측면충돌,안전운전불이행,건조,맑음,교차로 - 교차로안,승용,남,34세,경상,승용,여,42세,중상
2022021600100101,2022년 2월 16일 10시,수요일,경상남도 함양군 안의면,부상신고사고,0,0,0,2,차대차 - 측면충돌,교차로운행방법위반,건조,맑음,교차로 - 교차로안,승용,남,42세,부상신고,화물,남,68세,부상신고
2022021600100102,2022년 2월 16일 10시,수요일,경상남도 양산시 물금읍,경상사고,0,0,1,0,차대차 - 측면충돌,안전운전불이행,건조,맑음,교차로 - 교차로안,승용,여,44세,상해없음,이륜,남,33세,경상
2022021600100103,2022년 2월 16일 10시,수요일,경상남도 산청군 단성면,사망사고,1,0,1,0,차대차 - 정면충돌,중앙선침범,건조,맑음,단일로 - 기타,화물,남,63세,사망,화물,남,38세,경상
2022021600100104,2022년 2월 16일 10시,수요일,경상남도 창원시 성산구 웅남동,경상사고,0,0,1,0,차대차 - 측면충돌,안전운전불이행,건조,맑음,교차로 - 교차로부근,승용,남,68세,상해없음,화물,남,27세,경상
2022021600100126,2022년 2월 16일 11시,수요일,경상남도 창원시 마산합포구 신포동2가,중상사고,0,1,2,0,차대사람 - 길가장자리구역통행중,안전운전불이행,건조,맑음,단일로 - 기타,승용,여,53세,상해없음,보행자,여,44세,중상
2022021600100147,2022년 2월 16일 12시,수요일,경상남도 밀양시 삼문동,경상사고,0,0,1,0,차대사람 - 횡단중,보행자보호의무위반,건조,맑음,교차로 - 교차로안,승용,여,52세,상해없음,보행자,여,15세,경상
2022021600100180,2022년 2월 16일 13시,수요일,경상남도 사천시 서포면,경상사고,0,0,1,0,차량단독 - 기타,안전운전불이행,건조,맑음,단일로 - 기타,승용,남,67세,상해없음,,,,
2022021600100181,2022년 2월 16일 13시,수요일,경상남도 거제시 장평동,중상사고,0,1,0,0,차대사람 - 횡단중,보행자보호의무위반,건조,맑음,단일로 - 기타,승용,남,64세,상해없음,보행자,여,66세,중상
2022021600100260,2022년 2월 16일 16시,수요일,경상남도 창원시 진해구 두동,중상사고,0,1,1,0,차대차 - 기타,신호위반,건조,맑음,교차로 - 교차로안,화물,남,39세,중상,화물,남,59세,경상
2022021600100261,2022년 2월 16일 16시,수요일,경상남도 합천군 합천읍,중상사고,0,1,0,0,차대차 - 측면충돌,안전운전불이행,건조,맑음,교차로 - 교차로부근,승용,여,37세,상해없음,이륜,남,82세,중상
2022021600100286,2022년 2월 16일 17시,수요일,경상남도 창원시 진해구 태평동,경상사고,0,0,1,0,차대차 - 측면충돌,안전운전불이행,건조,맑음,교차로 - 교차로안,승용,남,21세,상해없음,승용,남,48세,경상
2022021600100287,2022년 2월 16일 17시,수요일,경상남도 창원시 의창구 봉곡동,부상신고사고,0,0,0,1,차대사람 - 길가장자리구역통행중,안전운전불이행,건조,맑음,단일로 - 기타,원동기,남,16세,상해없음,보행자,남,50세,부상신고
2022021600100328,2022년 2월 16일 18시,수요일,경상남도 김해시 어방동,경상사고,0,0,1,0,차대차 - 측면충돌,안전운전불이행,건조,맑음,교차로 - 교차로안,승용,여,40세,상해없음,이륜,남,31세,경상
2022021600100329,2022년 2월 16일 18시,수요일,경상남도 김해시 외동,경상사고,0,0,2,0,차대차 - 측면충돌,안전운전불이행,건조,맑음,교차로 - 교차로부근,승용,여,37세,상해없음,승용,여,47세,경상
2022021600100330,2022년 2월 16일 18시,수요일,경상남도 창원시 성산구 상남동,부상신고사고,0,0,0,1,차대사람 - 차도통행중,안전운전불이행,건조,맑음,교차로 - 교차로안,승용,여,24세,상해없음,보행자,여,64세,부상신고
2022021600100331,2022년 2월 16일 18시,수요일,경상남도 김해시 부곡동,중상사고,0,2,0,0,차대차 - 정면충돌,직진우회전진행방해,건조,맑음,교차로 - 교차로안,승용,여,48세,상해없음,이륜,남,18세,중상
2022021600100332,2022년 2월 16일 18시,수요일,경상남도 김해시 대청동,경상사고,0,0,1,0,차대차 - 측면충돌,안전운전불이행,건조,맑음,교차로 - 교차로안,승용,여,31세,상해없음,이륜,남,39세,경상
2022021600100401,2022년 2월 16일 20시,수요일,경상남도 김해시 진영읍,경상사고,0,0,1,0,차대차 - 추돌,안전거리미확보,건조,맑음,단일로 - 고가도로위,승용,남,36세,상해없음,승용,여,48세,경상
2022021600100433,2022년 2월 16일 21시,수요일,경상남도 진주시 옥봉동,경상사고,0,0,1,0,차대차 - 측면충돌,중앙선침범,건조,맑음,교차로 - 교차로부근,승용,남,48세,상해없음,승용,남,27세,경상
2022021600100434,2022년 2월 16일 21시,수요일,경상남도 진주시 상평동,중상사고,0,2,0,0,차대차 - 정면충돌,기타,건조,맑음,단일로 - 기타,승용,남,41세,중상,승용,여,45세,상해없음
2022021600100435,2022년 2월 16일 21시,수요일,경상남도 양산시 중부동,중상사고,0,1,0,0,차대차 - 정면충돌,중앙선침범,건조,맑음,교차로 - 교차로안,승용,남,34세,상해없음,승용,여,54세,중상
2022021600100436,2022년 2월 16일 21시,수요일,경상남도 창원시 마산회원구 양덕동,경상사고,0,0,1,0,차대차 - 측면충돌,안전운전불이행,건조,맑음,교차로 - 교차로부근,개인형이동수단(PM),남,36세,경상,승용,여,58세,상해없음
2022021600100461,2022년 2월 16일 22시,수요일,경상남도 양산시 삼호동,경상사고,0,0,1,0,차대차 - 측면충돌,안전운전불이행,건조,맑음,교차로 - 교차로안,승합,남,60세,상해없음,승용,여,52세,경상
2022021600100462,2022년 2월 16일 22시,수요일,경상남도 양산시 물금읍,중상사고,0,1,0,0,차대사람 - 차도통행중,안전운전불이행,건조,맑음,교차로 - 교차로안,승용,남,38세,상해없음,보행자,남,28세,중상
2022021700100019,2022년 2월 17일 04시,목요일,경상남도 김해시 진영읍,중상사고,0,1,0,0,차대차 - 측면충돌,신호위반,건조,맑음,교차로 - 교차로안,승용,남,42세,상해없음,승용,여,60세,중상
2022021700100070,2022년 2월 17일 08시,목요일,경상남도 창원시 의창구 대산면,중상사고,0,1,1,0,차대차 - 측면충돌,중앙선침범,건조,맑음,단일로 - 기타,승용,여,30세,상해없음,화물,남,55세,경상
2022021700100099,2022년 2월 17일 09시,목요일,경상남도 통영시 광도면,경상사고,0,0,1,0,차대차 - 후진중충돌,불법유턴,건조,맑음,주차장 - 주차장,승용,여,52세,기타불명,승용,여,60세,경상
2022021700100128,2022년 2월 17일 10시,목요일,경상남도 양산시 물금읍,경상사고,0,0,1,0,차대차 - 측면충돌,안전운전불이행,건조,맑음,단일로 - 기타,승용,여,34세,상해없음,자전거,남,52세,경상
2022021700100129,2022년 2월 17일 10시,목요일,경상남도 창원시 마산회원구 합성동,중상사고,0,1,0,0,차대사람 - 횡단중,보행자보호의무위반,건조,맑음,교차로 - 교차로횡단보도내,화물,여,48세,상해없음,보행자,여,72세,중상
2022021700100162,2022년 2월 17일 11시,목요일,경상남도 양산시 덕계동,경상사고,0,0,1,0,차대사람 - 기타,안전운전불이행,건조,맑음,기타 - 기타,승용,남,46세,상해없음,보행자,여,71세,경상
2022021700100163,2022년 2월 17일 11시,목요일,경상남도 남해군 설천면,중상사고,0,1,0,1,차대차 - 정면충돌,직진우회전진행방해,건조,맑음,단일로 - 기타,승용,여,62세,부상신고,승용,남,27세,중상
2022021700100188,2022년 2월 17일 12시,목요일,경상남도 통영시 용남면,경상사고,0,0,1,0,차대차 - 기타,기타,건조,맑음,단일로 - 기타,승용,남,67세,상해없음,승용,여,44세,경상
2022021700100206,2022년 2월 17일 13시,목요일,경상남도 창원시 의창구 동읍,경상사고,0,0,1,0,차대차 - 추돌,안전운전불이행,건조,맑음,단일로 - 기타,승용,남,37세,상해없음,화물,남,53세,경상
2022021700100237,2022년 2월 17일 14시,목요일,경상남도 밀양시 삼문동,중상사고,0,1,0,0,차대차 - 정면충돌,중앙선침범,건조,맑음,단일로 - 기타,자전거,남,76세,중상,승용,여,35세,상해없음
2022021700100238,2022년 2월 17일 14시,목요일,경상남도 창원시 의창구 북면,경상사고,0,0,1,0,차대차 - 추돌,안전운전불이행,건조,맑음,교차로 - 교차로안,승용,남,58세,상해없음,승용,여,35세,경상
2022021700100265,2022년 2월 17일 15시,목요일,경상남도 진주시 문산읍,중상사고,0,1,0,0,차대차 - 측면충돌,안전운전불이행,건조,맑음,교차로 - 교차로안,승용,남,67세,상해없음,승용,남,39세,중상
2022021700100266,2022년 2월 17일 15시,목요일,경상남도 창원시 의창구 서상동,경상사고,0,0,1,0,차대사람 - 기타,안전운전불이행,건조,맑음,단일로 - 기타,승합,남,48세,상해없음,보행자,남,63세,경상
2022021700100292,2022년 2월 17일 16시,목요일,경상남도 고성군 고성읍,경상사고,0,0,1,0,차대사람 - 횡단중,보행자보호의무위반,건조,맑음,교차로 - 교차로안,화물,여,62세,상해없음,보행자,여,73세,경상
2022021700100323,2022년 2월 17일 17시,목요일,경상남도 창원시 마산합포구 월남동1가,부상신고사고,0,0,0,1,차대차 - 추돌,안전운전불이행,건조,맑음,단일로 - 기타,이륜,남,45세,부상신고,승합,남,50세,상해없음
2022021700100324,2022년 2월 17일 17시,목요일,경상남도 통영시 광도면,경상사고,0,0,1,0,차대차 - 정면충돌,안전운전불이행,건조,맑음,단일로 - 기타,승용,남,54세,상해없음,이륜,남,21세,경상
2022021700100325,2022년 2월 17일 17시,목요일,경상남도 사천시 벌리동,부상신고사고,0,0,0,1,차대차 - 측면충돌,안전운전불이행,건조,맑음,교차로 - 교차로안,승용,남,20세,상해없음,이륜,남,27세,부상신고
2022021700100356,2022년 2월 17일 18시,목요일,경상남도 창원시 진해구 남문동,경상사고,0,0,1,0,차대차 - 정면충돌,직진우회전진행방해,건조,맑음,교차로 - 교차로안,승용,여,42세,상해없음,이륜,남,58세,경상
2022021700100357,2022년 2월 17일 18시,목요일,경상남도 통영시 무전동,경상사고,0,0,2,0,차대차 - 측면충돌,안전거리미확보,건조,맑음,단일로 - 기타,승용,남,45세,상해없음,화물,남,35세,경상
2022021700100385,2022년 2월 17일 19시,목요일,경상남도 김해시 내동,중상사고,0,1,0,0,차대차 - 측면충돌,안전운전불이행,건조,맑음,교차로 - 교차로안,승용,남,49세,상해없음,원동기,남,24세,중상
2022021700100416,2022년 2월 17일 20시,목요일,경상남도 함양군 함양읍,중상사고,0,1,0,0,차대사람 - 차도통행중,안전운전불이행,건조,맑음,단일로 - 기타,승용,남,58세,상해없음,보행자,남,51세,중상
2022021700100447,2022년 2월 17일 21시,목요일,경상남도 김해시 어방동,경상사고,0,0,2,0,차대차 - 측면충돌,중앙선침범,건조,맑음,단일로 - 기타,승용,여,44세,상해없음,승용,여,35세,경상
2022021700100448,2022년 2월 17일 21시,목요일,경상남도 김해시 진례면,중상사고,0,1,1,0,차대차 - 측면충돌,신호위반,건조,맑음,교차로 - 교차로안,화물,남,46세,경상,승용,남,52세,중상
2022021800100045,2022년 2월 18일 06시,금요일,경상남도 김해시 외동,경상사고,0,0,1,0,차대차 - 측면충돌,신호위반,건조,맑음,교차로 - 교차로안,화물,남,31세,상해없음,이륜,남,19세,경상
2022021800100060,2022년 2월 18일 07시,금요일,경상남도 김해시 안동,중상사고,0,1,0,0,차대차 - 측면충돌,안전운전불이행,건조,맑음,단일로 - 기타,자전거,남,51세,중상,승합,남,51세,기타불명
2022021800100061,2022년 2월 18일 07시,금요일,경상남도 창원시 의창구 북면,경상사고,0,0,1,0,차대차 - 기타,안전운전불이행,건조,맑음,단일로 - 기타,승용,여,60세,상해없음,승용,남,67세,경상
2022021800100088,2022년 2월 18일 08시,금요일,경상남도 김해시 흥동,경상사고,0,0,1,0,차대차 - 측면충돌,직진우회전진행방해,건조,맑음,교차로 - 교차로안,원동기,남,61세,상해없음,승용,남,32세,경상
2022021800100115,2022년 2월 18일 09시,금요일,경상남도 창원시 의창구 팔용동,중상사고,0,1,0,0,차대사람 - 횡단중,보행자보호의무위반,건조,맑음,교차로 - 교차로횡단보도내,승용,남,37세,상해없음,보행자,여,40세,중상
2022021800100144,2022년 2월 18일 10시,금요일,경상남도 창녕군 대합면,중상사고,0,1,0,0,차대차 - 추돌,안전운전불이행,건조,맑음,단일로 - 기타,승용,남,37세,상해없음,사륜오토바이(ATV),남,84세,중상
2022021800100174,2022년 2월 18일 11시,금요일,경상남도 통영시 광도면,경상사고,0,0,1,0,차대차 - 추돌,안전거리미확보,건조,맑음,기타 - 기타,승용,남,26세,상해없음,승용,여,32세,경상
2022021800100210,2022년 2월 18일 12시,금요일,경상남도 창녕군 창녕읍,경상사고,0,0,1,0,차대차 - 기타,직진우회전진행방해,건조,맑음,교차로 - 교차로안,승용,여,56세,상해없음,승용,남,46세,경상
2022021800100255,2022년 2월 18일 14시,금요일,경상남도 진주시 주약동,중상사고,0,1,0,0,차대사람 - 횡단중,신호위반,건조,맑음,교차로 - 교차로횡단보도내,승용,여,64세,상해없음,보행자,남,79세,중상
2022021800100256,2022년 2월 18일 14시,금요일,경상남도 창원시 진해구 경화동,경상사고,0,0,3,0,차대차 - 측면충돌,신호위반,건조,맑음,교차로 - 교차로안,화물,남,59세,경상,승용,남,65세,경상
2022021800100257,2022년 2월 18일 14시,금요일,경상남도 창원시 진해구 용원동,경상사고,0,0,3,1,차대차 - 추돌,안전운전불이행,건조,맑음,교차로 - 교차로부근,특수,남,64세,부상신고,특수,남,38세,경상
2022021800100258,2022년 2월 18일 14시,금요일,경상남도 의령군 의령읍,경상사고,0,0,1,0,차대사람 - 길가장자리구역통행중,안전운전불이행,건조,맑음,단일로 - 기타,승용,여,38세,상해없음,보행자,여,70세,경상
2022021800100287,2022년 2월 18일 15시,금요일,경상남도 김해시 무계동,중상사고,0,1,0,0,차대차 - 측면충돌,직진우회전진행방해,건조,맑음,교차로 - 교차로안,이륜,남,32세,상해없음,이륜,남,27세,중상
2022021800100349,2022년 2월 18일 17시,금요일,경상남도 고성군 하이면,중상사고,0,4,0,0,차대차 - 측면충돌,신호위반,건조,맑음,교차로 - 교차로안,건설기계,남,62세,상해없음,승용,여,31세,중상
2022021800100350,2022년 2월 18일 17시,금요일,경상남도 김해시 관동동,경상사고,0,0,1,0,차대차 - 측면충돌,안전운전불이행,건조,맑음,교차로 - 교차로안,승용,여,50세,상해없음,승용,여,40세,경상
2022021800100390,2022년 2월 18일 18시,금요일,경상남도 김해시 구산동,중상사고,0,2,3,0,차대차 - 정면충돌,신호위반,건조,맑음,교차로 - 교차로안,승용,남,52세,경상,승용,남,38세,중상
2022021800100407,2022년 2월 18일 19시,금요일,경상남도 김해시 대동면,경상사고,0,0,4,0,차대차 - 추돌,안전운전불이행,건조,맑음,단일로 - 기타,승용,여,35세,상해없음,승용,남,63세,경상
2022021800100423,2022년 2월 18일 19시,금요일,경상남도 김해시 안동,중상사고,0,1,0,0,차대차 - 측면충돌,안전운전불이행,건조,맑음,단일로 - 기타,화물,남,58세,상해없음,이륜,남,67세,중상
2022021800100424,2022년 2월 18일 19시,금요일,경상남도 양산시 명동,경상사고,0,0,2,0,차대차 - 추돌,안전운전불이행,건조,맑음,단일로 - 기타,이륜,남,37세,경상,승용,여,38세,경상
2022021800100425,2022년 2월 18일 19시,금요일,경상남도 양산시 물금읍,중상사고,0,1,0,0,차량단독 - 공작물충돌,안전운전불이행,건조,맑음,교차로 - 교차로안,승합,남,43세,상해없음,,,,