사고번호,사고일시,요일,시군구,사고내용,사망자수,중상자수,경상자수,부상신고자수,사고유형,법규위반,노면상태,기상상태,도로형태,가해운전자 차종,가해운전자 성별,가해운전자 연령,가해운전자 상해정도,피해운전자 차종,피해운전자 성별,피해운전자 연령,피해운전자 상해정도
2022021800100453,2022년 2월 18일 20시,금요일,경상남도 의령군 부림면,부상신고사고,0,0,0,1,차대차 - 측면충돌,신호위반,건조,맑음,교차로 - 교차로부근,승용,남,59세,부상신고,승용,남,65세,상해없음
2022021800100454,2022년 2월 18일 20시,금요일,경상남도 창원시 의창구 봉곡동,중상사고,0,1,0,0,차대차 - 정면충돌,신호위반,건조,맑음,교차로 - 교차로안,이륜,남,51세,중상,승합,남,60세,상해없음
2022021800100455,2022년 2월 18일 20시,금요일,경상남도 창원시 의창구 봉곡동,사망사고,1,0,0,0,차대차 - 측면충돌,신호위반,건조,맑음,교차로 - 교차로안,원동기,남,51세,사망,승합,남,60세,상해없음
2022021800100481,2022년 2월 18일 21시,금요일,경상남도 창원시 진해구 용원동,중상사고,0,1,0,0,차대차 - 추돌,안전운전불이행,건조,맑음,단일로 - 기타,이륜,남,41세,중상,특수,남,44세,기타불명
2022021800100482,2022년 2월 18일 21시,금요일,경상남도 김해시 어방동,경상사고,0,0,4,0,차대차 - 추돌,안전운전불이행,건조,맑음,단일로 - 기타,승용,남,59세,상해없음,승용,남,32세,경상
2022021800100483,2022년 2월 18일 21시,금요일,경상남도 김해시 어방동,경상사고,0,0,1,0,차량단독 - 공작물충돌,안전운전불이행,건조,맑음,단일로 - 기타,승용,남,50세,경상,,,,
2022021800100484,2022년 2월 18일 21시,금요일,경상남도 창원시 의창구 명서동,중상사고,0,1,0,0,차대차 - 추돌,안전운전불이행,건조,맑음,단일로 - 기타,승용,남,45세,상해없음,화물,남,61세,중상
2022021800100505,2022년 2월 18일 22시,금요일,경상남도 창원시 성산구 가음동,중상사고,0,1,0,0,차대차 - 정면충돌,안전운전불이행,건조,맑음,기타 - 기타,개인형이동수단(PM),남,41세,상해없음,자전거,남,31세,중상
2022021900100014,2022년 2월 19일 01시,토요일,경상남도 양산시 물금읍,부상신고사고,0,0,0,1,차대차 - 기타,안전운전불이행,건조,맑음,교차로 - 교차로부근,기타불명,기타불명,미분류,기타불명,이륜,남,33세,부상신고
2022021900100060,2022년 2월 19일 08시,토요일,경상남도 밀양시 내이동,중상사고,0,1,0,0,차대차 - 측면충돌,교차로운행방법위반,건조,맑음,교차로 - 교차로안,승용,남,27세,상해없음,이륜,남,48세,중상
2022021900100090,2022년 2월 19일 10시,토요일,경상남도 고성군 영오면,경상사고,0,0,3,3,차대차 - 측면충돌,교차로운행방법위반,건조,맑음,교차로 - 교차로안,승용,남,31세,경상,승용,여,60세,경상
2022021900100091,2022년 2월 19일 10시,토요일,경상남도 통영시 정량동,부상신고사고,0,0,0,1,차대차 - 측면충돌,차로위반,건조,맑음,교차로 - 교차로부근,이륜,남,77세,부상신고,승용,남,80세,상해없음
2022021900100092,2022년 2월 19일 10시,토요일,경상남도 창원시 성산구 상복동,중상사고,0,1,0,0,차대차 - 기타,기타,건조,맑음,단일로 - 기타,화물,남,36세,상해없음,승용,남,74세,중상
2022021900100107,2022년 2월 19일 11시,토요일,경상남도 진주시 충무공동,중상사고,0,1,0,0,차량단독 - 기타,안전운전불이행,건조,맑음,단일로 - 기타,승합,남,48세,상해없음,,,,
2022021900100108,2022년 2월 19일 11시,토요일,경상남도 김해시 내동,중상사고,0,1,1,0,차대차 - 추돌,안전운전불이행,건조,맑음,기타 - 기타,승용,남,62세,상해없음,화물,남,57세,중상
2022021900100168,2022년 2월 19일 13시,토요일,경상남도 김해시 삼정동,경상사고,0,0,1,0,차대차 - 기타,안전운전불이행,건조,맑음,주차장 - 주차장,승용,남,64세,상해없음,승용,남,39세,경상
2022021900100196,2022년 2월 19일 14시,토요일,경상남도 창원시 진해구 자은동,경상사고,0,0,1,0,차대차 - 측면충돌,신호위반,건조,맑음,교차로 - 교차로안,승용,여,62세,상해없음,승용,남,69세,경상
2022021900100197,2022년 2월 19일 14시,토요일,경상남도 양산시 물금읍,경상사고,0,0,1,0,차대차 - 측면충돌,안전운전불이행,건조,맑음,교차로 - 교차로안,자전거,남,84세,경상,승용,여,45세,상해없음
2022021900100198,2022년 2월 19일 14시,토요일,경상남도 거제시 동부면,중상사고,0,1,0,0,차대사람 - 횡단중,보행자보호의무위반,건조,맑음,단일로 - 기타,승용,여,27세,상해없음,보행자,여,52세,중상
2022021900100199,2022년 2월 19일 14시,토요일,경상남도 창원시 성산구 안민동,중상사고,0,1,0,0,차대사람 - 차도통행중,안전운전불이행,건조,맑음,단일로 - 기타,승용,여,50세,상해없음,보행자,남,54세,중상
2022021900100252,2022년 2월 19일 16시,토요일,경상남도 창원시 진해구 장천동,중상사고,0,2,1,0,차대차 - 추돌,안전운전불이행,건조,맑음,교차로 - 교차로부근,승용,남,81세,중상,승용,남,76세,경상
2022021900100253,2022년 2월 19일 16시,토요일,경상남도 김해시 진영읍,경상사고,0,0,2,0,차대차 - 기타,안전운전불이행,건조,맑음,단일로 - 터널,승용,남,55세,기타불명,승용,여,63세,경상
2022021900100282,2022년 2월 19일 17시,토요일,경상남도 창원시 진해구 안골동,경상사고,0,0,1,0,차대차 - 측면충돌,안전운전불이행,건조,맑음,단일로 - 기타,화물,남,75세,상해없음,승용,남,48세,경상
2022021900100283,2022년 2월 19일 17시,토요일,경상남도 양산시 명동,중상사고,0,1,0,0,차대사람 - 보도통행중,신호위반,건조,맑음,교차로 - 교차로안,승용,남,62세,상해없음,보행자,남,67세,중상
2022021900100323,2022년 2월 19일 18시,토요일,경상남도 거창군 거창읍,경상사고,0,0,2,0,차대차 - 측면충돌,안전거리미확보,건조,맑음,교차로 - 교차로안,화물,남,57세,상해없음,승용,남,31세,경상
2022021900100324,2022년 2월 19일 18시,토요일,경상남도 김해시 진영읍,경상사고,0,0,2,0,차대차 - 측면충돌,교차로운행방법위반,건조,맑음,교차로 - 교차로안,승용,여,55세,상해없음,승용,남,41세,경상
2022021900100379,2022년 2월 19일 20시,토요일,경상남도 합천군 율곡면,경상사고,0,0,1,0,차대차 - 측면충돌,교차로운행방법위반,건조,맑음,교차로 - 교차로안,승용,여,38세,상해없음,화물,남,64세,경상
2022021900100401,2022년 2월 19일 21시,토요일,경상남도 양산시 명동,경상사고,0,0,1,0,차대사람 - 횡단중,신호위반,건조,맑음,교차로 - 교차로안,이륜,남,27세,기타불명,보행자,남,20세,경상
2022021900100430,2022년 2월 19일 22시,토요일,경상남도 김해시 삼문동,중상사고,0,1,0,0,차량단독 - 공작물충돌,안전운전불이행,건조,맑음,단일로 - 기타,승용,남,20세,상해없음,,,,
2022022000100064,2022년 2월 20일 10시,일요일,경상남도 사천시 축동면,중상사고,0,1,1,0,차대차 - 측면충돌,안전운전불이행,건조,맑음,단일로 - 기타,승용,여,64세,경상,승용,여,31세,상해없음
2022022000100082,2022년 2월 20일 11시,일요일,경상남도 거제시 고현동,경상사고,0,0,1,0,차대차 - 측면충돌,기타,건조,맑음,교차로 - 교차로안,승용,남,28세,상해없음,이륜,여,53세,경상
2022022000100107,2022년 2월 20일 12시,일요일,경상남도 거창군 거창읍,경상사고,0,0,8,0,차대차 - 추돌,안전운전불이행,건조,맑음,교차로 - 교차로부근,승용,남,53세,상해없음,승용,여,42세,경상
2022022000100130,2022년 2월 20일 13시,일요일,경상남도 통영시 광도면,중상사고,0,1,0,0,차대차 - 측면충돌,중앙선침범,건조,맑음,교차로 - 교차로부근,승용,여,62세,기타불명,이륜,남,27세,중상
2022022000100131,2022년 2월 20일 13시,일요일,경상남도 창원시 의창구 서상동,경상사고,0,0,2,0,차대차 - 추돌,안전운전불이행,건조,맑음,단일로 - 기타,승용,남,54세,상해없음,승용,남,37세,경상
2022022000100158,2022년 2월 20일 14시,일요일,경상남도 진주시 가좌동,경상사고,0,0,1,0,차대사람 - 횡단중,보행자보호의무위반,건조,맑음,교차로 - 교차로횡단보도내,승용,남,29세,상해없음,보행자,남,27세,경상
2022022000100159,2022년 2월 20일 14시,일요일,경상남도 김해시 전하동,경상사고,0,0,2,0,차대차 - 측면충돌,안전운전불이행,건조,맑음,교차로 - 교차로부근,승용,여,44세,상해없음,승용,남,27세,경상
2022022000100207,2022년 2월 20일 16시,일요일,경상남도 창원시 마산합포구 월남동5가,경상사고,0,0,1,0,차대사람 - 횡단중,보행자보호의무위반,건조,맑음,교차로 - 교차로횡단보도내,승용,남,63세,상해없음,보행자,남,23세,경상
2022022000100224,2022년 2월 20일 17시,일요일,경상남도 창원시 진해구 여좌동,중상사고,0,1,0,0,차대차 - 측면충돌,안전운전불이행,건조,맑음,교차로 - 교차로횡단보도내,자전거,남,70세,중상,원동기,남,37세,상해없음
2022022000100255,2022년 2월 20일 18시,일요일,경상남도 양산시 삼호동,부상신고사고,0,0,0,1,차대차 - 기타,안전운전불이행,건조,맑음,교차로 - 교차로안,이륜,남,52세,부상신고,승용,남,52세,상해없음
2022022000100256,2022년 2월 20일 18시,일요일,경상남도 양산시 물금읍,중상사고,0,1,0,0,차대차 - 측면충돌,안전운전불이행,건조,맑음,교차로 - 교차로부근,승용,여,60세,상해없음,이륜,남,48세,중상
2022022000100257,2022년 2월 20일 18시,일요일,경상남도 고성군 고성읍,중상사고,0,1,0,0,차대사람 - 횡단중,안전운전불이행,건조,맑음,교차로 - 교차로안,승용,남,38세,상해없음,보행자,남,50세,중상
2022022000100277,2022년 2월 20일 19시,일요일,경상남도 창원시 진해구 용원동,경상사고,0,0,1,0,차대차 - 측면충돌,안전운전불이행,건조,맑음,단일로 - 기타,이륜,남,33세,경상,승용,남,29세,상해없음
2022022000100334,2022년 2월 20일 22시,일요일,경상남도 창원시 마산합포구 신포동1가,경상사고,0,0,1,0,차대차 - 추돌,안전운전불이행,건조,맑음,단일로 - 기타,승용,남,27세,상해없음,이륜,남,21세,경상
2022022000100335,2022년 2월 20일 22시,일요일,경상남도 통영시 정량동,중상사고,0,1,0,0,차대사람 - 차도통행중,안전운전불이행,건조,맑음,단일로 - 기타,승용,남,46세,상해없음,보행자,남,17세,중상
2022022000100349,2022년 2월 20일 23시,일요일,경상남도 양산시 하북면,경상사고,0,0,2,0,차대차 - 추돌,기타,건조,맑음,단일로 - 기타,승용,남,31세,상해없음,승용,여,29세,경상
2022022000100354,2022년 2월 20일 23시,일요일,경상남도 창원시 진해구 경화동,중상사고,0,1,0,0,차대차 - 기타,안전운전불이행,건조,맑음,단일로 - 기타,승용,남,22세,상해없음,이륜,남,18세,중상
2022022000100355,2022년 2월 20일 23시,일요일,경상남도 통영시 광도면,중상사고,0,1,0,0,차대차 - 정면충돌,교차로운행방법위반,건조,맑음,교차로 - 교차로안,이륜,남,21세,상해없음,이륜,남,52세,중상
2022022000100356,2022년 2월 20일 23시,일요일,경상남도 김해시 구산동,중상사고,0,1,0,0,차대차 - 추돌,안전거리미확보,건조,맑음,단일로 - 기타,승용,남,29세,기타불명,승용,남,61세,중상
2022022100100026,2022년 2월 21일 05시,월요일,경상남도 김해시 내동,경상사고,0,0,1,0,차대사람 - 횡단중,보행자보호의무위반,건조,맑음,교차로 - 교차로횡단보도내,승용,여,59세,상해없음,보행자,남,67세,경상
2022022100100080,2022년 2월 21일 08시,월요일,경상남도 창원시 의창구 동읍,경상사고,0,0,1,0,차대차 - 추돌,안전거리미확보,건조,맑음,단일로 - 기타,승용,남,28세,상해없음,승용,여,38세,경상
2022022100100105,2022년 2월 21일 09시,월요일,경상남도 창원시 마산합포구 상남동,중상사고,0,1,0,0,차대사람 - 차도통행중,안전운전불이행,건조,맑음,단일로 - 기타,승용,남,38세,상해없음,보행자,여,71세,중상
2022022100100106,2022년 2월 21일 09시,월요일,경상남도 양산시 물금읍,경상사고,0,0,1,0,차대차 - 후진중충돌,안전운전불이행,건조,맑음,단일로 - 기타,승용,여,59세,상해없음,승용,여,58세,경상
2022022100100132,2022년 2월 21일 10시,월요일,경상남도 남해군 이동면,중상사고,0,1,0,0,차대차 - 측면충돌,직진우회전진행방해,건조,맑음,교차로 - 교차로안,승용,남,36세,상해없음,승용,남,68세,중상
2022022100100168,2022년 2월 21일 11시,월요일,경상남도 밀양시 상남면,경상사고,0,0,1,0,차대차 - 정면충돌,안전운전불이행,건조,맑음,기타 - 기타,화물,남,57세,상해없음,승용,남,24세,경상
2022022100100200,2022년 2월 21일 12시,월요일,경상남도 진주시 수곡면,경상사고,0,0,1,0,차대차 - 정면충돌,안전운전불이행,건조,맑음,교차로 - 교차로안,승용,남,69세,상해없음,승용,여,45세,경상
2022022100100201,2022년 2월 21일 12시,월요일,경상남도 창원시 의창구 북면,중상사고,0,1,0,0,차대차 - 측면충돌,안전운전불이행,건조,맑음,교차로 - 교차로안,승용,남,58세,상해없음,이륜,남,43세,중상
2022022100100232,2022년 2월 21일 13시,월요일,경상남도 창원시 마산합포구 중앙동3가,중상사고,0,1,0,1,차대차 - 측면충돌,안전운전불이행,건조,맑음,단일로 - 기타,승용,남,66세,부상신고,승용,여,71세,중상
2022022100100264,2022년 2월 21일 14시,월요일,경상남도 창녕군 대합면,경상사고,0,0,1,0,차량단독 - 기타,안전운전불이행,건조,맑음,단일로 - 기타,승용,여,52세,경상,,,,
2022022100100266,2022년 2월 21일 14시,월요일,경상남도 창원시 마산회원구 회성동,중상사고,0,2,0,0,차대차 - 측면충돌,안전운전불이행,건조,맑음,단일로 - 기타,이륜,남,54세,중상,승용,남,69세,상해없음
2022022100100267,2022년 2월 21일 14시,월요일,경상남도 창원시 의창구 대산면,경상사고,0,0,1,0,차대차 - 추돌,안전거리미확보,건조,맑음,단일로 - 기타,승용,남,60세,상해없음,승용,남,43세,경상
2022022100100300,2022년 2월 21일 15시,월요일,경상남도 김해시 삼계동,중상사고,0,1,0,0,차대사람 - 기타,안전운전불이행,건조,맑음,단일로 - 기타,화물,남,54세,상해없음,보행자,여,57세,중상
2022022100100301,2022년 2월 21일 15시,월요일,경상남도 김해시 삼정동,경상사고,0,0,1,0,차대차 - 기타,신호위반,건조,맑음,교차로 - 교차로안,승용,여,33세,상해없음,승용,남,61세,상해없음
2022022100100302,2022년 2월 21일 15시,월요일,경상남도 창원시 마산회원구 봉암동,경상사고,0,0,1,0,차대사람 - 기타,안전운전불이행,건조,맑음,교차로 - 교차로부근,화물,남,70세,상해없음,보행자,여,81세,경상
2022022100100372,2022년 2월 21일 17시,월요일,경상남도 합천군 청덕면,중상사고,0,1,0,0,차대차 - 추돌,안전운전불이행,건조,맑음,단일로 - 기타,승용,남,46세,상해없음,화물,남,63세,중상
2022022100100405,2022년 2월 21일 18시,월요일,경상남도 사천시 사천읍,경상사고,0,0,3,0,차대차 - 측면충돌,교차로운행방법위반,건조,맑음,교차로 - 교차로안,승용,여,58세,경상,승용,여,48세,경상
2022022100100406,2022년 2월 21일 18시,월요일,경상남도 창원시 성산구 대방동,경상사고,0,0,1,0,차대차 - 후진중충돌,안전운전불이행,건조,맑음,단일로 - 기타,승용,남,36세,상해없음,승용,남,32세,경상
2022022100100449,2022년 2월 21일 19시,월요일,경상남도 김해시 삼정동,경상사고,0,0,1,0,차대차 - 측면충돌,안전거리미확보,건조,맑음,단일로 - 기타,승용,남,31세,상해없음,화물,남,53세,경상
2022022100100450,2022년 2월 21일 19시,월요일,경상남도 양산시 북부동,경상사고,0,0,1,0,차대차 - 측면충돌,안전운전불이행,건조,맑음,교차로 - 교차로안,승용,여,54세,상해없음,이륜,남,20세,경상
2022022100100451,2022년 2월 21일 19시,월요일,경상남도 창원시 마산회원구 내서읍,중상사고,0,1,1,0,차대차 - 추돌,안전운전불이행,건조,맑음,단일로 - 교량,승용,남,44세,상해없음,승용,여,38세,상해없음
2022022100100495,2022년 2월 21일 21시,월요일,경상남도 창원시 의창구 팔용동,경상사고,0,0,1,0,차대차 - 추돌,안전운전불이행,건조,맑음,교차로 - 교차로안,승용,남,57세,상해없음,승용,남,56세,경상
2022022200100051,2022년 2월 22일 07시,화요일,경상남도 양산시 명동,부상신고사고,0,0,0,1,차대차 - 추돌,안전운전불이행,건조,맑음,교차로 - 교차로부근,화물,남,79세,기타불명,승용,남,60세,부상신고
2022022200100077,2022년 2월 22일 08시,화요일,경상남도 김해시 주촌면,경상사고,0,0,1,0,차대차 - 추돌,안전운전불이행,건조,맑음,단일로 - 기타,승용,남,30세,상해없음,승용,여,43세,경상
2022022200100078,2022년 2월 22일 08시,화요일,경상남도 창원시 성산구 용호동,경상사고,0,0,1,0,차대차 - 측면충돌,안전운전불이행,건조,맑음,교차로 - 교차로부근,승용,여,34세,상해없음,승용,남,50세,경상
2022022200100095,2022년 2월 22일 09시,화요일,경상남도 남해군 남해읍,부상신고사고,0,0,0,1,차대차 - 후진중충돌,안전운전불이행,건조,맑음,교차로 - 교차로안,화물,남,66세,상해없음,화물,남,66세,부상신고
2022022200100107,2022년 2월 22일 10시,화요일,경상남도 김해시 대동면,부상신고사고,0,0,0,1,차대차 - 추돌,안전운전불이행,건조,맑음,단일로 - 기타,승용,남,37세,부상신고,화물,남,51세,기타불명
2022022200100123,2022년 2월 22일 10시,화요일,경상남도 김해시 진영읍,경상사고,0,0,1,0,차대차 - 측면충돌,교차로운행방법위반,건조,맑음,교차로 - 교차로안,승용,여,42세,상해없음,건설기계,남,50세,상해없음
2022022200100151,2022년 2월 22일 11시,화요일,경상남도 창원시 마산합포구 중앙동3가,경상사고,0,0,3,0,차대차 - 추돌,안전거리미확보,건조,맑음,교차로 - 교차로부근,화물,남,53세,상해없음,승용,남,50세,경상
2022022200100152,2022년 2월 22일 11시,화요일,경상남도 통영시 항남동,중상사고,0,1,0,0,차대차 - 측면충돌,안전운전불이행,건조,맑음,교차로 - 교차로안,승용,여,39세,상해없음,이륜,남,19세,중상
2022022200100153,2022년 2월 22일 11시,화요일,경상남도 사천시 용강동,사망사고,1,0,0,0,차대사람 - 기타,안전운전불이행,건조,맑음,단일로 - 기타,화물,남,49세,상해없음,보행자,여,89세,사망
2022022200100154,2022년 2월 22일 11시,화요일,경상남도 하동군 진교면,경상사고,0,0,1,0,차대차 - 측면충돌,중앙선침범,건조,맑음,단일로 - 기타,승용,남,80세,상해없음,승용,남,39세,경상
2022022200100184,2022년 2월 22일 12시,화요일,경상남도 진주시 상평동,중상사고,0,1,0,0,차대차 - 측면충돌,안전운전불이행,건조,맑음,교차로 - 교차로부근,이륜,남,31세,기타불명,이륜,남,35세,중상
2022022200100186,2022년 2월 22일 12시,화요일,경상남도 김해시 대청동,경상사고,0,0,1,0,차대차 - 측면충돌,안전운전불이행,건조,맑음,교차로 - 교차로부근,승용,여,60세,상해없음,이륜,남,38세,경상
2022022200100218,2022년 2월 22일 13시,화요일,경상남도 양산시 동면,경상사고,0,0,1,0,차대차 - 측면충돌,신호위반,건조,맑음,기타 - 기타,승용,여,70세,상해없음,승용,남,52세,경상
2022022200100219,2022년 2월 22일 13시,화요일,경상남도 함안군 가야읍,경상사고,0,0,1,0,차대차 - 추돌,안전거리미확보,건조,맑음,단일로 - 기타,승용,남,43세,상해없음,승합,남,38세,경상
2022022200100220,2022년 2월 22일 13시,화요일,경상남도 창원시 마산회원구 회원동,경상사고,0,0,1,0,차대차 - 후진중충돌,안전운전불이행,건조,맑음,교차로 - 교차로안,화물,남,57세,상해없음,승용,남,63세,경상
2022022200100255,2022년 2월 22일 14시,화요일,경상남도 창녕군 대합면,중상사고,0,1,0,0,차대사람 - 차도통행중,안전운전불이행,건조,맑음,기타 - 기타,화물,남,59세,상해없음,보행자,여,62세,중상
2022022200100274,2022년 2월 22일 15시,화요일,경상남도 사천시 선구동,중상사고,0,1,0,0,차대차 - 기타,교차로운행방법위반,건조,맑음,교차로 - 교차로안,승용,여,44세,상해없음,승용,여,53세,중상
2022022200100300,2022년 2월 22일 16시,화요일,경상남도 창원시 진해구 자은동,경상사고,0,0,1,0,차대차 - 기타,안전운전불이행,건조,맑음,교차로 - 교차로부근,승용,남,73세,기타불명,승용,남,33세,경상
2022022200100342,2022년 2월 22일 17시,화요일,경상남도 밀양시 내이동,경상사고,0,0,1,0,차대차 - 측면충돌,안전운전불이행,건조,흐림,교차로 - 교차로안,화물,남,62세,상해없음,승용,여,58세,경상
2022022200100394,2022년 2월 22일 19시,화요일,경상남도 창원시 진해구 소사동,경상사고,0,0,1,0,차대차 - 추돌,안전운전불이행,건조,맑음,단일로 - 터널,승용,남,31세,상해없음,특수,남,40세,경상
2022022200100412,2022년 2월 22일 19시,화요일,경상남도 창원시 마산합포구 월영동,경상사고,0,0,1,0,차대차 - 측면충돌,신호위반,건조,맑음,교차로 - 교차로안,이륜,남,45세,경상,승용,남,37세,상해없음
2022022200100437,2022년 2월 22일 20시,화요일,경상남도 양산시 동면,경상사고,0,0,1,0,차대차 - 정면충돌,중앙선침범,건조,맑음,기타 - 기타,승용,여,21세,상해없음,이륜,남,36세,경상
2022022200100461,2022년 2월 22일 21시,화요일,경상남도 양산시 동면,중상사고,0,1,0,0,차대차 - 기타,안전운전불이행,건조,맑음,기타 - 기타,승용,남,34세,상해없음,개인형이동수단(PM),남,58세,중상
2022022200100500,2022년 2월 22일 23시,화요일,경상남도 의령군 의령읍,경상사고,0,0,1,0,차량단독 - 공작물충돌,안전운전불이행,건조,맑음,단일로 - 기타,승용,남,47세,경상,,,,
2022022300100013,2022년 2월 23일 05시,수요일,경상남도 거제시 덕포동,경상사고,0,0,1,0,차대차 - 측면충돌,중앙선침범,건조,맑음,단일로 - 기타,이륜,남,56세,경상,승용,남,60세,상해없음
2022022300100022,2022년 2월 23일 06시,수요일,경상남도 김해시 불암동,경상사고,0,0,1,0,차대차 - 측면충돌,신호위반,건조,맑음,교차로 - 교차로안,이륜,남,71세,경상,승용,남,62세,상해없음
2022022300100037,2022년 2월 23일 07시,수요일,경상남도 창녕군 부곡면,경상사고,0,0,1,0,차대차 - 기타,안전운전불이행,건조,맑음,기타 - 기타,화물,남,62세,상해없음,승용,여,64세,경상
2022022300100058,2022년 2월 23일 08시,수요일,경상남도 거제시 고현동,부상신고사고,0,0,0,1,차대사람 - 횡단중,보행자보호의무위반,건조,맑음,교차로 - 교차로횡단보도내,승용,남,61세,상해없음,보행자,남,44세,부상신고
2022022300100080,2022년 2월 23일 09시,수요일,경상남도 거제시 고현동,경상사고,0,0,1,0,차대차 - 측면충돌,안전거리미확보,건조,맑음,교차로 - 교차로부근,승합,남,64세,상해없음,이륜,남,59세,경상
2022022300100104,2022년 2월 23일 10시,수요일,경상남도 사천시 곤양면,경상사고,0,0,1,0,차대차 - 측면충돌,안전운전불이행,건조,맑음,단일로 - 기타,화물,남,65세,상해없음,승용,여,41세,경상
2022022300100128,2022년 2월 23일 11시,수요일,경상남도 창원시 진해구 용원동,경상사고,0,0,1,0,차대차 - 측면충돌,안전운전불이행,건조,맑음,교차로 - 교차로부근,승용,여,62세,상해없음,승용,남,28세,경상
2022022300100129,2022년 2월 23일 11시,수요일,경상남도 창원시 진해구 두동,중상사고,0,1,0,0,차량단독 - 전도전복 - 전도,안전운전불이행,건조,맑음,단일로 - 기타,자전거,여,79세,중상,,,,
2022022300100130,2022년 2월 23일 11시,수요일,경상남도 합천군 합천읍,중상사고,0,1,1,0,차대차 - 측면충돌,신호위반,건조,맑음,교차로 - 교차로안,화물,남,63세,중상,건설기계,남,36세,경상
2022022300100131,2022년 2월 23일 11시,수요일,경상남도 김해시 흥동,중상사고,0,1,0,0,차대사람 - 보도통행중,기타,건조,맑음,기타 - 기타,화물,남,73세,상해없음,보행자,여,58세,중상
2022022300100155,2022년 2월 23일 12시,수요일,경상남도 창원시 마산합포구 화영동,중상사고,0,1,0,0,차대차 - 측면충돌,신호위반,건조,맑음,교차로 - 교차로안,승용,여,40세,상해없음,승용,여,69세,중상
2022022300100156,2022년 2월 23일 12시,수요일,경상남도 창원시 진해구 충무동,경상사고,0,0,4,0,차대차 - 측면충돌,안전운전불이행,건조,맑음,단일로 - 기타,승용,남,45세,상해없음,승용,남,30세,경상
2022022300100157,2022년 2월 23일 12시,수요일,경상남도 통영시 도산면,중상사고,0,1,0,0,차대차 - 정면충돌,중앙선침범,건조,맑음,단일로 - 기타,건설기계,남,52세,기타불명,승용,남,62세,중상
2022022300100158,2022년 2월 23일 12시,수요일,경상남도 김해시 부원동,경상사고,0,0,3,2,차대차 - 기타,신호위반,건조,맑음,단일로 - 기타,승용,여,53세,경상,승용,여,40세,경상
2022022300100159,2022년 2월 23일 12시,수요일,경상남도 양산시 어곡동,경상사고,0,0,1,0,차량단독 - 전도전복 - 전도,안전운전불이행,건조,맑음,단일로 - 기타,화물,남,73세,경상,,,,
2022022300100160,2022년 2월 23일 12시,수요일,경상남도 거제시 장평동,경상사고,0,0,1,0,차대차 - 기타,안전운전불이행,건조,맑음,교차로 - 교차로안,화물,남,40세,상해없음,이륜,남,39세,경상
2022022300100190,2022년 2월 23일 13시,수요일,경상남도 양산시 동면,중상사고,0,1,0,0,차대차 - 측면충돌,안전운전불이행,건조,맑음,단일로 - 기타,승용,남,61세,상해없음,자전거,남,66세,중상
2022022300100191,2022년 2월 23일 13시,수요일,경상남도 함안군 대산면,경상사고,0,0,1,0,차대차 - 정면충돌,신호위반,건조,맑음,교차로 - 교차로안,화물,남,64세,상해없음,자전거,남,80세,경상
2022022300100192,2022년 2월 23일 13시,수요일,경상남도 의령군 정곡면,중상사고,0,2,0,0,차대차 - 추돌,안전운전불이행,건조,맑음,교차로 - 교차로부근,화물,남,26세,상해없음,승용,여,27세,중상
2022022300100223,2022년 2월 23일 14시,수요일,경상남도 양산시 원동면,경상사고,0,0,2,0,차대차 - 정면충돌,중앙선침범,건조,맑음,단일로 - 기타,승용,여,60세,상해없음,승용,남,60세,경상
2022022300100248,2022년 2월 23일 15시,수요일,경상남도 창원시 의창구 봉곡동,경상사고,0,0,2,0,차대차 - 기타,안전운전불이행,건조,맑음,교차로 - 교차로안,승용,여,42세,상해없음,승용,남,56세,경상
2022022300100280,2022년 2월 23일 16시,수요일,경상남도 함양군 함양읍,경상사고,0,0,1,1,차대차 - 측면충돌,안전운전불이행,건조,맑음,교차로 - 교차로안,승용,여,65세,상해없음,화물,남,60세,부상신고
2022022300100281,2022년 2월 23일 16시,수요일,경상남도 김해시 대청동,경상사고,0,0,2,0,차대차 - 측면충돌,안전운전불이행,건조,맑음,교차로 - 교차로안,승용,여,43세,경상,승용,남,38세,경상
2022022300100318,2022년 2월 23일 17시,수요일,경상남도 고성군 고성읍,경상사고,0,0,1,0,차량단독 - 공작물충돌,안전운전불이행,건조,맑음,교차로 - 교차로부근,승용,여,61세,경상,,,,
2022022300100433,2022년 2월 23일 21시,수요일,경상남도 김해시 어방동,중상사고,0,1,0,0,차대차 - 정면충돌,중앙선침범,건조,맑음,교차로 - 교차로부근,원동기,남,29세,상해없음,원동기,남,28세,중상
2022022300100434,2022년 2월 23일 21시,수요일,경상남도 창원시 성산구 용호동,경상사고,0,0,1,0,차대차 - 측면충돌,안전운전불이행,건조,맑음,교차로 - 교차로횡단보도내,승용,여,49세,상해없음,자전거,여,16세,경상
2022022300100457,2022년 2월 23일 22시,수요일,경상남도 창녕군 창녕읍,경상사고,0,0,1,0,차대차 - 추돌,직진우회전진행방해,건조,맑음,교차로 - 교차로안,승용,남,63세,상해없음,이륜,남,19세,경상
2022022300100458,2022년 2월 23일 22시,수요일,경상남도 양산시 원동면,사망사고,1,0,0,0,차량단독 - 공작물충돌,안전운전불이행,건조,맑음,단일로 - 기타,승용,남,61세,사망,,,,