사고번호,사고일시,요일,시군구,사고내용,사망자수,중상자수,경상자수,부상신고자수,사고유형,법규위반,노면상태,기상상태,도로형태,가해운전자 차종,가해운전자 성별,가해운전자 연령,가해운전자 상해정도,피해운전자 차종,피해운전자 성별,피해운전자 연령,피해운전자 상해정도
2022022800100221,2022년 2월 28일 13시,월요일,경상남도 통영시 광도면,경상사고,0,0,1,0,차대차 - 측면충돌,중앙선침범,건조,맑음,단일로 - 기타,승용,여,57세,상해없음,승합,남,60세,상해없음
2022022800100260,2022년 2월 28일 14시,월요일,경상남도 진주시 중안동,경상사고,0,0,2,0,차대차 - 측면충돌,안전운전불이행,건조,맑음,교차로 - 교차로안,승용,남,67세,상해없음,승용,여,63세,경상
2022022800100261,2022년 2월 28일 14시,월요일,경상남도 하동군 화개면,중상사고,0,1,1,0,차대차 - 정면충돌,중앙선침범,건조,맑음,단일로 - 기타,승용,남,30세,상해없음,승용,여,65세,중상
2022022800100298,2022년 2월 28일 15시,월요일,경상남도 양산시 물금읍,경상사고,0,0,2,0,차대차 - 추돌,안전거리미확보,건조,맑음,교차로 - 교차로안,화물,남,50세,경상,화물,남,31세,경상
2022022800100299,2022년 2월 28일 15시,월요일,경상남도 남해군 삼동면,경상사고,0,0,1,0,차대차 - 후진중충돌,안전운전불이행,건조,맑음,주차장 - 주차장,승용,남,49세,상해없음,승용,남,39세,경상
2022022800100300,2022년 2월 28일 15시,월요일,경상남도 창원시 성산구 웅남동,경상사고,0,0,1,0,차대차 - 측면충돌,안전운전불이행,건조,맑음,단일로 - 기타,화물,남,49세,상해없음,승용,남,42세,경상
2022022800100301,2022년 2월 28일 15시,월요일,경상남도 함안군 칠원읍,경상사고,0,0,3,0,차대차 - 추돌,안전운전불이행,건조,맑음,단일로 - 터널,화물,남,57세,상해없음,승용,남,37세,경상
2022022800100330,2022년 2월 28일 16시,월요일,경상남도 사천시 벌리동,경상사고,0,0,1,0,차대차 - 측면충돌,안전운전불이행,건조,맑음,교차로 - 교차로부근,승용,남,32세,상해없음,승용,남,27세,경상
2022022800100369,2022년 2월 28일 17시,월요일,경상남도 통영시 도천동,경상사고,0,0,1,0,차대사람 - 기타,안전운전불이행,건조,맑음,단일로 - 기타,승용,남,47세,상해없음,보행자,여,39세,경상
2022022800100370,2022년 2월 28일 17시,월요일,경상남도 거제시 장목면,사망사고,1,0,2,0,차대차 - 정면충돌,중앙선침범,건조,맑음,단일로 - 기타,승용,여,67세,사망,승용,남,73세,경상
2022022800100412,2022년 2월 28일 18시,월요일,경상남도 고성군 고성읍,경상사고,0,0,1,0,차대차 - 측면충돌,신호위반,건조,맑음,교차로 - 교차로안,승용,남,61세,상해없음,승용,남,72세,상해없음
2022022800100413,2022년 2월 28일 18시,월요일,경상남도 의령군 대의면,경상사고,0,0,1,0,차대차 - 기타,안전운전불이행,건조,맑음,단일로 - 기타,화물,남,71세,상해없음,화물,남,62세,경상
2022022800100455,2022년 2월 28일 19시,월요일,경상남도 창원시 의창구 동읍,사망사고,1,0,0,0,차대사람 - 길가장자리구역통행중,안전운전불이행,건조,맑음,단일로 - 기타,승용,여,47세,상해없음,보행자,남,67세,사망
2022022800100456,2022년 2월 28일 19시,월요일,경상남도 김해시 한림면,경상사고,0,0,1,0,차대차 - 추돌,안전운전불이행,건조,맑음,교차로 - 교차로부근,승용,남,40세,상해없음,승용,남,53세,경상
2022022800100501,2022년 2월 28일 21시,월요일,경상남도 창원시 의창구 북면,중상사고,0,2,0,0,차대차 - 측면충돌,안전운전불이행,건조,맑음,교차로 - 교차로안,화물,남,52세,상해없음,승용,남,35세,중상
2022030100100043,2022년 3월 1일 08시,화요일,경상남도 창원시 마산합포구 산호동,경상사고,0,0,1,0,차대차 - 측면충돌,안전운전불이행,건조,맑음,교차로 - 교차로부근,화물,남,63세,상해없음,승용,남,29세,경상
2022030100100054,2022년 3월 1일 09시,화요일,경상남도 김해시 외동,중상사고,0,1,0,0,차대사람 - 횡단중,안전운전불이행,건조,맑음,단일로 - 기타,승용,남,24세,상해없음,보행자,남,43세,중상
2022030100100055,2022년 3월 1일 09시,화요일,경상남도 양산시 상북면,중상사고,0,1,0,0,차대차 - 측면충돌,중앙선침범,건조,맑음,단일로 - 기타,승합,남,34세,상해없음,승용,남,59세,중상
2022030100100077,2022년 3월 1일 10시,화요일,경상남도 김해시 신문동,경상사고,0,0,1,0,차대차 - 측면충돌,안전운전불이행,건조,맑음,교차로 - 교차로횡단보도내,승용,남,66세,상해없음,승용,남,28세,경상
2022030100100116,2022년 3월 1일 12시,화요일,경상남도 창녕군 남지읍,중상사고,0,1,0,0,차대차 - 측면충돌,신호위반,건조,맑음,교차로 - 교차로안,이륜,남,39세,중상,화물,남,67세,상해없음
2022030100100153,2022년 3월 1일 14시,화요일,경상남도 양산시 하북면,경상사고,0,0,3,0,차대차 - 측면충돌,안전거리미확보,건조,맑음,단일로 - 기타,건설기계,남,47세,상해없음,승용,남,54세,경상
2022030100100166,2022년 3월 1일 14시,화요일,경상남도 밀양시 상남면,경상사고,0,0,2,1,차대차 - 측면충돌,안전운전불이행,건조,맑음,단일로 - 기타,건설기계,남,36세,상해없음,승용,남,45세,경상
2022030100100168,2022년 3월 1일 14시,화요일,경상남도 창원시 성산구 용호동,경상사고,0,0,1,0,차대차 - 후진중충돌,안전운전불이행,건조,맑음,단일로 - 기타,승용,남,58세,상해없음,승용,남,27세,기타불명
2022030100100191,2022년 3월 1일 15시,화요일,경상남도 창원시 진해구 자은동,경상사고,0,0,1,0,차대차 - 측면충돌,안전운전불이행,건조,맑음,교차로 - 교차로안,승용,여,47세,상해없음,승용,남,57세,경상
2022030100100192,2022년 3월 1일 15시,화요일,경상남도 양산시 원동면,경상사고,0,0,2,0,차대차 - 측면충돌,안전운전불이행,건조,맑음,단일로 - 기타,이륜,남,51세,상해없음,승용,남,30세,경상
2022030100100225,2022년 3월 1일 16시,화요일,경상남도 양산시 평산동,경상사고,0,0,1,0,차대차 - 기타,안전운전불이행,건조,맑음,단일로 - 기타,승용,여,55세,기타불명,이륜,남,29세,경상
2022030100100226,2022년 3월 1일 16시,화요일,경상남도 김해시 율하동,경상사고,0,0,1,0,차대차 - 측면충돌,신호위반,건조,맑음,교차로 - 교차로안,승용,여,50세,상해없음,승합,남,69세,경상
2022030100100247,2022년 3월 1일 17시,화요일,경상남도 진주시 신안동,경상사고,0,0,1,0,차대차 - 측면충돌,신호위반,건조,맑음,교차로 - 교차로안,승용,남,45세,상해없음,이륜,남,46세,경상
2022030100100248,2022년 3월 1일 17시,화요일,경상남도 밀양시 내이동,중상사고,0,1,0,0,차대차 - 측면충돌,안전운전불이행,건조,맑음,교차로 - 교차로부근,승용,여,68세,상해없음,원동기,여,25세,중상
2022030100100282,2022년 3월 1일 18시,화요일,경상남도 거제시 장목면,경상사고,0,0,1,0,차대차 - 정면충돌,안전운전불이행,건조,맑음,단일로 - 기타,승용,남,55세,상해없음,승용,남,35세,경상
2022030100100301,2022년 3월 1일 19시,화요일,경상남도 통영시 광도면,경상사고,0,0,1,0,차대차 - 기타,안전운전불이행,건조,맑음,교차로 - 교차로부근,승용,남,50세,상해없음,이륜,남,39세,경상
2022030100100302,2022년 3월 1일 19시,화요일,경상남도 고성군 고성읍,중상사고,0,1,0,0,차대차 - 측면충돌,직진우회전진행방해,건조,맑음,교차로 - 교차로안,승용,남,47세,상해없음,이륜,남,40세,중상
2022030100100326,2022년 3월 1일 20시,화요일,경상남도 통영시 무전동,중상사고,0,1,0,0,차대차 - 측면충돌,안전운전불이행,건조,맑음,단일로 - 기타,승용,남,46세,상해없음,자전거,남,70세,중상
2022030100100327,2022년 3월 1일 20시,화요일,경상남도 김해시 외동,중상사고,0,1,0,0,차대차 - 정면충돌,안전운전불이행,건조,맑음,단일로 - 기타,승용,남,80세,상해없음,이륜,남,43세,중상
2022030100100335,2022년 3월 1일 21시,화요일,경상남도 김해시 불암동,경상사고,0,0,4,0,차대차 - 추돌,안전운전불이행,건조,맑음,단일로 - 기타,화물,남,28세,상해없음,승용,여,21세,경상
2022030100100365,2022년 3월 1일 23시,화요일,경상남도 창원시 성산구 성주동,경상사고,0,0,3,0,차대차 - 추돌,안전운전불이행,건조,맑음,교차로 - 교차로부근,승용,여,51세,상해없음,승용,남,51세,경상
2022030200100044,2022년 3월 2일 07시,수요일,경상남도 통영시 용남면,경상사고,0,0,2,0,차대차 - 추돌,안전거리미확보,건조,맑음,단일로 - 기타,승용,남,41세,상해없음,승용,남,60세,경상
2022030200100076,2022년 3월 2일 08시,수요일,경상남도 사천시 용강동,중상사고,0,1,0,0,차대차 - 측면충돌,안전운전불이행,건조,맑음,교차로 - 교차로안,이륜,남,56세,중상,승용,여,38세,상해없음
2022030200100077,2022년 3월 2일 08시,수요일,경상남도 사천시 사천읍,경상사고,0,0,1,0,차대사람 - 횡단중,보행자보호의무위반,건조,맑음,교차로 - 교차로안,화물,남,46세,상해없음,보행자,남,42세,경상
2022030200100078,2022년 3월 2일 08시,수요일,경상남도 김해시 전하동,경상사고,0,0,1,0,차대차 - 추돌,안전운전불이행,건조,맑음,단일로 - 기타,화물,남,55세,상해없음,승용,여,65세,경상
2022030200100145,2022년 3월 2일 10시,수요일,경상남도 창원시 마산합포구 예곡동,경상사고,0,0,3,0,차대차 - 추돌,안전거리미확보,건조,맑음,단일로 - 기타,승용,여,37세,경상,승용,남,62세,상해없음
2022030200100146,2022년 3월 2일 10시,수요일,경상남도 밀양시 하남읍,경상사고,0,0,1,0,차대차 - 추돌,안전운전불이행,건조,맑음,기타 - 기타,건설기계,남,58세,상해없음,건설기계,남,40세,경상
2022030200100170,2022년 3월 2일 11시,수요일,경상남도 창원시 진해구 자은동,중상사고,0,1,0,0,차대차 - 추돌,안전운전불이행,건조,맑음,단일로 - 기타,이륜,남,38세,중상,승용,남,28세,상해없음
2022030200100171,2022년 3월 2일 11시,수요일,경상남도 사천시 사천읍,중상사고,0,1,0,0,차대차 - 측면충돌,안전운전불이행,건조,맑음,교차로 - 교차로부근,승용,여,35세,상해없음,이륜,남,57세,중상
2022030200100172,2022년 3월 2일 11시,수요일,경상남도 양산시 북정동,중상사고,0,1,0,0,차대차 - 측면충돌,안전운전불이행,건조,맑음,교차로 - 교차로안,화물,남,29세,상해없음,자전거,남,27세,중상
2022030200100173,2022년 3월 2일 11시,수요일,경상남도 남해군 남해읍,중상사고,0,1,0,0,차대차 - 측면충돌,교차로운행방법위반,건조,맑음,교차로 - 교차로안,승용,남,73세,상해없음,승용,남,55세,중상
2022030200100174,2022년 3월 2일 11시,수요일,경상남도 김해시 삼문동,중상사고,0,1,0,0,차대차 - 측면충돌,안전운전불이행,건조,맑음,교차로 - 교차로부근,이륜,여,62세,중상,승용,남,64세,상해없음
2022030200100209,2022년 3월 2일 12시,수요일,경상남도 진주시 문산읍,중상사고,0,1,0,0,차대사람 - 기타,안전운전불이행,건조,맑음,단일로 - 기타,화물,남,65세,상해없음,보행자,남,25세,중상
2022030200100210,2022년 3월 2일 12시,수요일,경상남도 통영시 용남면,경상사고,0,0,1,0,차대차 - 측면충돌,교차로운행방법위반,건조,맑음,교차로 - 교차로안,승합,남,53세,상해없음,이륜,남,33세,경상
2022030200100238,2022년 3월 2일 13시,수요일,경상남도 거창군 거창읍,경상사고,0,0,1,0,차대차 - 측면충돌,교차로운행방법위반,건조,맑음,교차로 - 교차로안,승용,남,58세,상해없음,원동기,여,76세,경상
2022030200100239,2022년 3월 2일 13시,수요일,경상남도 산청군 시천면,중상사고,0,1,0,0,차대차 - 측면충돌,교차로운행방법위반,건조,맑음,교차로 - 교차로안,승용,남,68세,상해없음,승용,여,42세,중상
2022030200100300,2022년 3월 2일 15시,수요일,경상남도 창원시 마산합포구 덕동동,부상신고사고,0,0,0,1,차대차 - 측면충돌,안전운전불이행,건조,맑음,단일로 - 기타,이륜,남,52세,부상신고,승용,남,62세,상해없음
2022030200100301,2022년 3월 2일 15시,수요일,경상남도 창녕군 창녕읍,중상사고,0,1,0,0,차대차 - 측면충돌,안전운전불이행,건조,맑음,기타 - 기타,화물,남,52세,상해없음,승용,여,66세,중상
2022030200100302,2022년 3월 2일 15시,수요일,경상남도 양산시 물금읍,중상사고,0,1,0,0,차대사람 - 기타,안전운전불이행,건조,맑음,기타 - 기타,이륜,남,34세,상해없음,보행자,남,9세,중상
2022030200100337,2022년 3월 2일 16시,수요일,경상남도 김해시 삼계동,경상사고,0,0,1,0,차대사람 - 기타,안전운전불이행,건조,맑음,단일로 - 기타,승용,남,29세,기타불명,보행자,여,79세,경상
2022030200100338,2022년 3월 2일 16시,수요일,경상남도 김해시 삼정동,경상사고,0,0,1,0,차대차 - 측면충돌,안전운전불이행,건조,맑음,단일로 - 기타,승용,여,57세,기타불명,자전거,남,10세,경상
2022030200100378,2022년 3월 2일 17시,수요일,경상남도 창원시 마산합포구 문화동,경상사고,0,0,1,0,차대사람 - 횡단중,안전운전불이행,건조,맑음,단일로 - 기타,이륜,남,74세,상해없음,보행자,여,16세,경상
2022030200100379,2022년 3월 2일 17시,수요일,경상남도 사천시 사천읍,경상사고,0,0,2,0,차대차 - 측면충돌,신호위반,건조,맑음,교차로 - 교차로안,승용,남,66세,상해없음,승용,남,44세,경상
2022030200100380,2022년 3월 2일 17시,수요일,경상남도 창원시 의창구 북면,경상사고,0,0,1,0,차대차 - 기타,안전운전불이행,건조,맑음,단일로 - 고가도로위,승용,남,34세,상해없음,승용,여,65세,경상
2022030200100419,2022년 3월 2일 18시,수요일,경상남도 김해시 생림면,중상사고,0,1,0,0,차대차 - 추돌,안전운전불이행,건조,맑음,교차로 - 교차로부근,승용,남,63세,상해없음,승용,남,32세,중상
2022030200100420,2022년 3월 2일 18시,수요일,경상남도 창원시 성산구 반림동,경상사고,0,0,2,0,차대사람 - 기타,안전운전불이행,건조,맑음,교차로 - 교차로안,승용,남,64세,상해없음,보행자,여,40세,경상
2022030200100459,2022년 3월 2일 19시,수요일,경상남도 김해시 대청동,경상사고,0,0,1,0,차대차 - 측면충돌,안전운전불이행,건조,맑음,기타 - 기타,승용,여,32세,상해없음,이륜,남,50세,경상
2022030200100488,2022년 3월 2일 20시,수요일,경상남도 양산시 물금읍,경상사고,0,0,1,0,차대차 - 측면충돌,신호위반,건조,맑음,교차로 - 교차로안,이륜,남,22세,상해없음,자전거,남,14세,경상
2022030200100546,2022년 3월 2일 23시,수요일,경상남도 창원시 성산구 성산동,중상사고,0,1,0,0,차대차 - 측면충돌,신호위반,건조,맑음,교차로 - 교차로안,승용,남,21세,상해없음,승용,남,47세,중상
2022030300100006,2022년 3월 3일 00시,목요일,경상남도 창원시 성산구 상남동,경상사고,0,0,1,0,차대차 - 측면충돌,안전운전불이행,건조,맑음,교차로 - 교차로안,승용,남,32세,상해없음,승용,남,28세,경상
2022030300100013,2022년 3월 3일 01시,목요일,경상남도 진주시 신안동,경상사고,0,0,1,0,차대차 - 측면충돌,안전운전불이행,건조,맑음,교차로 - 교차로안,승용,남,54세,상해없음,이륜,남,49세,경상
2022030300100036,2022년 3월 3일 06시,목요일,경상남도 양산시 다방동,중상사고,0,1,0,0,차대사람 - 횡단중,보행자보호의무위반,건조,맑음,교차로 - 교차로횡단보도내,승합,남,56세,상해없음,보행자,남,61세,중상
2022030300100056,2022년 3월 3일 07시,목요일,경상남도 창녕군 대합면,경상사고,0,0,1,0,차대차 - 정면충돌,안전운전불이행,건조,맑음,단일로 - 기타,승용,남,44세,상해없음,이륜,남,37세,경상
2022030300100094,2022년 3월 3일 08시,목요일,경상남도 합천군 합천읍,중상사고,0,1,0,0,차대사람 - 길가장자리구역통행중,안전운전불이행,건조,맑음,교차로 - 교차로부근,승용,여,38세,상해없음,보행자,남,79세,중상
2022030300100095,2022년 3월 3일 08시,목요일,경상남도 거제시 옥포동,경상사고,0,0,1,0,차대사람 - 차도통행중,안전운전불이행,건조,맑음,단일로 - 기타,승용,여,40세,상해없음,보행자,여,42세,경상
2022030300100096,2022년 3월 3일 08시,목요일,경상남도 김해시 주촌면,경상사고,0,0,1,0,차대사람 - 횡단중,신호위반,건조,맑음,단일로 - 기타,승용,여,27세,상해없음,보행자,여,10세,경상
2022030300100180,2022년 3월 3일 11시,목요일,경상남도 통영시 용남면,부상신고사고,0,0,0,2,차대차 - 측면충돌,안전운전불이행,건조,맑음,기타 - 기타,승용,여,51세,상해없음,화물,여,66세,기타불명
2022030300100230,2022년 3월 3일 13시,목요일,경상남도 진주시 명석면,중상사고,0,4,0,0,차대차 - 기타,안전운전불이행,건조,맑음,교차로 - 교차로안,승용,남,33세,상해없음,승용,여,57세,상해없음
2022030300100261,2022년 3월 3일 14시,목요일,경상남도 통영시 광도면,중상사고,0,1,0,0,차대사람 - 횡단중,보행자보호의무위반,건조,맑음,교차로 - 교차로횡단보도내,승용,남,38세,상해없음,보행자,여,84세,중상
2022030300100262,2022년 3월 3일 14시,목요일,경상남도 사천시 용현면,경상사고,0,0,3,0,차대차 - 추돌,안전운전불이행,건조,맑음,교차로 - 교차로부근,화물,남,61세,경상,화물,남,60세,경상
2022030300100263,2022년 3월 3일 14시,목요일,경상남도 거제시 고현동,경상사고,0,0,1,0,차대차 - 기타,중앙선침범,건조,맑음,교차로 - 교차로부근,승용,남,67세,상해없음,승용,남,48세,경상
2022030300100264,2022년 3월 3일 14시,목요일,경상남도 남해군 남해읍,중상사고,0,1,1,0,차대사람 - 횡단중,보행자보호의무위반,건조,맑음,교차로 - 교차로부근,자전거,남,39세,경상,보행자,여,73세,중상
2022030300100301,2022년 3월 3일 15시,목요일,경상남도 남해군 남해읍,중상사고,0,1,0,0,차대사람 - 차도통행중,안전운전불이행,건조,맑음,교차로 - 교차로안,화물,남,50세,상해없음,보행자,여,68세,중상
2022030300100302,2022년 3월 3일 15시,목요일,경상남도 창원시 성산구 대원동,중상사고,0,1,0,0,차대사람 - 차도통행중,안전운전불이행,건조,맑음,교차로 - 교차로안,이륜,남,30세,상해없음,보행자,여,71세,중상
2022030300100333,2022년 3월 3일 16시,목요일,경상남도 김해시 삼계동,중상사고,0,1,0,0,차대차 - 정면충돌,직진우회전진행방해,건조,맑음,교차로 - 교차로안,승용,남,40세,상해없음,이륜,남,42세,중상
2022030300100334,2022년 3월 3일 16시,목요일,경상남도 김해시 삼계동,중상사고,0,1,0,0,차대사람 - 횡단중,안전운전불이행,건조,맑음,단일로 - 기타,승합,여,43세,상해없음,보행자,남,6세,중상
2022030300100367,2022년 3월 3일 17시,목요일,경상남도 창원시 마산합포구 진동면,경상사고,0,0,1,0,차대차 - 정면충돌,중앙선침범,건조,맑음,단일로 - 기타,승용,남,63세,상해없음,화물,남,69세,상해없음
2022030300100368,2022년 3월 3일 17시,목요일,경상남도 김해시 대동면,사망사고,1,0,0,0,차량단독 - 도로외이탈 - 기타,안전운전불이행,건조,맑음,단일로 - 기타,화물,남,65세,사망,,,,
2022030300100369,2022년 3월 3일 17시,목요일,경상남도 양산시 중부동,중상사고,0,1,1,0,차대차 - 기타,안전운전불이행,건조,맑음,교차로 - 교차로안,화물,남,60세,상해없음,승합,남,57세,경상
2022030300100370,2022년 3월 3일 17시,목요일,경상남도 함안군 군북면,경상사고,0,0,2,0,차대차 - 정면충돌,안전운전불이행,건조,맑음,교차로 - 교차로안,승용,남,18세,경상,승용,남,30세,경상
2022030300100403,2022년 3월 3일 18시,목요일,경상남도 진주시 상봉동,경상사고,0,0,1,0,차대사람 - 횡단중,안전운전불이행,건조,맑음,단일로 - 기타,이륜,남,31세,상해없음,보행자,여,72세,경상
2022030300100404,2022년 3월 3일 18시,목요일,경상남도 김해시 삼계동,중상사고,0,1,0,0,차대차 - 측면충돌,직진우회전진행방해,건조,맑음,교차로 - 교차로안,승용,여,53세,상해없음,이륜,남,36세,중상
2022030300100405,2022년 3월 3일 18시,목요일,경상남도 양산시 남부동,경상사고,0,0,2,0,차대차 - 추돌,안전운전불이행,건조,맑음,교차로 - 교차로부근,승용,남,46세,상해없음,승용,남,61세,상해없음
2022030300100406,2022년 3월 3일 18시,목요일,경상남도 거제시 장평동,중상사고,0,1,0,0,차대차 - 측면충돌,신호위반,건조,맑음,교차로 - 교차로안,승용,여,54세,상해없음,이륜,남,18세,상해없음
2022030300100407,2022년 3월 3일 18시,목요일,경상남도 함안군 가야읍,중상사고,0,1,0,0,차대차 - 정면충돌,직진우회전진행방해,건조,맑음,교차로 - 교차로안,승용,여,44세,상해없음,이륜,남,31세,중상
2022030300100429,2022년 3월 3일 19시,목요일,경상남도 통영시 당동,경상사고,0,0,1,0,차대차 - 추돌,안전운전불이행,건조,맑음,단일로 - 기타,이륜,남,47세,상해없음,이륜,남,33세,경상
2022030300100454,2022년 3월 3일 20시,목요일,경상남도 김해시 삼방동,경상사고,0,0,1,0,차대사람 - 횡단중,안전운전불이행,건조,맑음,교차로 - 교차로안,이륜,남,36세,상해없음,보행자,여,23세,경상
2022030300100497,2022년 3월 3일 22시,목요일,경상남도 김해시 부원동,경상사고,0,0,1,0,차대사람 - 기타,안전운전불이행,건조,맑음,단일로 - 기타,승용,여,57세,상해없음,보행자,남,39세,경상
2022030300100513,2022년 3월 3일 23시,목요일,경상남도 김해시 관동동,경상사고,0,0,1,0,차대차 - 후진중충돌,안전운전불이행,건조,맑음,단일로 - 기타,승용,남,58세,상해없음,승용,남,25세,경상
2022030400100017,2022년 3월 4일 05시,금요일,경상남도 창원시 진해구 자은동,경상사고,0,0,1,0,차대사람 - 횡단중,신호위반,건조,맑음,교차로 - 교차로횡단보도내,승용,여,55세,상해없음,보행자,남,61세,경상
2022030400100025,2022년 3월 4일 06시,금요일,경상남도 거제시 아주동,경상사고,0,0,1,0,차대차 - 기타,신호위반,건조,맑음,교차로 - 교차로안,화물,남,30세,상해없음,화물,남,58세,경상
2022030400100091,2022년 3월 4일 10시,금요일,경상남도 진주시 계동,경상사고,0,0,1,0,차대차 - 기타,안전운전불이행,건조,맑음,단일로 - 기타,승용,여,41세,상해없음,승합,남,34세,경상
2022030400100092,2022년 3월 4일 10시,금요일,경상남도 창녕군 대합면,경상사고,0,0,2,0,차대차 - 기타,안전거리미확보,건조,맑음,단일로 - 기타,화물,남,48세,상해없음,승용,남,60세,경상
2022030400100117,2022년 3월 4일 11시,금요일,경상남도 사천시 좌룡동,경상사고,0,0,1,0,차량단독 - 공작물충돌,안전운전불이행,건조,맑음,교차로 - 교차로부근,승용,남,21세,경상,,,,
2022030400100148,2022년 3월 4일 12시,금요일,경상남도 김해시 부곡동,부상신고사고,0,0,0,1,차대차 - 기타,안전운전불이행,건조,맑음,교차로 - 교차로안,이륜,남,48세,부상신고,이륜,남,54세,상해없음
2022030400100173,2022년 3월 4일 13시,금요일,경상남도 의령군 봉수면,중상사고,0,1,1,0,차량단독 - 공작물충돌,안전운전불이행,건조,맑음,단일로 - 기타,농기계,남,75세,경상,,,,
2022030400100259,2022년 3월 4일 16시,금요일,경상남도 창원시 성산구 성산동,중상사고,0,1,0,0,차대차 - 측면충돌,안전운전불이행,건조,맑음,교차로 - 교차로안,승용,남,36세,상해없음,승용,남,48세,중상
2022030400100294,2022년 3월 4일 17시,금요일,경상남도 창원시 마산합포구 진북면,중상사고,0,1,1,0,차대차 - 측면충돌,안전운전불이행,건조,맑음,교차로 - 교차로안,승용,남,80세,상해없음,화물,남,25세,중상
2022030400100295,2022년 3월 4일 17시,금요일,경상남도 창원시 진해구 이동,중상사고,0,1,0,0,차대사람 - 차도통행중,안전운전불이행,건조,맑음,단일로 - 기타,승용,남,55세,상해없음,보행자,여,79세,중상
2022030400100296,2022년 3월 4일 17시,금요일,경상남도 통영시 산양읍,경상사고,0,0,2,0,차대차 - 측면충돌,안전운전불이행,건조,맑음,교차로 - 교차로안,승용,여,57세,경상,승합,남,56세,경상
2022030400100333,2022년 3월 4일 18시,금요일,경상남도 김해시 한림면,경상사고,0,0,1,0,차대차 - 측면충돌,안전운전불이행,건조,맑음,교차로 - 교차로안,이륜,남,53세,상해없음,원동기,남,76세,경상
2022030400100362,2022년 3월 4일 19시,금요일,경상남도 진주시 평거동,중상사고,0,1,0,0,차대차 - 추돌,안전운전불이행,건조,기타,단일로 - 기타,승용,남,48세,기타불명,화물,남,60세,중상
2022030400100363,2022년 3월 4일 19시,금요일,경상남도 하동군 옥종면,경상사고,0,0,1,0,차대차 - 측면충돌,안전운전불이행,건조,맑음,기타 - 기타,승용,남,34세,상해없음,이륜,남,51세,경상
2022030400100364,2022년 3월 4일 19시,금요일,경상남도 거제시 일운면,경상사고,0,0,2,0,차대차 - 측면충돌,직진우회전진행방해,건조,맑음,교차로 - 교차로안,승용,여,43세,상해없음,승용,남,30세,경상
2022030400100365,2022년 3월 4일 19시,금요일,경상남도 의령군 의령읍,중상사고,0,1,0,0,차대사람 - 차도통행중,안전운전불이행,건조,맑음,단일로 - 기타,승용,남,22세,상해없음,보행자,남,70세,중상
2022030400100366,2022년 3월 4일 19시,금요일,경상남도 창원시 마산합포구 산호동,경상사고,0,0,1,0,차대차 - 기타,신호위반,건조,맑음,교차로 - 교차로안,승용,여,49세,상해없음,승용,여,41세,경상
2022030400100367,2022년 3월 4일 19시,금요일,경상남도 김해시 대청동,경상사고,0,0,4,0,차대차 - 추돌,안전운전불이행,건조,맑음,단일로 - 기타,승용,남,30세,경상,승용,남,24세,상해없음
2022030400100398,2022년 3월 4일 20시,금요일,경상남도 김해시 내동,중상사고,0,1,0,0,차대차 - 기타,안전거리미확보,건조,맑음,단일로 - 기타,승용,남,51세,상해없음,이륜,남,56세,중상
2022030400100457,2022년 3월 4일 22시,금요일,경상남도 거제시 옥포동,경상사고,0,0,1,0,차대사람 - 길가장자리구역통행중,신호위반,건조,맑음,단일로 - 기타,자전거,남,47세,경상,보행자,남,50세,상해없음
2022030400100458,2022년 3월 4일 22시,금요일,경상남도 창원시 성산구 상남동,중상사고,0,1,0,0,차대사람 - 횡단중,안전운전불이행,건조,맑음,단일로 - 기타,승용,남,67세,상해없음,보행자,남,56세,중상
2022030500100102,2022년 3월 5일 10시,토요일,경상남도 창원시 진해구 여좌동,중상사고,0,1,0,0,차대차 - 기타,안전거리미확보,건조,맑음,단일로 - 기타,승용,여,25세,상해없음,승용,남,75세,중상
2022030500100172,2022년 3월 5일 12시,토요일,경상남도 김해시 동상동,경상사고,0,0,2,0,차대차 - 측면충돌,안전운전불이행,건조,맑음,단일로 - 기타,화물,남,69세,상해없음,승용,여,26세,경상
2022030500100173,2022년 3월 5일 12시,토요일,경상남도 양산시 동면,경상사고,0,0,1,0,차대차 - 기타,안전운전불이행,건조,맑음,교차로 - 교차로안,승용,남,35세,기타불명,승용,남,29세,경상
2022030500100213,2022년 3월 5일 13시,토요일,경상남도 고성군 고성읍,경상사고,0,0,1,0,차대차 - 측면충돌,안전운전불이행,건조,맑음,교차로 - 교차로안,승용,남,64세,상해없음,자전거,남,14세,경상
2022030500100214,2022년 3월 5일 13시,토요일,경상남도 창원시 마산회원구 내서읍,경상사고,0,0,1,0,차대차 - 측면충돌,안전운전불이행,건조,맑음,교차로 - 교차로안,승용,여,44세,상해없음,이륜,남,26세,경상
2022030500100270,2022년 3월 5일 15시,토요일,경상남도 김해시 어방동,중상사고,0,3,1,0,차대차 - 추돌,안전운전불이행,건조,맑음,단일로 - 기타,승용,남,64세,상해없음,승용,여,50세,중상
2022030500100298,2022년 3월 5일 16시,토요일,경상남도 밀양시 삼문동,중상사고,0,1,0,0,차대차 - 기타,안전거리미확보,건조,맑음,단일로 - 기타,이륜,남,25세,중상,승용,남,61세,상해없음
2022030500100332,2022년 3월 5일 17시,토요일,경상남도 창원시 진해구 용원동,중상사고,0,1,1,0,차대차 - 측면충돌,직진우회전진행방해,건조,맑음,교차로 - 교차로안,이륜,남,42세,중상,이륜,남,24세,경상