사고번호,사고일시,요일,시군구,사고내용,사망자수,중상자수,경상자수,부상신고자수,사고유형,법규위반,노면상태,기상상태,도로형태,가해운전자 차종,가해운전자 성별,가해운전자 연령,가해운전자 상해정도,피해운전자 차종,피해운전자 성별,피해운전자 연령,피해운전자 상해정도
2022032000100151,2022년 3월 20일 15시,일요일,경상남도 양산시 원동면,부상신고사고,0,0,0,1,차대사람 - 차도통행중,안전운전불이행,건조,맑음,단일로 - 기타,자전거,남,52세,상해없음,보행자,여,53세,부상신고
2022032000100199,2022년 3월 20일 17시,일요일,경상남도 창원시 마산합포구 중앙동3가,중상사고,0,1,0,0,차대차 - 측면충돌,안전운전불이행,건조,맑음,교차로 - 교차로안,승용,남,35세,상해없음,이륜,남,43세,중상
2022032000100200,2022년 3월 20일 17시,일요일,경상남도 김해시 진영읍,중상사고,0,2,2,0,차대차 - 측면충돌,기타,건조,맑음,교차로 - 교차로안,승용,남,46세,상해없음,승용,여,60세,경상
2022032000100220,2022년 3월 20일 18시,일요일,경상남도 양산시 물금읍,중상사고,0,1,0,0,차대차 - 측면충돌,신호위반,건조,맑음,교차로 - 교차로안,이륜,남,56세,상해없음,이륜,남,34세,중상
2022032000100237,2022년 3월 20일 19시,일요일,경상남도 양산시 동면,부상신고사고,0,0,0,1,차대사람 - 차도통행중,안전운전불이행,건조,맑음,단일로 - 고가도로위,승용,남,58세,상해없음,보행자,여,73세,부상신고
2022032000100297,2022년 3월 20일 22시,일요일,경상남도 김해시 부원동,경상사고,0,0,1,0,차대차 - 기타,교차로운행방법위반,건조,맑음,교차로 - 교차로안,승용,남,57세,상해없음,승용,남,21세,상해없음
2022032100100034,2022년 3월 21일 06시,월요일,경상남도 통영시 광도면,경상사고,0,0,2,0,차대차 - 측면충돌,안전운전불이행,건조,맑음,교차로 - 교차로부근,승용,남,44세,경상,승용,남,55세,경상
2022032100100044,2022년 3월 21일 07시,월요일,경상남도 밀양시 상남면,중상사고,0,1,1,0,차대차 - 추돌,안전운전불이행,건조,맑음,단일로 - 기타,승용,여,19세,상해없음,승용,남,35세,경상
2022032100100045,2022년 3월 21일 07시,월요일,경상남도 거제시 사등면,경상사고,0,0,1,0,차대차 - 추돌,안전운전불이행,건조,맑음,단일로 - 기타,이륜,남,33세,경상,승용,남,53세,상해없음
2022032100100069,2022년 3월 21일 08시,월요일,경상남도 창원시 마산합포구 신포동1가,경상사고,0,0,2,0,차대차 - 측면충돌,신호위반,건조,맑음,교차로 - 교차로안,화물,남,54세,상해없음,승용,남,64세,경상
2022032100100096,2022년 3월 21일 09시,월요일,경상남도 창원시 진해구 경화동,경상사고,0,0,1,0,차대차 - 측면충돌,중앙선침범,건조,맑음,단일로 - 기타,승용,남,66세,상해없음,승용,여,48세,경상
2022032100100122,2022년 3월 21일 10시,월요일,경상남도 창녕군 대지면,중상사고,0,1,0,0,차대사람 - 차도통행중,안전운전불이행,건조,맑음,단일로 - 기타,특수,남,52세,상해없음,보행자,여,86세,중상
2022032100100151,2022년 3월 21일 11시,월요일,경상남도 거제시 고현동,중상사고,0,1,0,0,차대사람 - 기타,교차로운행방법위반,건조,맑음,교차로 - 교차로안,승용,여,41세,기타불명,보행자,여,79세,중상
2022032100100173,2022년 3월 21일 12시,월요일,경상남도 함안군 칠원읍,경상사고,0,0,1,0,차량단독 - 기타,기타,건조,맑음,단일로 - 기타,승용,남,72세,경상,,,,
2022032100100191,2022년 3월 21일 13시,월요일,경상남도 거창군 거창읍,중상사고,0,1,0,0,차대차 - 측면충돌,안전거리미확보,건조,맑음,단일로 - 기타,건설기계,남,53세,상해없음,승용,남,30세,중상
2022032100100192,2022년 3월 21일 13시,월요일,경상남도 합천군 쌍책면,경상사고,0,0,1,0,차량단독 - 도로외이탈 - 추락,안전운전불이행,건조,맑음,단일로 - 기타,농기계,남,74세,경상,,,,
2022032100100249,2022년 3월 21일 15시,월요일,경상남도 창원시 진해구 용원동,경상사고,0,0,3,0,차대차 - 측면충돌,직진우회전진행방해,건조,맑음,교차로 - 교차로안,승용,남,53세,경상,승용,남,34세,경상
2022032100100250,2022년 3월 21일 15시,월요일,경상남도 거창군 거창읍,중상사고,0,1,0,0,차대차 - 측면충돌,직진우회전진행방해,건조,맑음,교차로 - 교차로안,승용,여,45세,상해없음,자전거,여,74세,중상
2022032100100251,2022년 3월 21일 15시,월요일,경상남도 창녕군 대합면,중상사고,0,1,0,0,차량단독 - 전도전복 - 전도,안전운전불이행,건조,맑음,단일로 - 기타,농기계,남,76세,중상,,,,
2022032100100252,2022년 3월 21일 15시,월요일,경상남도 김해시 대청동,경상사고,0,0,1,0,차대차 - 후진중충돌,안전운전불이행,건조,맑음,교차로 - 교차로안,화물,남,21세,상해없음,이륜,기타불명,미분류,기타불명
2022032100100281,2022년 3월 21일 16시,월요일,경상남도 김해시 삼계동,경상사고,0,0,1,0,차대사람 - 길가장자리구역통행중,안전운전불이행,건조,맑음,단일로 - 기타,승용,여,58세,상해없음,보행자,여,74세,경상
2022032100100282,2022년 3월 21일 16시,월요일,경상남도 의령군 용덕면,중상사고,0,1,0,0,차량단독 - 기타,안전운전불이행,건조,맑음,교차로 - 교차로부근,농기계,남,63세,중상,,,,
2022032100100308,2022년 3월 21일 17시,월요일,경상남도 통영시 북신동,경상사고,0,0,6,0,차대차 - 측면충돌,직진우회전진행방해,건조,맑음,교차로 - 교차로안,승합,남,63세,상해없음,승합,여,45세,경상
2022032100100309,2022년 3월 21일 17시,월요일,경상남도 김해시 외동,경상사고,0,0,5,0,차대차 - 정면충돌,보행자보호의무위반,건조,맑음,교차로 - 교차로횡단보도내,승용,여,48세,상해없음,승용,여,48세,경상
2022032100100310,2022년 3월 21일 17시,월요일,경상남도 김해시 전하동,경상사고,0,0,1,0,차대차 - 측면충돌,안전운전불이행,건조,맑음,교차로 - 교차로안,승합,남,61세,상해없음,승용,남,26세,경상
2022032100100311,2022년 3월 21일 17시,월요일,경상남도 양산시 교동,중상사고,0,1,0,0,차대사람 - 기타,안전운전불이행,건조,맑음,단일로 - 기타,승용,여,47세,상해없음,보행자,여,26세,중상
2022032100100335,2022년 3월 21일 18시,월요일,경상남도 거제시 장평동,경상사고,0,0,1,0,차대차 - 측면충돌,교차로운행방법위반,건조,맑음,교차로 - 교차로안,이륜,여,54세,경상,승용,남,24세,상해없음
2022032100100336,2022년 3월 21일 18시,월요일,경상남도 김해시 진영읍,경상사고,0,0,1,0,차대차 - 추돌,안전운전불이행,건조,맑음,단일로 - 기타,승용,남,60세,상해없음,승용,남,41세,경상
2022032100100357,2022년 3월 21일 19시,월요일,경상남도 김해시 어방동,경상사고,0,0,1,0,차대차 - 측면충돌,신호위반,건조,맑음,교차로 - 교차로안,승용,남,58세,상해없음,이륜,남,18세,경상
2022032100100377,2022년 3월 21일 20시,월요일,경상남도 창원시 마산합포구 교원동,중상사고,0,1,0,0,차대사람 - 횡단중,보행자보호의무위반,건조,맑음,교차로 - 교차로횡단보도내,승용,여,28세,상해없음,보행자,남,48세,중상
2022032100100378,2022년 3월 21일 20시,월요일,경상남도 김해시 삼정동,중상사고,0,2,1,0,차대차 - 측면충돌,신호위반,건조,맑음,교차로 - 교차로안,승용,남,20세,경상,승용,남,42세,중상
2022032100100379,2022년 3월 21일 20시,월요일,경상남도 김해시 내동,경상사고,0,0,3,0,차대차 - 추돌,안전운전불이행,건조,맑음,교차로 - 교차로부근,승용,남,47세,상해없음,승용,여,37세,경상
2022032100100396,2022년 3월 21일 21시,월요일,경상남도 통영시 무전동,경상사고,0,0,2,0,차대차 - 추돌,안전거리미확보,건조,맑음,교차로 - 교차로부근,승용,남,64세,상해없음,승용,여,49세,경상
2022032100100411,2022년 3월 21일 22시,월요일,경상남도 김해시 구산동,중상사고,0,1,0,0,차대차 - 측면충돌,직진우회전진행방해,건조,맑음,교차로 - 교차로안,승용,남,23세,상해없음,이륜,남,27세,중상
2022032100100433,2022년 3월 21일 23시,월요일,경상남도 창원시 진해구 용원동,경상사고,0,0,1,0,차대차 - 측면충돌,안전운전불이행,건조,맑음,교차로 - 교차로부근,승용,남,57세,상해없음,원동기,남,24세,경상
2022032200100010,2022년 3월 22일 03시,화요일,경상남도 양산시 북부동,중상사고,0,2,0,0,차대차 - 추돌,안전운전불이행,건조,맑음,교차로 - 교차로안,화물,남,53세,상해없음,승용,남,26세,중상
2022032200100020,2022년 3월 22일 06시,화요일,경상남도 양산시 덕계동,경상사고,0,0,1,1,차대차 - 측면충돌,신호위반,건조,맑음,교차로 - 교차로안,승용,남,65세,부상신고,승용,남,60세,경상
2022032200100032,2022년 3월 22일 07시,화요일,경상남도 창원시 진해구 두동,경상사고,0,0,1,0,차대차 - 추돌,안전운전불이행,건조,맑음,단일로 - 기타,승용,남,34세,상해없음,승용,여,48세,경상
2022032200100102,2022년 3월 22일 10시,화요일,경상남도 통영시 서호동,중상사고,0,1,1,0,차대차 - 측면충돌,신호위반,건조,맑음,교차로 - 교차로안,승용,남,64세,상해없음,승합,남,52세,경상
2022032200100103,2022년 3월 22일 10시,화요일,경상남도 밀양시 삼랑진읍,부상신고사고,0,0,0,1,차대차 - 기타,안전운전불이행,건조,맑음,단일로 - 기타,개인형이동수단(PM),여,87세,부상신고,화물,남,73세,상해없음
2022032200100104,2022년 3월 22일 10시,화요일,경상남도 합천군 삼가면,중상사고,0,1,0,0,차대차 - 측면충돌,교차로운행방법위반,건조,맑음,교차로 - 교차로안,화물,남,57세,상해없음,이륜,남,80세,중상
2022032200100105,2022년 3월 22일 10시,화요일,경상남도 하동군 진교면,중상사고,0,1,0,0,차대차 - 측면충돌,안전운전불이행,건조,맑음,교차로 - 교차로부근,승용,여,49세,상해없음,자전거,남,88세,중상
2022032200100106,2022년 3월 22일 10시,화요일,경상남도 창원시 의창구 봉곡동,경상사고,0,0,5,0,차대차 - 기타,안전운전불이행,기타,맑음,단일로 - 기타,화물,남,55세,상해없음,승합,남,40세,상해없음
2022032200100146,2022년 3월 22일 12시,화요일,경상남도 창원시 마산합포구 중앙동1가,경상사고,0,0,1,0,차대차 - 측면충돌,안전운전불이행,건조,맑음,단일로 - 기타,승용,남,77세,상해없음,이륜,남,68세,경상
2022032200100147,2022년 3월 22일 12시,화요일,경상남도 양산시 남부동,경상사고,0,0,2,0,차대사람 - 기타,안전운전불이행,건조,맑음,기타 - 기타,자전거,남,43세,경상,보행자,여,54세,경상
2022032200100148,2022년 3월 22일 12시,화요일,경상남도 김해시 주촌면,경상사고,0,0,1,0,차대차 - 추돌,안전운전불이행,건조,맑음,기타 - 기타,이륜,남,26세,상해없음,자전거,남,29세,경상
2022032200100179,2022년 3월 22일 13시,화요일,경상남도 사천시 대방동,경상사고,0,0,3,0,차대차 - 추돌,안전운전불이행,건조,맑음,단일로 - 기타,화물,남,35세,상해없음,승용,남,46세,경상
2022032200100180,2022년 3월 22일 13시,화요일,경상남도 함양군 백전면,중상사고,0,1,0,0,차량단독 - 공작물충돌,기타,건조,맑음,단일로 - 기타,화물,남,61세,중상,,,,
2022032200100190,2022년 3월 22일 14시,화요일,경상남도 김해시 진례면,경상사고,0,0,2,0,차대차 - 기타,차로위반,건조,맑음,단일로 - 기타,화물,남,57세,상해없음,승용,남,30세,경상
2022032200100205,2022년 3월 22일 14시,화요일,경상남도 김해시 부곡동,중상사고,0,1,1,0,차대차 - 측면충돌,직진우회전진행방해,건조,맑음,교차로 - 교차로안,건설기계,남,67세,경상,승용,여,62세,중상
2022032200100267,2022년 3월 22일 16시,화요일,경상남도 창원시 진해구 소사동,경상사고,0,0,2,0,차대차 - 추돌,신호위반,건조,맑음,단일로 - 기타,화물,남,45세,상해없음,승용,남,55세,경상
2022032200100268,2022년 3월 22일 16시,화요일,경상남도 양산시 중부동,경상사고,0,0,1,0,차대차 - 정면충돌,중앙선침범,건조,맑음,교차로 - 교차로부근,승용,남,19세,상해없음,승용,여,53세,경상
2022032200100303,2022년 3월 22일 17시,화요일,경상남도 사천시 사천읍,경상사고,0,0,1,0,차대차 - 측면충돌,안전운전불이행,건조,맑음,교차로 - 교차로안,승용,남,58세,상해없음,이륜,남,18세,경상
2022032200100335,2022년 3월 22일 18시,화요일,경상남도 창원시 진해구 이동,경상사고,0,0,1,0,차대차 - 기타,신호위반,건조,맑음,교차로 - 교차로안,이륜,남,24세,경상,승용,남,29세,상해없음
2022032200100365,2022년 3월 22일 19시,화요일,경상남도 밀양시 삼문동,중상사고,0,1,0,0,차대차 - 측면충돌,안전운전불이행,건조,흐림,단일로 - 기타,승용,남,54세,상해없음,이륜,남,28세,중상
2022032200100366,2022년 3월 22일 19시,화요일,경상남도 남해군 남해읍,경상사고,0,0,2,0,차대차 - 측면충돌,교차로운행방법위반,건조,맑음,교차로 - 교차로안,화물,남,55세,상해없음,승용,남,55세,경상
2022032200100414,2022년 3월 22일 21시,화요일,경상남도 창원시 의창구 동읍,경상사고,0,0,1,0,차대차 - 기타,안전운전불이행,건조,맑음,기타 - 기타,화물,남,67세,상해없음,승용,남,49세,경상
2022032200100445,2022년 3월 22일 23시,화요일,경상남도 김해시 삼정동,경상사고,0,0,1,0,차대사람 - 횡단중,보행자보호의무위반,건조,맑음,교차로 - 교차로횡단보도내,승용,남,66세,상해없음,보행자,여,22세,경상
2022032300100025,2022년 3월 23일 03시,수요일,경상남도 사천시 봉남동,사망사고,1,1,0,0,차대차 - 측면충돌,신호위반,건조,맑음,교차로 - 교차로안,원동기,남,74세,중상,화물,남,60세,상해없음
2022032300100039,2022년 3월 23일 06시,수요일,경상남도 양산시 상북면,경상사고,0,0,1,0,차대차 - 측면충돌,안전운전불이행,건조,맑음,교차로 - 교차로안,승용,남,41세,기타불명,승용,여,57세,경상
2022032300100053,2022년 3월 23일 07시,수요일,경상남도 김해시 생림면,사망사고,1,0,0,0,차대사람 - 길가장자리구역통행중,안전운전불이행,건조,맑음,단일로 - 기타,승용,여,58세,상해없음,보행자,여,91세,사망
2022032300100073,2022년 3월 23일 08시,수요일,경상남도 창원시 마산합포구 진동면,중상사고,0,1,0,0,차대차 - 측면충돌,안전운전불이행,건조,맑음,교차로 - 교차로안,승용,남,48세,상해없음,승합,남,57세,상해없음
2022032300100074,2022년 3월 23일 08시,수요일,경상남도 창원시 성산구 중앙동,경상사고,0,0,1,0,차대차 - 추돌,안전운전불이행,건조,맑음,단일로 - 기타,승용,여,51세,상해없음,승용,남,27세,경상
2022032300100093,2022년 3월 23일 09시,수요일,경상남도 통영시 무전동,중상사고,0,1,0,0,차대사람 - 횡단중,안전운전불이행,건조,맑음,단일로 - 기타,승용,남,48세,상해없음,보행자,남,67세,중상
2022032300100094,2022년 3월 23일 09시,수요일,경상남도 사천시 용현면,부상신고사고,0,0,0,1,차대차 - 측면충돌,안전운전불이행,건조,맑음,단일로 - 기타,화물,남,61세,상해없음,승용,여,46세,부상신고
2022032300100111,2022년 3월 23일 10시,수요일,경상남도 밀양시 상남면,중상사고,0,1,0,0,차대차 - 추돌,안전운전불이행,건조,흐림,단일로 - 기타,화물,남,37세,상해없음,승용,여,48세,중상
2022032300100112,2022년 3월 23일 10시,수요일,경상남도 합천군 용주면,부상신고사고,0,0,0,1,차대차 - 측면충돌,중앙선침범,건조,흐림,교차로 - 교차로부근,승용,남,34세,상해없음,승용,남,62세,부상신고
2022032300100142,2022년 3월 23일 11시,수요일,경상남도 사천시 송포동,중상사고,0,1,0,0,차대차 - 측면충돌,안전운전불이행,건조,맑음,단일로 - 기타,승용,여,56세,상해없음,이륜,남,75세,중상
2022032300100143,2022년 3월 23일 11시,수요일,경상남도 밀양시 부북면,중상사고,0,1,0,0,차대차 - 정면충돌,중앙선침범,건조,맑음,단일로 - 기타,승용,남,46세,상해없음,화물,남,49세,중상
2022032300100144,2022년 3월 23일 11시,수요일,경상남도 거제시 고현동,경상사고,0,0,1,0,차대사람 - 횡단중,보행자보호의무위반,건조,맑음,교차로 - 교차로횡단보도내,승용,여,47세,상해없음,보행자,여,37세,경상
2022032300100145,2022년 3월 23일 11시,수요일,경상남도 함안군 칠원읍,사망사고,1,1,0,0,차대사람 - 횡단중,안전운전불이행,건조,맑음,교차로 - 교차로부근,승용,남,60세,상해없음,보행자,남,84세,사망
2022032300100146,2022년 3월 23일 11시,수요일,경상남도 창원시 성산구 남산동,경상사고,0,0,1,0,차대차 - 측면충돌,신호위반,건조,맑음,교차로 - 교차로안,이륜,남,25세,상해없음,승용,남,51세,경상
2022032300100188,2022년 3월 23일 13시,수요일,경상남도 의령군 의령읍,부상신고사고,0,0,0,1,차대차 - 측면충돌,교차로운행방법위반,건조,맑음,교차로 - 교차로부근,승용,남,39세,상해없음,자전거,여,69세,부상신고
2022032300100232,2022년 3월 23일 15시,수요일,경상남도 양산시 물금읍,중상사고,0,1,0,0,차대사람 - 횡단중,신호위반,건조,맑음,교차로 - 교차로안,화물,남,59세,상해없음,보행자,여,8세,중상
2022032300100256,2022년 3월 23일 16시,수요일,경상남도 함양군 함양읍,경상사고,0,0,2,1,차대차 - 측면충돌,안전운전불이행,건조,맑음,교차로 - 교차로안,승용,남,77세,부상신고,승합,남,49세,경상
2022032300100296,2022년 3월 23일 17시,수요일,경상남도 사천시 정동면,경상사고,0,0,1,0,차대차 - 측면충돌,교차로운행방법위반,건조,맑음,교차로 - 교차로안,승용,여,37세,상해없음,승용,남,53세,경상
2022032300100328,2022년 3월 23일 18시,수요일,경상남도 양산시 평산동,부상신고사고,0,0,0,1,차대차 - 기타,안전운전불이행,건조,맑음,교차로 - 교차로부근,이륜,남,22세,부상신고,승용,남,49세,상해없음
2022032300100361,2022년 3월 23일 19시,수요일,경상남도 김해시 내동,경상사고,0,0,1,0,차대차 - 기타,안전운전불이행,건조,맑음,교차로 - 교차로안,승용,여,38세,상해없음,이륜,남,48세,경상
2022032300100362,2022년 3월 23일 19시,수요일,경상남도 거창군 거창읍,부상신고사고,0,0,0,1,차대차 - 추돌,안전운전불이행,건조,맑음,교차로 - 교차로부근,원동기,남,55세,부상신고,승용,여,39세,상해없음
2022032300100363,2022년 3월 23일 19시,수요일,경상남도 산청군 신안면,경상사고,0,0,1,0,차대사람 - 횡단중,안전운전불이행,건조,맑음,단일로 - 기타,승용,여,47세,상해없음,보행자,남,24세,경상
2022032300100387,2022년 3월 23일 20시,수요일,경상남도 창원시 진해구 여좌동,경상사고,0,0,1,0,차대차 - 기타,안전운전불이행,건조,맑음,단일로 - 기타,승용,남,45세,상해없음,원동기,남,22세,경상
2022032300100388,2022년 3월 23일 20시,수요일,경상남도 창녕군 창녕읍,경상사고,0,0,1,0,차대차 - 기타,안전운전불이행,건조,맑음,교차로 - 교차로안,승용,남,47세,상해없음,자전거,남,30세,경상
2022032300100389,2022년 3월 23일 20시,수요일,경상남도 김해시 율하동,경상사고,0,0,1,0,차대차 - 측면충돌,안전운전불이행,건조,맑음,교차로 - 교차로안,승용,남,67세,상해없음,승용,여,27세,경상
2022032300100416,2022년 3월 23일 21시,수요일,경상남도 사천시 사천읍,경상사고,0,0,1,0,차대차 - 추돌,안전운전불이행,건조,맑음,교차로 - 교차로안,승용,여,37세,상해없음,승용,남,54세,상해없음
2022032300100417,2022년 3월 23일 21시,수요일,경상남도 밀양시 내이동,부상신고사고,0,0,0,1,차대사람 - 기타,안전운전불이행,건조,맑음,교차로 - 교차로부근,승용,남,52세,상해없음,보행자,남,69세,부상신고
2022032300100449,2022년 3월 23일 23시,수요일,경상남도 양산시 물금읍,경상사고,0,0,1,0,차대사람 - 차도통행중,안전운전불이행,건조,맑음,단일로 - 기타,승용,남,48세,상해없음,보행자,남,40세,경상
2022032300100450,2022년 3월 23일 23시,수요일,경상남도 거제시 아주동,경상사고,0,0,3,0,차대차 - 추돌,안전운전불이행,건조,맑음,단일로 - 기타,승용,여,42세,상해없음,승용,여,25세,경상
2022032400100012,2022년 3월 24일 01시,목요일,경상남도 창원시 성산구 사파동,경상사고,0,0,1,0,차대사람 - 횡단중,보행자보호의무위반,건조,맑음,단일로 - 기타,이륜,남,29세,상해없음,보행자,남,37세,경상
2022032400100021,2022년 3월 24일 05시,목요일,경상남도 김해시 신문동,중상사고,0,1,0,0,차대차 - 측면충돌,안전운전불이행,건조,맑음,교차로 - 교차로안,승용,남,51세,상해없음,자전거,남,50세,중상
2022032400100042,2022년 3월 24일 07시,목요일,경상남도 창원시 성산구 웅남동,부상신고사고,0,0,0,1,차대차 - 측면충돌,안전운전불이행,건조,맑음,교차로 - 교차로부근,승용,남,60세,상해없음,승용,남,56세,부상신고
2022032400100120,2022년 3월 24일 10시,목요일,경상남도 밀양시 내이동,중상사고,0,1,3,0,차대차 - 측면충돌,신호위반,건조,맑음,교차로 - 교차로안,승용,남,56세,상해없음,특수,남,28세,경상
2022032400100121,2022년 3월 24일 10시,목요일,경상남도 김해시 부원동,중상사고,0,1,0,0,차대차 - 기타,안전운전불이행,건조,맑음,교차로 - 교차로부근,화물,남,39세,상해없음,자전거,여,74세,중상
2022032400100122,2022년 3월 24일 10시,목요일,경상남도 거제시 아양동,경상사고,0,0,1,0,차대차 - 측면충돌,안전거리미확보,건조,맑음,단일로 - 기타,화물,남,25세,상해없음,승용,여,49세,경상
2022032400100139,2022년 3월 24일 11시,목요일,경상남도 거제시 고현동,경상사고,0,0,1,0,차대차 - 기타,기타,건조,맑음,단일로 - 기타,승용,남,39세,상해없음,승용,남,41세,경상
2022032400100169,2022년 3월 24일 12시,목요일,경상남도 밀양시 삼랑진읍,중상사고,0,1,0,0,차대차 - 측면충돌,안전운전불이행,건조,맑음,단일로 - 기타,승용,남,40세,상해없음,자전거,여,60세,중상
2022032400100170,2022년 3월 24일 12시,목요일,경상남도 남해군 고현면,경상사고,0,0,1,0,차량단독 - 전도전복 - 전도,안전운전불이행,건조,맑음,단일로 - 지하차도(도로)내,농기계,남,77세,경상,,,,
2022032400100194,2022년 3월 24일 13시,목요일,경상남도 거제시 사등면,사망사고,1,0,0,0,차대차 - 기타,안전거리미확보,건조,맑음,단일로 - 기타,승용,남,31세,상해없음,이륜,남,56세,사망
2022032400100250,2022년 3월 24일 15시,목요일,경상남도 창원시 마산합포구 월영동,경상사고,0,0,1,0,차대차 - 측면충돌,안전거리미확보,건조,맑음,교차로 - 교차로부근,화물,남,42세,상해없음,승용,여,61세,경상
2022032400100251,2022년 3월 24일 15시,목요일,경상남도 사천시 사천읍,경상사고,0,0,1,0,차대차 - 추돌,안전운전불이행,건조,맑음,단일로 - 기타,승용,남,29세,상해없음,화물,남,34세,경상
2022032400100285,2022년 3월 24일 16시,목요일,경상남도 창원시 진해구 용원동,경상사고,0,0,1,0,차대차 - 측면충돌,교차로운행방법위반,건조,맑음,교차로 - 교차로안,승용,남,23세,상해없음,이륜,남,54세,경상
2022032400100286,2022년 3월 24일 16시,목요일,경상남도 함양군 안의면,경상사고,0,0,1,0,차대차 - 측면충돌,중앙선침범,건조,맑음,교차로 - 교차로부근,승합,남,57세,상해없음,승용,남,46세,경상
2022032400100287,2022년 3월 24일 16시,목요일,경상남도 함안군 가야읍,중상사고,0,1,0,0,차대차 - 측면충돌,안전운전불이행,건조,맑음,교차로 - 교차로부근,승용,여,42세,상해없음,이륜,남,64세,중상
2022032400100318,2022년 3월 24일 17시,목요일,경상남도 밀양시 하남읍,중상사고,0,1,0,0,차대차 - 측면충돌,신호위반,건조,맑음,교차로 - 교차로안,승용,여,49세,상해없음,승용,남,72세,중상
2022032400100319,2022년 3월 24일 17시,목요일,경상남도 양산시 신기동,경상사고,0,0,1,0,차대차 - 측면충돌,신호위반,건조,맑음,기타 - 기타,승용,남,64세,상해없음,승용,여,49세,경상
2022032400100320,2022년 3월 24일 17시,목요일,경상남도 거제시 장평동,부상신고사고,0,0,0,1,차량단독 - 전도전복 - 전도,안전운전불이행,건조,맑음,단일로 - 기타,자전거,여,59세,부상신고,,,,
2022032400100321,2022년 3월 24일 17시,목요일,경상남도 김해시 흥동,중상사고,0,1,0,0,차대차 - 추돌,안전운전불이행,건조,맑음,교차로 - 교차로안,승용,남,30세,상해없음,이륜,남,31세,중상
2022032400100356,2022년 3월 24일 18시,목요일,경상남도 창원시 마산합포구 해운동,부상신고사고,0,0,0,1,차대차 - 측면충돌,안전운전불이행,건조,맑음,교차로 - 교차로부근,자전거,남,66세,부상신고,승용,남,57세,상해없음
2022032400100357,2022년 3월 24일 18시,목요일,경상남도 김해시 봉황동,중상사고,0,1,0,0,차대차 - 측면충돌,교차로운행방법위반,건조,맑음,교차로 - 교차로안,화물,남,56세,상해없음,승용,남,29세,중상
2022032400100358,2022년 3월 24일 18시,목요일,경상남도 창녕군 창녕읍,중상사고,0,1,0,0,차대차 - 기타,신호위반,건조,맑음,교차로 - 교차로안,승용,남,60세,상해없음,승용,여,61세,중상
2022032400100359,2022년 3월 24일 18시,목요일,경상남도 김해시 한림면,경상사고,0,0,1,0,차대차 - 측면충돌,신호위반,건조,맑음,단일로 - 기타,승용,여,31세,상해없음,이륜,남,41세,경상
2022032400100399,2022년 3월 24일 19시,목요일,경상남도 창원시 진해구 충무동,경상사고,0,0,1,0,차대사람 - 횡단중,신호위반,건조,맑음,교차로 - 교차로횡단보도내,승용,남,72세,상해없음,보행자,여,52세,경상
2022032400100400,2022년 3월 24일 19시,목요일,경상남도 거제시 고현동,중상사고,0,1,0,0,차대차 - 기타,안전운전불이행,건조,맑음,교차로 - 교차로안,이륜,남,51세,중상,승용,남,65세,상해없음
2022032400100423,2022년 3월 24일 20시,목요일,경상남도 통영시 광도면,경상사고,0,0,1,0,차대차 - 후진중충돌,안전운전불이행,건조,맑음,단일로 - 기타,승용,남,65세,상해없음,이륜,남,26세,경상
2022032400100424,2022년 3월 24일 20시,목요일,경상남도 거제시 옥포동,중상사고,0,1,0,0,차대사람 - 차도통행중,안전운전불이행,건조,맑음,단일로 - 기타,승용,남,30세,상해없음,보행자,남,34세,중상
2022032400100442,2022년 3월 24일 21시,목요일,경상남도 고성군 고성읍,경상사고,0,0,1,0,차대차 - 측면충돌,교차로운행방법위반,건조,맑음,교차로 - 교차로안,승용,여,40세,상해없음,이륜,남,30세,경상
2022032400100443,2022년 3월 24일 21시,목요일,경상남도 거제시 옥포동,경상사고,0,0,1,0,차대차 - 기타,직진우회전진행방해,건조,맑음,교차로 - 교차로안,승용,남,64세,상해없음,이륜,남,32세,경상
2022032400100444,2022년 3월 24일 21시,목요일,경상남도 창원시 의창구 소계동,중상사고,0,1,0,0,차대차 - 추돌,안전거리미확보,건조,맑음,교차로 - 교차로부근,승용,남,30세,상해없음,승용,남,43세,중상
2022032400100458,2022년 3월 24일 22시,목요일,경상남도 창원시 마산합포구 해운동,경상사고,0,0,1,0,차대차 - 측면충돌,안전운전불이행,건조,맑음,교차로 - 교차로안,승용,남,27세,상해없음,이륜,남,25세,경상
2022032400100471,2022년 3월 24일 23시,목요일,경상남도 김해시 삼계동,중상사고,0,1,0,0,차대사람 - 횡단중,안전운전불이행,건조,맑음,단일로 - 기타,화물,남,66세,상해없음,보행자,남,26세,중상
2022032500100005,2022년 3월 25일 00시,금요일,경상남도 양산시 동면,중상사고,0,1,1,0,차대차 - 추돌,안전운전불이행,건조,맑음,단일로 - 기타,승용,남,40세,상해없음,화물,남,45세,경상
2022032500100018,2022년 3월 25일 02시,금요일,경상남도 창녕군 성산면,경상사고,0,0,1,0,차량단독 - 공작물충돌,안전운전불이행,건조,맑음,기타 - 기타,승용,남,29세,경상,,,,
2022032500100028,2022년 3월 25일 05시,금요일,경상남도 사천시 용강동,경상사고,0,0,2,0,차대차 - 측면충돌,신호위반,건조,맑음,교차로 - 교차로안,승용,남,49세,경상,승용,남,64세,경상