사고번호,사고일시,요일,시군구,사고내용,사망자수,중상자수,경상자수,부상신고자수,사고유형,법규위반,노면상태,기상상태,도로형태,가해운전자 차종,가해운전자 성별,가해운전자 연령,가해운전자 상해정도,피해운전자 차종,피해운전자 성별,피해운전자 연령,피해운전자 상해정도
2022032500100034,2022년 3월 25일 06시,금요일,경상남도 거제시 장평동,중상사고,0,1,0,0,차대차 - 기타,안전운전불이행,건조,맑음,단일로 - 기타,자전거,남,60세,상해없음,이륜,남,40세,중상
2022032500100045,2022년 3월 25일 07시,금요일,경상남도 통영시 미수동,경상사고,0,0,1,0,차대차 - 추돌,안전거리미확보,건조,맑음,단일로 - 교량,승용,여,28세,상해없음,승용,남,59세,경상
2022032500100046,2022년 3월 25일 07시,금요일,경상남도 거제시 장평동,경상사고,0,0,3,0,차대차 - 측면충돌,불법유턴,건조,맑음,교차로 - 교차로횡단보도내,이륜,남,44세,경상,승용,여,53세,경상
2022032500100075,2022년 3월 25일 08시,금요일,경상남도 창원시 진해구 통신동,경상사고,0,0,1,0,차대사람 - 횡단중,보행자보호의무위반,건조,맑음,교차로 - 교차로안,승용,남,67세,상해없음,보행자,여,78세,경상
2022032500100076,2022년 3월 25일 08시,금요일,경상남도 함양군 함양읍,경상사고,0,0,1,0,차대사람 - 기타,안전운전불이행,건조,맑음,단일로 - 기타,화물,남,53세,상해없음,보행자,남,65세,경상
2022032500100077,2022년 3월 25일 08시,금요일,경상남도 양산시 삼호동,경상사고,0,0,1,0,차대차 - 측면충돌,안전운전불이행,건조,맑음,교차로 - 교차로안,승용,여,51세,상해없음,자전거,남,79세,경상
2022032500100124,2022년 3월 25일 10시,금요일,경상남도 남해군 고현면,부상신고사고,0,0,0,1,차대차 - 측면충돌,직진우회전진행방해,건조,맑음,교차로 - 교차로부근,승용,남,45세,상해없음,승용,남,80세,부상신고
2022032500100149,2022년 3월 25일 11시,금요일,경상남도 창녕군 대합면,중상사고,0,1,0,0,차량단독 - 기타,안전운전불이행,건조,맑음,단일로 - 기타,이륜,남,62세,상해없음,,,,
2022032500100202,2022년 3월 25일 13시,금요일,경상남도 하동군 옥종면,경상사고,0,0,1,0,차대차 - 측면충돌,안전운전불이행,건조,맑음,주차장 - 주차장,승용,남,72세,상해없음,사륜오토바이(ATV),남,71세,경상
2022032500100203,2022년 3월 25일 13시,금요일,경상남도 창원시 마산회원구 내서읍,중상사고,0,1,0,0,차대차 - 측면충돌,중앙선침범,건조,맑음,단일로 - 기타,승용,남,68세,상해없음,승용,여,47세,중상
2022032500100234,2022년 3월 25일 14시,금요일,경상남도 창원시 의창구 팔용동,중상사고,0,1,0,0,차대사람 - 길가장자리구역통행중,안전운전불이행,건조,맑음,교차로 - 교차로부근,승합,남,51세,상해없음,보행자,여,72세,중상
2022032500100235,2022년 3월 25일 14시,금요일,경상남도 창원시 의창구 명서동,경상사고,0,0,1,0,차대차 - 측면충돌,안전운전불이행,건조,맑음,단일로 - 기타,승용,남,87세,상해없음,승용,여,30세,경상
2022032500100236,2022년 3월 25일 14시,금요일,경상남도 김해시 대청동,경상사고,0,0,1,0,차대사람 - 횡단중,보행자보호의무위반,건조,맑음,교차로 - 교차로횡단보도내,승합,남,63세,상해없음,보행자,여,57세,경상
2022032500100266,2022년 3월 25일 15시,금요일,경상남도 창원시 마산회원구 구암동,경상사고,0,0,1,0,차대차 - 측면충돌,안전운전불이행,건조,맑음,교차로 - 교차로안,승용,남,47세,상해없음,승용,남,30세,경상
2022032500100290,2022년 3월 25일 16시,금요일,경상남도 창원시 진해구 석동,경상사고,0,0,1,0,차대차 - 추돌,안전운전불이행,건조,맑음,교차로 - 교차로안,승용,남,39세,상해없음,승용,여,54세,경상
2022032500100291,2022년 3월 25일 16시,금요일,경상남도 합천군 합천읍,중상사고,0,1,1,0,차대차 - 측면충돌,신호위반,건조,맑음,교차로 - 교차로안,화물,남,59세,경상,화물,여,69세,중상
2022032500100292,2022년 3월 25일 16시,금요일,경상남도 거제시 고현동,경상사고,0,0,3,0,차대차 - 측면충돌,안전운전불이행,건조,맑음,단일로 - 기타,승용,남,38세,경상,승용,여,43세,경상
2022032500100293,2022년 3월 25일 16시,금요일,경상남도 창원시 의창구 명서동,중상사고,0,1,0,0,차대사람 - 횡단중,보행자보호의무위반,건조,맑음,교차로 - 교차로안,승용,여,50세,상해없음,보행자,여,71세,중상
2022032500100324,2022년 3월 25일 17시,금요일,경상남도 창원시 성산구 남양동,경상사고,0,0,1,0,차대사람 - 보도통행중,안전운전불이행,건조,맑음,단일로 - 기타,화물,남,53세,상해없음,보행자,여,15세,경상
2022032500100325,2022년 3월 25일 17시,금요일,경상남도 김해시 강동,중상사고,0,1,1,0,차대차 - 추돌,안전운전불이행,건조,맑음,단일로 - 기타,승용,남,62세,상해없음,승용,여,25세,중상
2022032500100364,2022년 3월 25일 18시,금요일,경상남도 통영시 미수동,경상사고,0,0,1,0,차대차 - 추돌,안전운전불이행,건조,흐림,단일로 - 기타,승용,남,61세,경상,승용,남,56세,상해없음
2022032500100365,2022년 3월 25일 18시,금요일,경상남도 김해시 삼방동,경상사고,0,0,1,0,차대차 - 측면충돌,안전운전불이행,건조,맑음,교차로 - 교차로안,이륜,남,37세,상해없음,승용,남,68세,경상
2022032500100366,2022년 3월 25일 18시,금요일,경상남도 창녕군 성산면,중상사고,0,2,0,0,차대차 - 정면충돌,중앙선침범,건조,맑음,단일로 - 기타,화물,남,50세,상해없음,화물,남,55세,중상
2022032500100418,2022년 3월 25일 19시,금요일,경상남도 김해시 삼계동,경상사고,0,0,2,0,차대차 - 측면충돌,신호위반,건조,맑음,교차로 - 교차로안,승용,남,68세,상해없음,승용,남,39세,경상
2022032500100419,2022년 3월 25일 19시,금요일,경상남도 창녕군 창녕읍,중상사고,0,1,0,0,차대차 - 추돌,안전운전불이행,건조,맑음,단일로 - 기타,승용,여,23세,기타불명,화물,남,79세,중상
2022032500100461,2022년 3월 25일 20시,금요일,경상남도 양산시 주남동,경상사고,0,0,1,0,차대차 - 측면충돌,중앙선침범,건조,맑음,단일로 - 기타,승용,남,59세,상해없음,이륜,남,46세,경상
2022032500100509,2022년 3월 25일 21시,금요일,경상남도 거제시 장평동,경상사고,0,0,1,0,차대차 - 기타,안전운전불이행,건조,흐림,교차로 - 교차로안,승용,남,57세,상해없음,승용,남,47세,경상
2022032500100510,2022년 3월 25일 21시,금요일,경상남도 김해시 진영읍,경상사고,0,0,1,0,차대차 - 측면충돌,안전운전불이행,젖음/습기,비,단일로 - 기타,화물,남,62세,상해없음,승용,남,28세,경상
2022032500100563,2022년 3월 25일 22시,금요일,경상남도 김해시 어방동,경상사고,0,0,1,0,차대사람 - 횡단중,보행자보호의무위반,건조,맑음,교차로 - 교차로부근,화물,남,60세,상해없음,보행자,남,60세,경상
2022032500100564,2022년 3월 25일 22시,금요일,경상남도 창원시 성산구 신월동,경상사고,0,0,1,0,차대사람 - 횡단중,보행자보호의무위반,건조,맑음,단일로 - 기타,승용,남,59세,상해없음,보행자,남,38세,경상
2022032500100621,2022년 3월 25일 23시,금요일,경상남도 통영시 명정동,경상사고,0,0,1,0,차대차 - 추돌,안전운전불이행,젖음/습기,비,교차로 - 교차로부근,이륜,남,19세,상해없음,승용,남,44세,경상
2022032600100017,2022년 3월 26일 00시,토요일,경상남도 창원시 진해구 풍호동,부상신고사고,0,0,0,1,차량단독 - 공작물충돌,안전운전불이행,젖음/습기,비,교차로 - 교차로부근,승용,남,52세,부상신고,,,,
2022032600100063,2022년 3월 26일 05시,토요일,경상남도 창원시 의창구 동정동,경상사고,0,0,1,0,차대사람 - 기타,신호위반,젖음/습기,비,교차로 - 교차로안,승용,남,68세,상해없음,보행자,남,56세,경상
2022032600100071,2022년 3월 26일 06시,토요일,경상남도 창원시 성산구 상남동,중상사고,0,1,0,0,차대차 - 측면충돌,교차로운행방법위반,젖음/습기,비,교차로 - 교차로안,승용,남,25세,상해없음,승합,남,55세,중상
2022032600100072,2022년 3월 26일 06시,토요일,경상남도 김해시 무계동,경상사고,0,0,1,0,차대사람 - 길가장자리구역통행중,안전운전불이행,젖음/습기,흐림,교차로 - 교차로안,승용,남,56세,상해없음,보행자,남,49세,경상
2022032600100106,2022년 3월 26일 09시,토요일,경상남도 김해시 내동,경상사고,0,0,1,0,차대차 - 측면충돌,신호위반,젖음/습기,비,교차로 - 교차로부근,이륜,남,19세,상해없음,승용,남,37세,경상
2022032600100123,2022년 3월 26일 10시,토요일,경상남도 진주시 가좌동,경상사고,0,0,1,0,차대차 - 기타,차로위반,건조,맑음,교차로 - 교차로안,승용,남,50세,상해없음,승용,여,57세,경상
2022032600100142,2022년 3월 26일 11시,토요일,경상남도 통영시 정량동,경상사고,0,0,1,0,차대차 - 기타,안전운전불이행,건조,맑음,단일로 - 기타,승용,남,61세,상해없음,이륜,남,65세,경상
2022032600100156,2022년 3월 26일 12시,토요일,경상남도 김해시 대동면,경상사고,0,0,1,0,차대차 - 추돌,안전거리미확보,건조,맑음,단일로 - 기타,승용,남,22세,상해없음,승용,남,26세,경상
2022032600100168,2022년 3월 26일 12시,토요일,경상남도 거창군 남하면,사망사고,1,0,2,0,차대차 - 추돌,안전운전불이행,건조,맑음,단일로 - 기타,화물,남,63세,사망,화물,남,50세,경상
2022032600100170,2022년 3월 26일 12시,토요일,경상남도 거제시 일운면,경상사고,0,0,1,0,차대차 - 추돌,안전운전불이행,건조,맑음,단일로 - 기타,화물,남,57세,상해없음,승용,남,65세,상해없음
2022032600100171,2022년 3월 26일 12시,토요일,경상남도 김해시 관동동,중상사고,0,1,0,0,차대차 - 측면충돌,안전운전불이행,건조,맑음,교차로 - 교차로안,승용,남,21세,상해없음,이륜,남,40세,중상
2022032600100193,2022년 3월 26일 13시,토요일,경상남도 양산시 평산동,경상사고,0,0,1,0,차대차 - 측면충돌,신호위반,건조,맑음,교차로 - 교차로안,승용,남,66세,상해없음,화물,남,48세,경상
2022032600100194,2022년 3월 26일 13시,토요일,경상남도 양산시 명동,중상사고,0,1,1,0,차대차 - 기타,안전거리미확보,건조,맑음,교차로 - 교차로안,이륜,남,57세,상해없음,화물,남,52세,경상
2022032600100218,2022년 3월 26일 14시,토요일,경상남도 합천군 대양면,경상사고,0,0,2,0,차대차 - 추돌,안전운전불이행,건조,맑음,단일로 - 기타,특수,남,59세,상해없음,승용,남,21세,경상
2022032600100219,2022년 3월 26일 14시,토요일,경상남도 함안군 함안면,중상사고,0,1,1,0,차량단독 - 도로외이탈 - 기타,안전운전불이행,건조,맑음,단일로 - 기타,이륜,여,45세,중상,,,,
2022032600100285,2022년 3월 26일 16시,토요일,경상남도 사천시 곤명면,중상사고,0,1,0,0,차대차 - 측면충돌,안전운전불이행,건조,맑음,단일로 - 기타,승용,남,56세,상해없음,자전거,남,68세,중상
2022032600100286,2022년 3월 26일 16시,토요일,경상남도 거창군 거창읍,경상사고,0,0,1,0,차대사람 - 차도통행중,안전운전불이행,건조,맑음,단일로 - 기타,승용,여,39세,상해없음,보행자,남,41세,경상
2022032600100287,2022년 3월 26일 16시,토요일,경상남도 거창군 남하면,중상사고,0,1,0,0,차대차 - 측면충돌,교차로운행방법위반,건조,맑음,교차로 - 교차로부근,화물,남,61세,상해없음,이륜,남,75세,중상
2022032600100288,2022년 3월 26일 16시,토요일,경상남도 창원시 마산회원구 내서읍,경상사고,0,0,1,0,차대차 - 측면충돌,신호위반,건조,맑음,교차로 - 교차로횡단보도내,이륜,남,19세,기타불명,이륜,남,40세,경상
2022032600100310,2022년 3월 26일 17시,토요일,경상남도 창원시 성산구 두대동,중상사고,0,1,0,0,차대차 - 측면충돌,중앙선침범,건조,맑음,단일로 - 기타,화물,남,66세,상해없음,원동기,남,60세,중상
2022032600100331,2022년 3월 26일 18시,토요일,경상남도 김해시 삼방동,경상사고,0,0,1,0,차대차 - 측면충돌,안전운전불이행,건조,맑음,단일로 - 기타,승용,남,59세,상해없음,이륜,남,48세,경상
2022032600100380,2022년 3월 26일 20시,토요일,경상남도 합천군 율곡면,경상사고,0,0,5,0,차대차 - 추돌,안전운전불이행,건조,맑음,단일로 - 기타,승용,남,32세,상해없음,승용,남,32세,경상
2022032600100381,2022년 3월 26일 20시,토요일,경상남도 창원시 의창구 팔용동,경상사고,0,0,1,0,차대사람 - 기타,안전운전불이행,건조,맑음,교차로 - 교차로안,승용,남,73세,상해없음,보행자,남,61세,경상
2022032600100430,2022년 3월 26일 22시,토요일,경상남도 김해시 구산동,중상사고,0,1,0,0,차대차 - 기타,안전거리미확보,건조,맑음,단일로 - 기타,기타불명,기타불명,미분류,기타불명,이륜,남,27세,중상
2022032600100431,2022년 3월 26일 22시,토요일,경상남도 의령군 부림면,중상사고,0,1,0,0,차대차 - 기타,안전운전불이행,건조,맑음,단일로 - 기타,화물,남,51세,상해없음,이륜,여,59세,중상
2022032600100457,2022년 3월 26일 23시,토요일,경상남도 김해시 외동,경상사고,0,0,1,0,차대사람 - 기타,안전운전불이행,건조,맑음,단일로 - 기타,승용,남,29세,상해없음,보행자,남,41세,경상
2022032600100458,2022년 3월 26일 23시,토요일,경상남도 창원시 마산회원구 내서읍,사망사고,1,0,0,0,차대차 - 기타,안전운전불이행,건조,맑음,단일로 - 기타,승용,남,37세,사망,화물,남,48세,기타불명
2022032700100007,2022년 3월 27일 00시,일요일,경상남도 김해시 내동,중상사고,0,2,0,0,차대차 - 측면충돌,신호위반,건조,맑음,교차로 - 교차로안,승용,남,49세,중상,승용,남,27세,중상
2022032700100035,2022년 3월 27일 06시,일요일,경상남도 사천시 사천읍,경상사고,0,0,1,0,차대차 - 측면충돌,직진우회전진행방해,건조,맑음,교차로 - 교차로안,승용,여,47세,경상,승용,남,73세,상해없음
2022032700100036,2022년 3월 27일 06시,일요일,경상남도 거제시 사등면,경상사고,0,0,1,0,차대사람 - 차도통행중,안전운전불이행,건조,맑음,단일로 - 기타,승용,남,67세,상해없음,보행자,남,81세,경상
2022032700100048,2022년 3월 27일 08시,일요일,경상남도 밀양시 삼랑진읍,중상사고,0,1,0,0,차대차 - 정면충돌,중앙선침범,건조,맑음,단일로 - 기타,화물,남,18세,상해없음,화물,남,64세,중상
2022032700100049,2022년 3월 27일 08시,일요일,경상남도 고성군 회화면,경상사고,0,0,1,0,차대차 - 추돌,안전운전불이행,건조,맑음,교차로 - 교차로부근,원동기,남,75세,상해없음,자전거,여,43세,경상
2022032700100057,2022년 3월 27일 09시,일요일,경상남도 거제시 고현동,중상사고,0,1,2,0,차대차 - 정면충돌,기타,건조,맑음,교차로 - 교차로안,승용,남,34세,경상,화물,남,62세,중상
2022032700100067,2022년 3월 27일 10시,일요일,경상남도 진주시 초전동,경상사고,0,0,1,0,차대사람 - 기타,안전운전불이행,건조,맑음,단일로 - 기타,승합,여,46세,상해없음,보행자,남,42세,경상
2022032700100087,2022년 3월 27일 11시,일요일,경상남도 김해시 내동,경상사고,0,0,1,0,차대차 - 기타,안전운전불이행,건조,맑음,교차로 - 교차로안,승용,남,49세,상해없음,이륜,남,34세,경상
2022032700100110,2022년 3월 27일 12시,일요일,경상남도 김해시 삼계동,중상사고,0,1,0,0,차대사람 - 기타,안전운전불이행,건조,맑음,교차로 - 교차로부근,승합,여,51세,상해없음,보행자,여,87세,중상
2022032700100111,2022년 3월 27일 12시,일요일,경상남도 양산시 덕계동,경상사고,0,0,1,0,차대사람 - 길가장자리구역통행중,중앙선침범,건조,맑음,단일로 - 기타,승용,남,43세,상해없음,보행자,여,65세,경상
2022032700100112,2022년 3월 27일 12시,일요일,경상남도 거제시 동부면,중상사고,0,1,0,0,차대사람 - 길가장자리구역통행중,안전운전불이행,건조,맑음,단일로 - 기타,승용,남,38세,상해없음,보행자,남,42세,중상
2022032700100113,2022년 3월 27일 12시,일요일,경상남도 산청군 생초면,경상사고,0,0,1,0,차대차 - 측면충돌,중앙선침범,건조,맑음,단일로 - 기타,화물,남,60세,상해없음,승합,남,64세,경상
2022032700100138,2022년 3월 27일 13시,일요일,경상남도 창원시 의창구 동읍,경상사고,0,0,1,0,차대차 - 기타,안전운전불이행,건조,맑음,단일로 - 기타,승용,남,24세,상해없음,승용,남,41세,상해없음
2022032700100164,2022년 3월 27일 14시,일요일,경상남도 통영시 당동,중상사고,0,1,1,0,차대차 - 추돌,안전운전불이행,건조,맑음,단일로 - 교량,승용,여,46세,상해없음,승용,여,56세,중상
2022032700100192,2022년 3월 27일 15시,일요일,경상남도 창원시 진해구 경화동,경상사고,0,0,2,0,차대차 - 측면충돌,안전운전불이행,건조,맑음,교차로 - 교차로부근,승용,여,56세,상해없음,승용,남,66세,경상
2022032700100193,2022년 3월 27일 15시,일요일,경상남도 김해시 서상동,경상사고,0,0,1,0,차대사람 - 기타,안전운전불이행,건조,맑음,단일로 - 기타,승용,남,20세,상해없음,보행자,여,57세,경상
2022032700100194,2022년 3월 27일 15시,일요일,경상남도 남해군 삼동면,부상신고사고,0,0,0,1,차대차 - 측면충돌,안전운전불이행,건조,맑음,단일로 - 기타,이륜,남,49세,부상신고,화물,남,51세,상해없음
2022032700100195,2022년 3월 27일 15시,일요일,경상남도 김해시 부곡동,중상사고,0,1,0,0,차대차 - 측면충돌,신호위반,건조,맑음,교차로 - 교차로안,승용,여,46세,상해없음,이륜,남,21세,중상
2022032700100221,2022년 3월 27일 16시,일요일,경상남도 창원시 진해구 여좌동,경상사고,0,0,1,0,차대차 - 정면충돌,안전운전불이행,건조,맑음,교차로 - 교차로안,승용,남,64세,상해없음,승합,남,60세,경상
2022032700100222,2022년 3월 27일 16시,일요일,경상남도 함안군 대산면,중상사고,0,1,0,0,차대차 - 정면충돌,중앙선침범,건조,맑음,단일로 - 기타,승용,남,22세,상해없음,화물,남,53세,중상
2022032700100242,2022년 3월 27일 17시,일요일,경상남도 김해시 부원동,중상사고,0,1,0,0,차대차 - 기타,안전운전불이행,건조,맑음,교차로 - 교차로부근,승용,남,59세,상해없음,자전거,남,43세,중상
2022032700100271,2022년 3월 27일 18시,일요일,경상남도 진주시 금산면,부상신고사고,0,0,0,1,차량단독 - 기타,안전운전불이행,건조,맑음,단일로 - 기타,화물,남,48세,부상신고,,,,
2022032700100272,2022년 3월 27일 18시,일요일,경상남도 양산시 물금읍,중상사고,0,2,0,0,차대차 - 추돌,안전운전불이행,건조,맑음,단일로 - 기타,승용,여,23세,상해없음,승용,남,31세,중상
2022032700100273,2022년 3월 27일 18시,일요일,경상남도 거제시 양정동,경상사고,0,0,1,0,차대차 - 측면충돌,중앙선침범,건조,맑음,단일로 - 기타,화물,남,48세,상해없음,이륜,남,34세,경상
2022032700100274,2022년 3월 27일 18시,일요일,경상남도 김해시 신문동,중상사고,0,1,0,0,차대차 - 측면충돌,안전운전불이행,건조,맑음,교차로 - 교차로안,이륜,남,20세,상해없음,이륜,남,59세,중상
2022032700100292,2022년 3월 27일 19시,일요일,경상남도 창원시 마산합포구 해운동,경상사고,0,0,1,0,차대사람 - 차도통행중,안전운전불이행,건조,맑음,단일로 - 기타,승용,남,54세,상해없음,보행자,남,71세,경상
2022032700100293,2022년 3월 27일 19시,일요일,경상남도 양산시 덕계동,부상신고사고,0,0,0,1,차대차 - 측면충돌,안전운전불이행,건조,맑음,단일로 - 기타,원동기,남,17세,부상신고,승용,남,56세,상해없음
2022032700100294,2022년 3월 27일 19시,일요일,경상남도 김해시 진영읍,경상사고,0,0,1,0,차대차 - 추돌,안전거리미확보,건조,맑음,단일로 - 기타,승용,여,50세,상해없음,특수,남,46세,경상
2022032700100324,2022년 3월 27일 20시,일요일,경상남도 사천시 정동면,중상사고,0,1,1,0,차대사람 - 기타,안전운전불이행,건조,맑음,단일로 - 기타,승용,여,30세,상해없음,보행자,남,72세,중상
2022032700100325,2022년 3월 27일 20시,일요일,경상남도 김해시 삼방동,경상사고,0,0,2,0,차대차 - 추돌,안전운전불이행,건조,맑음,단일로 - 기타,원동기,남,32세,상해없음,승용,남,62세,경상
2022032700100363,2022년 3월 27일 22시,일요일,경상남도 진주시 이반성면,중상사고,0,1,0,0,차량단독 - 공작물충돌,안전운전불이행,건조,맑음,단일로 - 기타,승용,남,60세,중상,,,,
2022032700100364,2022년 3월 27일 22시,일요일,경상남도 통영시 항남동,중상사고,0,1,0,0,차대사람 - 횡단중,안전운전불이행,건조,맑음,교차로 - 교차로부근,이륜,남,39세,상해없음,보행자,남,21세,중상
2022032700100384,2022년 3월 27일 23시,일요일,경상남도 창원시 마산합포구 중앙동1가,경상사고,0,0,3,0,차대차 - 측면충돌,안전운전불이행,건조,맑음,교차로 - 교차로안,승용,남,60세,상해없음,승용,남,24세,경상
2022032800100028,2022년 3월 28일 06시,월요일,경상남도 김해시 어방동,경상사고,0,0,1,0,차대차 - 측면충돌,안전운전불이행,건조,맑음,교차로 - 교차로안,승용,남,54세,상해없음,승용,남,62세,경상
2022032800100049,2022년 3월 28일 07시,월요일,경상남도 통영시 중앙동,경상사고,0,0,2,0,차대차 - 측면충돌,안전운전불이행,젖음/습기,맑음,단일로 - 기타,화물,남,46세,상해없음,승용,남,71세,경상
2022032800100050,2022년 3월 28일 07시,월요일,경상남도 창원시 성산구 신월동,부상신고사고,0,0,0,1,차대사람 - 차도통행중,안전운전불이행,건조,맑음,단일로 - 기타,승용,여,44세,상해없음,보행자,남,20세,부상신고
2022032800100051,2022년 3월 28일 07시,월요일,경상남도 김해시 관동동,경상사고,0,0,1,0,차대차 - 측면충돌,교차로운행방법위반,건조,맑음,교차로 - 교차로안,승용,남,24세,상해없음,승용,남,42세,경상
2022032800100083,2022년 3월 28일 08시,월요일,경상남도 사천시 사천읍,경상사고,0,0,1,0,차대차 - 기타,안전거리미확보,건조,맑음,교차로 - 교차로부근,건설기계,남,54세,상해없음,승용,남,35세,경상
2022032800100084,2022년 3월 28일 08시,월요일,경상남도 창녕군 창녕읍,경상사고,0,0,1,0,차대차 - 추돌,안전운전불이행,건조,맑음,교차로 - 교차로부근,화물,여,57세,상해없음,승용,남,64세,상해없음
2022032800100109,2022년 3월 28일 09시,월요일,경상남도 김해시 대성동,경상사고,0,0,1,0,차대차 - 측면충돌,안전운전불이행,건조,맑음,교차로 - 교차로안,화물,남,68세,상해없음,개인형이동수단(PM),남,49세,경상
2022032800100110,2022년 3월 28일 09시,월요일,경상남도 양산시 삼호동,경상사고,0,0,1,0,차대차 - 측면충돌,안전운전불이행,건조,맑음,단일로 - 기타,화물,남,30세,상해없음,승용,여,50세,경상
2022032800100140,2022년 3월 28일 10시,월요일,경상남도 진주시 금산면,경상사고,0,0,1,1,차대차 - 측면충돌,중앙선침범,건조,맑음,교차로 - 교차로부근,승용,남,68세,상해없음,승용,남,50세,경상
2022032800100154,2022년 3월 28일 11시,월요일,경상남도 김해시 대동면,경상사고,0,0,1,0,차대차 - 추돌,안전운전불이행,건조,맑음,단일로 - 기타,화물,남,60세,경상,특수,남,67세,상해없음
2022032800100207,2022년 3월 28일 12시,월요일,경상남도 진주시 상대동,중상사고,0,1,0,0,차대사람 - 횡단중,보행자보호의무위반,건조,맑음,교차로 - 교차로횡단보도내,승용,남,44세,상해없음,보행자,여,87세,중상
2022032800100260,2022년 3월 28일 14시,월요일,경상남도 김해시 내동,부상신고사고,0,0,0,1,차대차 - 측면충돌,안전운전불이행,건조,맑음,교차로 - 교차로부근,이륜,남,67세,부상신고,승용,여,52세,상해없음
2022032800100284,2022년 3월 28일 15시,월요일,경상남도 창원시 진해구 안골동,경상사고,0,0,1,0,차대사람 - 횡단중,보행자보호의무위반,건조,맑음,단일로 - 기타,승용,남,27세,상해없음,보행자,남,10세,경상
2022032800100285,2022년 3월 28일 15시,월요일,경상남도 밀양시 내이동,경상사고,0,0,1,0,차대차 - 측면충돌,안전운전불이행,건조,맑음,교차로 - 교차로안,화물,남,50세,상해없음,자전거,여,74세,경상
2022032800100344,2022년 3월 28일 17시,월요일,경상남도 진주시 상대동,중상사고,0,1,1,0,차대차 - 측면충돌,직진우회전진행방해,건조,맑음,교차로 - 교차로안,원동기,남,62세,경상,승용,여,28세,중상
2022032800100345,2022년 3월 28일 17시,월요일,경상남도 창원시 마산회원구 봉암동,경상사고,0,0,1,0,차대차 - 추돌,안전운전불이행,건조,맑음,교차로 - 교차로안,승용,남,60세,상해없음,원동기,남,41세,경상
2022032800100382,2022년 3월 28일 18시,월요일,경상남도 창녕군 영산면,경상사고,0,0,1,0,차대차 - 측면충돌,신호위반,건조,맑음,교차로 - 교차로안,승용,남,31세,상해없음,화물,남,50세,상해없음
2022032800100383,2022년 3월 28일 18시,월요일,경상남도 고성군 개천면,경상사고,0,0,1,0,차량단독 - 공작물충돌,안전운전불이행,건조,맑음,단일로 - 기타,화물,남,83세,경상,,,,
2022032800100407,2022년 3월 28일 19시,월요일,경상남도 양산시 물금읍,경상사고,0,0,1,0,차대차 - 기타,안전운전불이행,건조,맑음,단일로 - 기타,화물,남,58세,상해없음,승용,남,54세,상해없음
2022032800100470,2022년 3월 28일 22시,월요일,경상남도 김해시 부곡동,경상사고,0,0,1,0,차대차 - 추돌,안전운전불이행,건조,맑음,교차로 - 교차로부근,승용,남,24세,상해없음,승용,여,45세,경상
2022032800100490,2022년 3월 28일 23시,월요일,경상남도 창원시 마산합포구 산호동,경상사고,0,0,2,0,차대차 - 측면충돌,신호위반,건조,맑음,단일로 - 기타,승용,여,28세,상해없음,승용,남,50세,경상
2022032900100124,2022년 3월 29일 10시,화요일,경상남도 거제시 고현동,중상사고,0,1,0,0,차대차 - 측면충돌,안전운전불이행,건조,맑음,기타 - 기타,승용,남,48세,상해없음,승용,여,59세,중상
2022032900100148,2022년 3월 29일 11시,화요일,경상남도 창원시 진해구 용원동,중상사고,0,1,0,0,차대차 - 측면충돌,기타,건조,맑음,교차로 - 교차로안,특수,남,40세,상해없음,승용,남,42세,중상
2022032900100149,2022년 3월 29일 11시,화요일,경상남도 김해시 삼계동,중상사고,0,1,2,0,차대차 - 측면충돌,안전운전불이행,건조,맑음,교차로 - 교차로안,승용,여,36세,경상,승용,남,58세,중상
2022032900100150,2022년 3월 29일 11시,화요일,경상남도 남해군 남해읍,경상사고,0,0,1,0,차대차 - 측면충돌,직진우회전진행방해,건조,맑음,교차로 - 교차로부근,승용,여,46세,상해없음,승용,여,65세,경상
2022032900100172,2022년 3월 29일 12시,화요일,경상남도 창원시 마산합포구 장군동5가,중상사고,0,1,0,0,차대차 - 측면충돌,안전운전불이행,건조,맑음,교차로 - 교차로안,승용,여,72세,상해없음,자전거,남,78세,중상
2022032900100173,2022년 3월 29일 12시,화요일,경상남도 창원시 진해구 용원동,경상사고,0,0,1,0,차대차 - 기타,안전운전불이행,건조,맑음,단일로 - 기타,기타불명,기타불명,미분류,기타불명,승용,여,27세,경상
2022032900100174,2022년 3월 29일 12시,화요일,경상남도 양산시 평산동,경상사고,0,0,2,0,차대차 - 추돌,안전운전불이행,건조,맑음,기타 - 기타,승합,여,56세,상해없음,이륜,남,39세,경상
2022032900100213,2022년 3월 29일 13시,화요일,경상남도 창원시 마산합포구 월영동,중상사고,0,1,0,0,차대차 - 기타,안전운전불이행,건조,맑음,교차로 - 교차로부근,이륜,남,39세,상해없음,이륜,남,43세,중상
2022032900100263,2022년 3월 29일 15시,화요일,경상남도 진주시 중안동,경상사고,0,0,1,0,차대차 - 측면충돌,교차로운행방법위반,건조,맑음,교차로 - 교차로안,이륜,남,16세,경상,승용,여,66세,상해없음
2022032900100264,2022년 3월 29일 15시,화요일,경상남도 김해시 외동,경상사고,0,0,1,0,차대차 - 정면충돌,안전운전불이행,건조,맑음,단일로 - 기타,승용,여,27세,상해없음,이륜,남,28세,경상