사고번호,사고일시,요일,시군구,사고내용,사망자수,중상자수,경상자수,부상신고자수,사고유형,법규위반,노면상태,기상상태,도로형태,가해운전자 차종,가해운전자 성별,가해운전자 연령,가해운전자 상해정도,피해운전자 차종,피해운전자 성별,피해운전자 연령,피해운전자 상해정도
2022032900100265,2022년 3월 29일 15시,화요일,경상남도 김해시 부원동,경상사고,0,0,2,0,차대차 - 추돌,안전운전불이행,건조,맑음,단일로 - 기타,화물,남,59세,상해없음,승용,여,26세,경상
2022032900100314,2022년 3월 29일 16시,화요일,경상남도 의령군 의령읍,중상사고,0,1,0,0,차대차 - 측면충돌,안전운전불이행,건조,맑음,단일로 - 기타,건설기계,남,51세,상해없음,승용,여,53세,중상
2022032900100355,2022년 3월 29일 17시,화요일,경상남도 창원시 마산회원구 회원동,경상사고,0,0,1,0,차대사람 - 횡단중,보행자보호의무위반,건조,맑음,교차로 - 교차로횡단보도내,승용,남,57세,상해없음,보행자,남,9세,경상
2022032900100396,2022년 3월 29일 18시,화요일,경상남도 창원시 의창구 중동,경상사고,0,0,1,0,차대차 - 측면충돌,교차로운행방법위반,건조,맑음,교차로 - 교차로안,승용,여,52세,상해없음,승용,남,34세,경상
2022032900100439,2022년 3월 29일 19시,화요일,경상남도 창원시 마산합포구 상남동,중상사고,0,1,0,0,차대사람 - 횡단중,신호위반,건조,맑음,단일로 - 기타,승용,남,39세,상해없음,보행자,남,74세,중상
2022032900100440,2022년 3월 29일 19시,화요일,경상남도 김해시 내동,경상사고,0,0,1,0,차대차 - 측면충돌,안전운전불이행,건조,맑음,교차로 - 교차로부근,승용,남,59세,상해없음,승용,남,38세,경상
2022032900100441,2022년 3월 29일 19시,화요일,경상남도 김해시 봉황동,경상사고,0,0,2,0,차대차 - 측면충돌,교차로운행방법위반,건조,맑음,교차로 - 교차로안,승용,남,34세,상해없음,승용,남,24세,경상
2022032900100442,2022년 3월 29일 19시,화요일,경상남도 고성군 거류면,경상사고,0,0,2,0,차대차 - 기타,안전운전불이행,건조,맑음,단일로 - 기타,승용,여,38세,경상,승용,여,66세,경상
2022032900100443,2022년 3월 29일 19시,화요일,경상남도 의령군 부림면,경상사고,0,0,1,0,차대사람 - 길가장자리구역통행중,안전운전불이행,건조,맑음,단일로 - 기타,화물,남,29세,상해없음,보행자,여,66세,경상
2022032900100460,2022년 3월 29일 20시,화요일,경상남도 창원시 마산합포구 오동동,중상사고,0,1,0,0,차대사람 - 기타,안전운전불이행,건조,맑음,교차로 - 교차로안,승용,남,25세,상해없음,보행자,남,78세,중상
2022032900100481,2022년 3월 29일 21시,화요일,경상남도 김해시 진영읍,경상사고,0,0,1,0,차대차 - 기타,차로위반,건조,맑음,교차로 - 교차로부근,승용,남,37세,상해없음,승용,남,21세,경상
2022032900100512,2022년 3월 29일 23시,화요일,경상남도 창원시 성산구 상남동,경상사고,0,0,1,0,차대사람 - 횡단중,안전운전불이행,건조,맑음,교차로 - 교차로안,개인형이동수단(PM),남,19세,상해없음,보행자,남,21세,경상
2022033000100049,2022년 3월 30일 07시,수요일,경상남도 통영시 용남면,중상사고,0,1,0,1,차대차 - 정면충돌,중앙선침범,건조,맑음,교차로 - 교차로부근,승용,남,65세,기타불명,승용,남,54세,중상
2022033000100076,2022년 3월 30일 08시,수요일,경상남도 김해시 삼방동,경상사고,0,0,1,0,차대차 - 정면충돌,안전운전불이행,건조,맑음,교차로 - 교차로안,특수,남,28세,상해없음,승용,남,64세,경상
2022033000100103,2022년 3월 30일 09시,수요일,경상남도 창원시 진해구 여좌동,중상사고,0,1,0,0,차대차 - 후진중충돌,안전운전불이행,건조,맑음,교차로 - 교차로부근,화물,남,45세,상해없음,이륜,여,57세,중상
2022033000100125,2022년 3월 30일 10시,수요일,경상남도 양산시 산막동,중상사고,0,1,0,0,차대차 - 측면충돌,안전운전불이행,건조,맑음,단일로 - 기타,화물,남,63세,상해없음,승용,여,61세,중상
2022033000100178,2022년 3월 30일 12시,수요일,경상남도 진주시 하대동,경상사고,0,0,1,0,차대차 - 측면충돌,교차로운행방법위반,건조,맑음,교차로 - 교차로안,자전거,남,49세,경상,승용,남,19세,상해없음
2022033000100179,2022년 3월 30일 12시,수요일,경상남도 밀양시 상남면,중상사고,0,1,0,0,차량단독 - 공작물충돌,안전운전불이행,건조,맑음,단일로 - 기타,승용,남,63세,중상,,,,
2022033000100180,2022년 3월 30일 12시,수요일,경상남도 함안군 가야읍,중상사고,0,1,0,0,차대사람 - 차도통행중,안전운전불이행,건조,맑음,기타 - 기타,승용,남,37세,상해없음,보행자,여,37세,중상
2022033000100193,2022년 3월 30일 13시,수요일,경상남도 김해시 유하동,중상사고,0,1,0,0,차량단독 - 전도전복 - 전복,안전운전불이행,건조,맑음,단일로 - 기타,승합,남,68세,중상,,,,
2022033000100207,2022년 3월 30일 13시,수요일,경상남도 양산시 물금읍,경상사고,0,0,1,0,차대차 - 기타,안전운전불이행,건조,맑음,교차로 - 교차로안,승용,여,60세,상해없음,승용,여,42세,경상
2022033000100233,2022년 3월 30일 14시,수요일,경상남도 창원시 마산합포구 진전면,중상사고,0,2,1,0,차대차 - 추돌,안전운전불이행,건조,맑음,단일로 - 기타,승용,남,80세,경상,승용,남,88세,중상
2022033000100234,2022년 3월 30일 14시,수요일,경상남도 창원시 진해구 광화동,중상사고,0,1,0,0,차대차 - 측면충돌,안전운전불이행,건조,맑음,교차로 - 교차로안,승용,남,23세,상해없음,이륜,남,25세,중상
2022033000100235,2022년 3월 30일 14시,수요일,경상남도 김해시 동상동,경상사고,0,0,1,0,차대차 - 측면충돌,안전운전불이행,건조,맑음,교차로 - 교차로안,승용,여,53세,상해없음,승용,여,51세,경상
2022033000100280,2022년 3월 30일 15시,수요일,경상남도 창원시 의창구 팔용동,경상사고,0,0,1,0,차대차 - 측면충돌,교차로운행방법위반,건조,맑음,교차로 - 교차로안,승용,남,55세,상해없음,이륜,남,43세,경상
2022033000100300,2022년 3월 30일 16시,수요일,경상남도 거제시 옥포동,경상사고,0,0,1,0,차대사람 - 보도통행중,안전운전불이행,건조,맑음,단일로 - 기타,승용,여,38세,상해없음,보행자,남,55세,경상
2022033000100333,2022년 3월 30일 17시,수요일,경상남도 창녕군 계성면,중상사고,0,2,0,0,차대차 - 정면충돌,직진우회전진행방해,건조,맑음,교차로 - 교차로안,승용,남,73세,중상,승용,남,80세,중상
2022033000100334,2022년 3월 30일 17시,수요일,경상남도 거제시 상동동,경상사고,0,0,1,0,차대차 - 측면충돌,안전운전불이행,건조,맑음,교차로 - 교차로안,승용,여,28세,상해없음,이륜,남,57세,경상
2022033000100367,2022년 3월 30일 18시,수요일,경상남도 창원시 마산합포구 월남동4가,경상사고,0,0,1,0,차대차 - 추돌,안전거리미확보,건조,맑음,교차로 - 교차로부근,승합,남,36세,상해없음,승용,남,62세,경상
2022033000100368,2022년 3월 30일 18시,수요일,경상남도 진주시 신안동,중상사고,0,1,0,0,차대차 - 측면충돌,교차로운행방법위반,건조,맑음,교차로 - 교차로안,이륜,남,23세,상해없음,승용,여,53세,중상
2022033000100369,2022년 3월 30일 18시,수요일,경상남도 김해시 삼정동,경상사고,0,0,1,0,차대사람 - 횡단중,안전운전불이행,건조,맑음,단일로 - 기타,승용,남,60세,상해없음,보행자,남,9세,경상
2022033000100370,2022년 3월 30일 18시,수요일,경상남도 창원시 의창구 명서동,경상사고,0,0,1,0,차대차 - 측면충돌,안전운전불이행,건조,맑음,교차로 - 교차로안,승합,남,55세,상해없음,자전거,남,16세,경상
2022033000100404,2022년 3월 30일 19시,수요일,경상남도 창원시 진해구 여좌동,경상사고,0,0,1,0,차대차 - 추돌,안전운전불이행,건조,맑음,교차로 - 교차로부근,승용,여,50세,상해없음,승용,여,46세,경상
2022033000100424,2022년 3월 30일 20시,수요일,경상남도 김해시 대청동,경상사고,0,0,1,0,차대차 - 추돌,안전운전불이행,건조,맑음,단일로 - 기타,승용,남,37세,기타불명,승용,남,41세,경상
2022033000100448,2022년 3월 30일 21시,수요일,경상남도 양산시 물금읍,중상사고,0,1,0,0,차대사람 - 횡단중,신호위반,건조,맑음,교차로 - 교차로안,이륜,남,54세,상해없음,보행자,여,46세,중상
2022033000100449,2022년 3월 30일 21시,수요일,경상남도 거제시 수월동,경상사고,0,0,1,0,차대사람 - 차도통행중,안전운전불이행,건조,맑음,기타 - 기타,승용,남,62세,상해없음,보행자,여,55세,경상
2022033100100017,2022년 3월 31일 02시,목요일,경상남도 거제시 고현동,부상신고사고,0,0,0,1,차량단독 - 공작물충돌,안전운전불이행,건조,맑음,교차로 - 교차로부근,승용,여,35세,부상신고,,,,
2022033100100018,2022년 3월 31일 02시,목요일,경상남도 진주시 문산읍,사망사고,1,1,1,0,차대차 - 기타,안전운전불이행,건조,맑음,단일로 - 기타,화물,남,71세,경상,승용,남,51세,상해없음
2022033100100070,2022년 3월 31일 08시,목요일,경상남도 거제시 장평동,중상사고,0,1,0,0,차대사람 - 횡단중,보행자보호의무위반,건조,맑음,교차로 - 교차로횡단보도내,승용,남,65세,상해없음,보행자,남,56세,중상
2022033100100115,2022년 3월 31일 10시,목요일,경상남도 합천군 대병면,경상사고,0,0,1,0,차량단독 - 기타,안전운전불이행,건조,맑음,단일로 - 기타,농기계,남,59세,경상,,,,
2022033100100116,2022년 3월 31일 10시,목요일,경상남도 남해군 남면,부상신고사고,0,0,0,1,차대차 - 측면충돌,안전운전불이행,건조,맑음,교차로 - 교차로부근,화물,남,76세,상해없음,승용,여,69세,부상신고
2022033100100144,2022년 3월 31일 11시,목요일,경상남도 창원시 진해구 태백동,부상신고사고,0,0,0,1,차대차 - 기타,안전운전불이행,건조,맑음,단일로 - 기타,승용,여,64세,상해없음,자전거,남,75세,부상신고
2022033100100145,2022년 3월 31일 11시,목요일,경상남도 창원시 마산회원구 봉암동,경상사고,0,0,1,0,차대차 - 기타,기타,건조,맑음,단일로 - 기타,화물,남,60세,상해없음,화물,남,52세,경상
2022033100100170,2022년 3월 31일 12시,목요일,경상남도 사천시 용현면,경상사고,0,0,1,0,차대차 - 측면충돌,신호위반,건조,맑음,단일로 - 교량,승용,남,68세,상해없음,특수,남,62세,상해없음
2022033100100195,2022년 3월 31일 13시,목요일,경상남도 함안군 가야읍,중상사고,0,1,0,0,차대차 - 측면충돌,신호위반,건조,맑음,교차로 - 교차로안,화물,남,55세,상해없음,화물,남,54세,중상
2022033100100197,2022년 3월 31일 13시,목요일,경상남도 창원시 의창구 대산면,경상사고,0,0,1,0,차대사람 - 기타,안전운전불이행,건조,맑음,단일로 - 기타,자전거,남,22세,상해없음,보행자,남,64세,경상
2022033100100226,2022년 3월 31일 14시,목요일,경상남도 양산시 물금읍,중상사고,0,1,0,0,차대사람 - 기타,안전운전불이행,건조,맑음,단일로 - 기타,승합,여,62세,상해없음,보행자,남,11세,중상
2022033100100227,2022년 3월 31일 14시,목요일,경상남도 하동군 화개면,경상사고,0,0,5,0,차대차 - 추돌,안전운전불이행,건조,맑음,교차로 - 교차로부근,승용,남,67세,상해없음,승용,남,70세,경상
2022033100100228,2022년 3월 31일 14시,목요일,경상남도 산청군 단성면,경상사고,0,0,2,0,차대차 - 정면충돌,중앙선침범,건조,맑음,단일로 - 기타,승용,남,57세,경상,승용,남,77세,경상
2022033100100229,2022년 3월 31일 14시,목요일,경상남도 창원시 성산구 양곡동,경상사고,0,0,2,0,차대차 - 추돌,안전운전불이행,건조,맑음,교차로 - 교차로안,승용,남,71세,상해없음,승용,여,55세,경상
2022033100100256,2022년 3월 31일 15시,목요일,경상남도 김해시 구산동,경상사고,0,0,2,0,차대차 - 추돌,안전운전불이행,건조,맑음,단일로 - 기타,승용,남,67세,상해없음,승용,남,64세,경상
2022033100100287,2022년 3월 31일 16시,목요일,경상남도 진주시 금산면,경상사고,0,0,1,0,차대사람 - 기타,안전운전불이행,건조,흐림,단일로 - 기타,승용,여,38세,상해없음,보행자,남,24세,경상
2022033100100288,2022년 3월 31일 16시,목요일,경상남도 사천시 향촌동,경상사고,0,0,2,0,차대차 - 측면충돌,신호위반,건조,맑음,교차로 - 교차로안,화물,남,80세,경상,화물,남,52세,경상
2022033100100289,2022년 3월 31일 16시,목요일,경상남도 거창군 거창읍,경상사고,0,0,1,0,차대차 - 측면충돌,안전거리미확보,건조,맑음,교차로 - 교차로안,승용,여,23세,상해없음,승용,남,28세,경상
2022033100100290,2022년 3월 31일 16시,목요일,경상남도 양산시 북부동,중상사고,0,1,0,0,차대차 - 추돌,안전운전불이행,건조,맑음,단일로 - 지하차도(도로)내,이륜,남,36세,상해없음,승용,남,55세,중상
2022033100100291,2022년 3월 31일 16시,목요일,경상남도 양산시 물금읍,중상사고,0,1,0,0,차대차 - 추돌,안전운전불이행,건조,맑음,단일로 - 기타,이륜,남,23세,중상,화물,남,49세,상해없음
2022033100100292,2022년 3월 31일 16시,목요일,경상남도 하동군 화개면,경상사고,0,0,1,0,차대사람 - 길가장자리구역통행중,안전운전불이행,건조,맑음,단일로 - 기타,승용,여,69세,상해없음,보행자,남,47세,경상
2022033100100293,2022년 3월 31일 16시,목요일,경상남도 창원시 성산구 대방동,부상신고사고,0,0,0,1,차대사람 - 차도통행중,안전운전불이행,건조,맑음,교차로 - 교차로안,승용,여,36세,상해없음,보행자,여,59세,부상신고
2022033100100321,2022년 3월 31일 17시,목요일,경상남도 창원시 마산합포구 덕동동,경상사고,0,0,1,0,차대차 - 측면충돌,신호위반,건조,맑음,교차로 - 교차로안,승용,남,20세,상해없음,승용,남,31세,경상
2022033100100323,2022년 3월 31일 17시,목요일,경상남도 양산시 물금읍,중상사고,0,1,0,0,차대차 - 측면충돌,안전거리미확보,건조,맑음,단일로 - 기타,승용,남,70세,상해없음,이륜,남,41세,중상
2022033100100359,2022년 3월 31일 18시,목요일,경상남도 양산시 교동,경상사고,0,0,1,0,차대차 - 측면충돌,신호위반,건조,맑음,교차로 - 교차로안,승용,남,71세,상해없음,이륜,남,21세,경상
2022033100100399,2022년 3월 31일 19시,목요일,경상남도 김해시 삼계동,중상사고,0,1,0,0,차대사람 - 횡단중,기타,건조,맑음,교차로 - 교차로횡단보도내,이륜,남,25세,상해없음,보행자,남,68세,중상
2022033100100446,2022년 3월 31일 21시,목요일,경상남도 통영시 용남면,사망사고,1,0,0,0,차대사람 - 횡단중,기타,젖음/습기,비,단일로 - 기타,승용,남,30세,상해없음,보행자,남,71세,사망
2022033100100447,2022년 3월 31일 21시,목요일,경상남도 사천시 사천읍,중상사고,0,1,0,0,차대차 - 측면충돌,신호위반,젖음/습기,비,교차로 - 교차로안,승용,여,45세,기타불명,원동기,남,29세,중상
2022033100100448,2022년 3월 31일 21시,목요일,경상남도 하동군 하동읍,중상사고,0,3,1,0,차대차 - 측면충돌,신호위반,건조,맑음,교차로 - 교차로안,승용,남,30세,경상,화물,남,55세,중상
2022033100100469,2022년 3월 31일 22시,목요일,경상남도 거창군 거창읍,경상사고,0,0,2,0,차대차 - 측면충돌,안전운전불이행,건조,맑음,교차로 - 교차로안,승용,남,49세,상해없음,승용,남,24세,경상
2022033100100470,2022년 3월 31일 22시,목요일,경상남도 거제시 거제면,경상사고,0,0,2,0,차대차 - 측면충돌,안전운전불이행,건조,맑음,단일로 - 기타,승용,남,57세,상해없음,승용,남,22세,경상
2022033100100471,2022년 3월 31일 22시,목요일,경상남도 창원시 성산구 남양동,부상신고사고,0,0,0,2,차대차 - 측면충돌,신호위반,건조,맑음,교차로 - 교차로안,이륜,남,63세,부상신고,승합,남,61세,부상신고
2022040100100077,2022년 4월 1일 08시,금요일,경상남도 김해시 삼정동,경상사고,0,0,1,0,차대차 - 측면충돌,안전운전불이행,건조,맑음,교차로 - 교차로안,화물,남,64세,상해없음,승용,여,30세,경상
2022040100100078,2022년 4월 1일 08시,금요일,경상남도 창원시 의창구 서상동,경상사고,0,0,1,0,차대차 - 기타,안전운전불이행,건조,맑음,교차로 - 교차로안,건설기계,남,67세,상해없음,승용,남,40세,경상
2022040100100105,2022년 4월 1일 09시,금요일,경상남도 밀양시 삼문동,경상사고,0,0,1,0,차대차 - 측면충돌,안전운전불이행,건조,맑음,교차로 - 교차로안,화물,남,23세,상해없음,승용,여,63세,경상
2022040100100106,2022년 4월 1일 09시,금요일,경상남도 김해시 삼방동,중상사고,0,1,0,0,차대차 - 측면충돌,기타,건조,맑음,단일로 - 기타,화물,남,25세,상해없음,자전거,남,20세,중상
2022040100100107,2022년 4월 1일 09시,금요일,경상남도 김해시 대청동,경상사고,0,0,2,0,차대차 - 추돌,안전운전불이행,건조,맑음,단일로 - 기타,화물,남,29세,상해없음,승용,남,43세,경상
2022040100100131,2022년 4월 1일 10시,금요일,경상남도 창녕군 창녕읍,중상사고,0,1,0,0,차대차 - 추돌,안전운전불이행,건조,맑음,단일로 - 기타,승용,남,60세,상해없음,농기계,남,81세,중상
2022040100100159,2022년 4월 1일 11시,금요일,경상남도 창녕군 계성면,중상사고,0,2,0,0,차대차 - 측면충돌,신호위반,건조,맑음,교차로 - 교차로안,화물,남,57세,상해없음,승용,남,62세,중상
2022040100100160,2022년 4월 1일 11시,금요일,경상남도 남해군 창선면,중상사고,0,2,1,0,차대차 - 정면충돌,중앙선침범,건조,맑음,단일로 - 교량,승용,여,51세,상해없음,승용,남,68세,중상
2022040100100161,2022년 4월 1일 11시,금요일,경상남도 김해시 신문동,경상사고,0,0,1,0,차대차 - 추돌,안전운전불이행,건조,맑음,단일로 - 기타,승용,남,20세,상해없음,이륜,남,26세,경상
2022040100100214,2022년 4월 1일 13시,금요일,경상남도 진주시 동성동,중상사고,0,1,0,0,차대사람 - 횡단중,안전운전불이행,건조,맑음,교차로 - 교차로안,승용,여,43세,상해없음,보행자,여,26세,중상
2022040100100215,2022년 4월 1일 13시,금요일,경상남도 거제시 연초면,경상사고,0,0,1,0,차대차 - 측면충돌,교차로운행방법위반,건조,맑음,교차로 - 교차로안,승용,여,44세,상해없음,이륜,남,25세,경상
2022040100100241,2022년 4월 1일 14시,금요일,경상남도 창원시 마산합포구 오동동,경상사고,0,0,2,0,차대차 - 후진중충돌,안전운전불이행,건조,맑음,단일로 - 기타,승용,남,65세,상해없음,이륜,남,56세,경상
2022040100100268,2022년 4월 1일 15시,금요일,경상남도 밀양시 내이동,중상사고,0,2,0,0,차대차 - 측면충돌,안전운전불이행,건조,맑음,단일로 - 기타,승용,남,26세,상해없음,이륜,남,39세,중상
2022040100100299,2022년 4월 1일 16시,금요일,경상남도 사천시 벌리동,경상사고,0,0,1,0,차대사람 - 차도통행중,안전운전불이행,건조,맑음,교차로 - 교차로안,승용,여,55세,상해없음,보행자,남,61세,경상
2022040100100300,2022년 4월 1일 16시,금요일,경상남도 함양군 함양읍,경상사고,0,0,1,1,차대차 - 측면충돌,교차로운행방법위반,건조,맑음,교차로 - 교차로안,승용,여,46세,부상신고,승용,여,54세,경상
2022040100100345,2022년 4월 1일 17시,금요일,경상남도 창원시 진해구 경화동,경상사고,0,0,3,0,차대차 - 추돌,안전거리미확보,건조,맑음,단일로 - 고가도로위,승용,남,26세,경상,승용,여,31세,상해없음
2022040100100346,2022년 4월 1일 17시,금요일,경상남도 함양군 서상면,중상사고,0,1,0,0,차량단독 - 공작물충돌,안전운전불이행,건조,맑음,단일로 - 기타,승용,남,50세,상해없음,,,,
2022040100100347,2022년 4월 1일 17시,금요일,경상남도 양산시 삼호동,경상사고,0,0,2,0,차대차 - 측면충돌,교차로운행방법위반,건조,맑음,교차로 - 교차로안,화물,남,67세,경상,승용,남,47세,경상
2022040100100426,2022년 4월 1일 19시,금요일,경상남도 창원시 마산합포구 진동면,중상사고,0,1,0,0,차대사람 - 횡단중,보행자보호의무위반,건조,맑음,교차로 - 교차로횡단보도내,승용,남,61세,상해없음,보행자,남,64세,중상
2022040100100427,2022년 4월 1일 19시,금요일,경상남도 창원시 진해구 석동,중상사고,0,1,0,0,차대사람 - 기타,안전운전불이행,건조,맑음,교차로 - 교차로안,승용,여,36세,상해없음,보행자,여,74세,중상
2022040100100466,2022년 4월 1일 20시,금요일,경상남도 양산시 평산동,경상사고,0,0,1,0,차대차 - 측면충돌,신호위반,건조,맑음,교차로 - 교차로안,승용,남,69세,상해없음,승용,여,67세,경상
2022040100100467,2022년 4월 1일 20시,금요일,경상남도 거제시 연초면,경상사고,0,0,4,0,차대차 - 측면충돌,신호위반,건조,맑음,교차로 - 교차로부근,승용,남,68세,상해없음,승용,남,36세,경상
2022040100100505,2022년 4월 1일 21시,금요일,경상남도 거제시 장평동,중상사고,0,1,0,0,차량단독 - 공작물충돌,안전운전불이행,건조,맑음,단일로 - 기타,이륜,남,33세,중상,,,,
2022040100100524,2022년 4월 1일 22시,금요일,경상남도 창원시 진해구 석동,경상사고,0,0,1,0,차대차 - 정면충돌,신호위반,건조,맑음,교차로 - 교차로안,승용,남,55세,상해없음,이륜,남,30세,경상
2022040100100525,2022년 4월 1일 22시,금요일,경상남도 김해시 외동,경상사고,0,0,2,0,차대차 - 추돌,안전운전불이행,건조,맑음,기타 - 기타,승용,남,38세,상해없음,승용,남,43세,경상
2022040100100550,2022년 4월 1일 23시,금요일,경상남도 창원시 마산합포구 산호동,중상사고,0,1,0,0,차대사람 - 보도통행중,신호위반,건조,맑음,단일로 - 기타,이륜,남,18세,기타불명,보행자,남,32세,중상
2022040100100551,2022년 4월 1일 23시,금요일,경상남도 김해시 진영읍,중상사고,0,1,0,0,차량단독 - 공작물충돌,안전운전불이행,건조,맑음,교차로 - 교차로부근,승용,남,36세,상해없음,,,,
2022040200100012,2022년 4월 2일 00시,토요일,경상남도 김해시 삼문동,중상사고,0,1,0,0,차대사람 - 차도통행중,안전운전불이행,건조,맑음,단일로 - 기타,승용,남,55세,상해없음,보행자,남,32세,중상
2022040200100065,2022년 4월 2일 08시,토요일,경상남도 창원시 마산합포구 중앙동3가,경상사고,0,0,1,1,차대차 - 측면충돌,안전운전불이행,건조,맑음,단일로 - 기타,승용,여,61세,상해없음,승용,남,47세,상해없음
2022040200100091,2022년 4월 2일 09시,토요일,경상남도 산청군 생비량면,중상사고,0,1,1,0,차대차 - 추돌,중앙선침범,건조,맑음,단일로 - 기타,승용,여,40세,상해없음,화물,남,66세,중상
2022040200100125,2022년 4월 2일 10시,토요일,경상남도 양산시 명동,중상사고,0,1,0,0,차대차 - 측면충돌,안전운전불이행,건조,맑음,단일로 - 기타,화물,남,71세,상해없음,원동기,여,63세,중상
2022040200100156,2022년 4월 2일 11시,토요일,경상남도 양산시 동면,경상사고,0,0,3,0,차대차 - 추돌,안전운전불이행,건조,맑음,교차로 - 교차로부근,이륜,남,23세,경상,승용,남,59세,경상
2022040200100193,2022년 4월 2일 12시,토요일,경상남도 창원시 진해구 이동,경상사고,0,0,1,0,차대차 - 기타,안전운전불이행,건조,맑음,교차로 - 교차로안,승용,남,52세,상해없음,이륜,남,26세,경상
2022040200100194,2022년 4월 2일 12시,토요일,경상남도 김해시 진영읍,경상사고,0,0,2,0,차대차 - 추돌,안전운전불이행,건조,맑음,교차로 - 교차로부근,화물,남,40세,상해없음,승용,남,30세,경상
2022040200100269,2022년 4월 2일 14시,토요일,경상남도 양산시 물금읍,경상사고,0,0,1,0,차대차 - 측면충돌,신호위반,건조,맑음,교차로 - 교차로안,이륜,남,18세,기타불명,승용,남,47세,경상
2022040200100270,2022년 4월 2일 14시,토요일,경상남도 김해시 신문동,경상사고,0,0,3,0,차대차 - 추돌,안전운전불이행,건조,맑음,교차로 - 교차로부근,화물,남,35세,상해없음,승용,여,53세,경상
2022040200100311,2022년 4월 2일 15시,토요일,경상남도 밀양시 삼랑진읍,중상사고,0,1,0,0,차대차 - 정면충돌,안전운전불이행,건조,맑음,기타 - 기타,이륜,남,48세,중상,승용,남,26세,상해없음
2022040200100312,2022년 4월 2일 15시,토요일,경상남도 양산시 물금읍,중상사고,0,1,0,0,차대차 - 측면충돌,안전운전불이행,건조,맑음,교차로 - 교차로안,승용,남,35세,상해없음,승용,여,52세,중상
2022040200100313,2022년 4월 2일 15시,토요일,경상남도 창원시 의창구 봉곡동,경상사고,0,0,3,0,차대차 - 추돌,안전거리미확보,건조,맑음,단일로 - 지하차도(도로)내,승용,여,47세,상해없음,승용,여,54세,경상
2022040200100353,2022년 4월 2일 16시,토요일,경상남도 사천시 축동면,경상사고,0,0,1,0,차대차 - 측면충돌,중앙선침범,건조,맑음,단일로 - 기타,승용,남,63세,상해없음,승용,남,79세,상해없음
2022040200100428,2022년 4월 2일 18시,토요일,경상남도 통영시 항남동,경상사고,0,0,2,0,차대차 - 후진중충돌,안전운전불이행,건조,맑음,단일로 - 기타,승용,남,24세,상해없음,승용,여,50세,경상
2022040200100459,2022년 4월 2일 19시,토요일,경상남도 진주시 상대동,경상사고,0,0,1,0,차대차 - 추돌,안전운전불이행,건조,맑음,교차로 - 교차로부근,승용,남,44세,상해없음,승용,남,65세,경상
2022040200100460,2022년 4월 2일 19시,토요일,경상남도 거제시 사등면,경상사고,0,0,2,0,차대차 - 기타,기타,젖음/습기,맑음,단일로 - 기타,화물,남,52세,상해없음,승합,남,51세,경상
2022040200100461,2022년 4월 2일 19시,토요일,경상남도 의령군 의령읍,중상사고,0,1,0,0,차대사람 - 횡단중,보행자보호의무위반,건조,맑음,교차로 - 교차로안,화물,남,54세,상해없음,보행자,남,64세,중상
2022040200100501,2022년 4월 2일 21시,토요일,경상남도 양산시 동면,부상신고사고,0,0,0,1,차대차 - 측면충돌,안전운전불이행,건조,맑음,교차로 - 교차로부근,승용,여,53세,상해없음,승용,남,56세,상해없음
2022040200100523,2022년 4월 2일 22시,토요일,경상남도 사천시 사천읍,경상사고,0,0,2,0,차대차 - 측면충돌,안전운전불이행,건조,맑음,교차로 - 교차로안,승용,남,35세,기타불명,승용,남,34세,경상
2022040200100556,2022년 4월 2일 23시,토요일,경상남도 진주시 상평동,경상사고,0,0,1,0,차대차 - 측면충돌,신호위반,건조,맑음,교차로 - 교차로안,승용,여,33세,상해없음,승용,남,28세,경상
2022040200100557,2022년 4월 2일 23시,토요일,경상남도 사천시 벌리동,중상사고,0,2,0,0,차대차 - 측면충돌,안전운전불이행,건조,맑음,교차로 - 교차로안,승용,여,52세,기타불명,승용,남,65세,중상
2022040200100558,2022년 4월 2일 23시,토요일,경상남도 창원시 마산회원구 합성동,경상사고,0,0,5,0,차대차 - 추돌,안전운전불이행,건조,맑음,단일로 - 기타,승용,여,28세,상해없음,승용,남,58세,경상
2022040200100559,2022년 4월 2일 23시,토요일,경상남도 창원시 의창구 서상동,중상사고,0,1,1,0,차대차 - 추돌,안전운전불이행,건조,맑음,단일로 - 기타,승용,여,39세,상해없음,승용,남,67세,경상
2022040300100010,2022년 4월 3일 00시,일요일,경상남도 창원시 성산구 중앙동,경상사고,0,0,1,0,차대차 - 기타,안전운전불이행,건조,맑음,교차로 - 교차로부근,승용,남,39세,상해없음,자전거,남,51세,경상
2022040300100011,2022년 4월 3일 00시,일요일,경상남도 창원시 마산회원구 합성동,중상사고,0,1,1,0,차대차 - 측면충돌,신호위반,건조,맑음,교차로 - 교차로안,승용,남,55세,상해없음,승용,남,69세,중상
2022040300100090,2022년 4월 3일 11시,일요일,경상남도 창원시 의창구 북면,경상사고,0,0,2,0,차대차 - 추돌,안전운전불이행,건조,맑음,단일로 - 기타,승용,남,35세,상해없음,승용,여,25세,경상
2022040300100111,2022년 4월 3일 12시,일요일,경상남도 사천시 사천읍,경상사고,0,0,1,0,차대차 - 측면충돌,직진우회전진행방해,건조,맑음,교차로 - 교차로안,승용,여,44세,상해없음,이륜,남,19세,경상