사고번호,사고일시,요일,시군구,사고내용,사망자수,중상자수,경상자수,부상신고자수,사고유형,법규위반,노면상태,기상상태,도로형태,가해운전자 차종,가해운전자 성별,가해운전자 연령,가해운전자 상해정도,피해운전자 차종,피해운전자 성별,피해운전자 연령,피해운전자 상해정도
2022040300100112,2022년 4월 3일 12시,일요일,경상남도 양산시 주남동,경상사고,0,0,1,0,차대차 - 측면충돌,신호위반,건조,맑음,교차로 - 교차로안,이륜,남,59세,경상,화물,남,65세,상해없음
2022040300100113,2022년 4월 3일 12시,일요일,경상남도 거제시 장목면,중상사고,0,1,0,0,차대사람 - 횡단중,안전운전불이행,건조,맑음,교차로 - 교차로부근,승용,남,53세,상해없음,보행자,여,86세,중상
2022040300100114,2022년 4월 3일 12시,일요일,경상남도 의령군 의령읍,경상사고,0,0,1,0,차대사람 - 차도통행중,안전운전불이행,건조,맑음,단일로 - 기타,화물,여,69세,상해없음,보행자,여,62세,경상
2022040300100141,2022년 4월 3일 13시,일요일,경상남도 양산시 물금읍,부상신고사고,0,0,0,1,차대사람 - 기타,안전운전불이행,건조,맑음,단일로 - 기타,승용,남,58세,상해없음,보행자,남,54세,부상신고
2022040300100142,2022년 4월 3일 13시,일요일,경상남도 창원시 의창구 팔용동,경상사고,0,0,1,0,차대차 - 기타,안전운전불이행,건조,맑음,기타 - 기타,승용,남,53세,상해없음,승용,남,38세,경상
2022040300100143,2022년 4월 3일 13시,일요일,경상남도 김해시 진영읍,중상사고,0,1,0,0,차대차 - 측면충돌,신호위반,건조,맑음,교차로 - 교차로안,승용,여,57세,상해없음,이륜,남,69세,중상
2022040300100182,2022년 4월 3일 14시,일요일,경상남도 창녕군 영산면,경상사고,0,0,1,0,차대사람 - 길가장자리구역통행중,안전운전불이행,건조,맑음,단일로 - 기타,화물,남,68세,상해없음,보행자,남,46세,경상
2022040300100211,2022년 4월 3일 15시,일요일,경상남도 사천시 벌리동,경상사고,0,0,1,0,차대차 - 측면충돌,직진우회전진행방해,건조,맑음,교차로 - 교차로안,화물,남,54세,상해없음,승용,여,41세,상해없음
2022040300100212,2022년 4월 3일 15시,일요일,경상남도 김해시 내동,경상사고,0,0,2,0,차대차 - 측면충돌,안전거리미확보,건조,맑음,단일로 - 기타,화물,남,48세,상해없음,승용,남,23세,상해없음
2022040300100213,2022년 4월 3일 15시,일요일,경상남도 거창군 거창읍,경상사고,0,0,2,0,차대차 - 측면충돌,신호위반,건조,맑음,교차로 - 교차로안,승용,여,62세,경상,승용,남,57세,경상
2022040300100214,2022년 4월 3일 15시,일요일,경상남도 양산시 원동면,경상사고,0,0,1,0,차량단독 - 공작물충돌,안전운전불이행,건조,맑음,단일로 - 기타,자전거,남,56세,경상,,,,
2022040300100215,2022년 4월 3일 15시,일요일,경상남도 창원시 성산구 신촌동,경상사고,0,0,1,0,차대사람 - 횡단중,보행자보호의무위반,건조,맑음,교차로 - 교차로횡단보도내,승용,여,50세,상해없음,보행자,여,64세,경상
2022040300100216,2022년 4월 3일 15시,일요일,경상남도 창원시 마산회원구 내서읍,경상사고,0,0,1,0,차대사람 - 기타,안전운전불이행,건조,맑음,단일로 - 기타,이륜,남,17세,상해없음,보행자,여,13세,경상
2022040300100217,2022년 4월 3일 15시,일요일,경상남도 김해시 흥동,경상사고,0,0,1,0,차대차 - 측면충돌,교차로운행방법위반,건조,맑음,교차로 - 교차로안,승용,여,48세,상해없음,승용,남,32세,경상
2022040300100254,2022년 4월 3일 16시,일요일,경상남도 창원시 진해구 석동,중상사고,0,1,0,0,차대사람 - 횡단중,안전운전불이행,건조,맑음,교차로 - 교차로안,승용,남,62세,상해없음,보행자,남,15세,중상
2022040300100255,2022년 4월 3일 16시,일요일,경상남도 창원시 마산회원구 합성동,경상사고,0,0,4,0,차대차 - 측면충돌,안전운전불이행,건조,맑음,교차로 - 교차로횡단보도내,승합,남,43세,상해없음,승용,남,38세,경상
2022040300100285,2022년 4월 3일 17시,일요일,경상남도 창원시 진해구 경화동,경상사고,0,0,3,0,차대차 - 측면충돌,안전운전불이행,건조,맑음,기타 - 기타,원동기,남,47세,상해없음,승용,남,31세,경상
2022040300100286,2022년 4월 3일 17시,일요일,경상남도 사천시 선구동,경상사고,0,0,3,0,차대차 - 측면충돌,안전거리미확보,건조,맑음,단일로 - 기타,승용,여,22세,상해없음,승용,남,47세,경상
2022040300100287,2022년 4월 3일 17시,일요일,경상남도 하동군 화개면,경상사고,0,0,8,0,차대차 - 기타,중앙선침범,건조,맑음,단일로 - 기타,승용,남,73세,상해없음,승용,남,69세,경상
2022040300100346,2022년 4월 3일 19시,일요일,경상남도 양산시 동면,중상사고,0,2,0,0,차대차 - 측면충돌,안전운전불이행,건조,맑음,기타 - 기타,승용,여,43세,상해없음,승용,남,24세,중상
2022040300100365,2022년 4월 3일 20시,일요일,경상남도 하동군 화개면,중상사고,0,1,0,0,차대사람 - 길가장자리구역통행중,안전운전불이행,건조,맑음,단일로 - 기타,승용,여,61세,상해없음,보행자,여,47세,중상
2022040300100406,2022년 4월 3일 22시,일요일,경상남도 창원시 진해구 경화동,중상사고,0,1,0,0,차대사람 - 차도통행중,안전운전불이행,건조,맑음,단일로 - 기타,승용,여,44세,상해없음,보행자,여,66세,중상
2022040400100008,2022년 4월 4일 00시,월요일,경상남도 거제시 고현동,경상사고,0,0,1,0,차대차 - 측면충돌,안전운전불이행,건조,맑음,교차로 - 교차로부근,승용,여,50세,상해없음,이륜,남,27세,경상
2022040400100024,2022년 4월 4일 04시,월요일,경상남도 밀양시 상남면,경상사고,0,0,1,0,차대차 - 기타,차로위반,건조,맑음,단일로 - 기타,승용,남,74세,경상,승용,남,35세,상해없음
2022040400100030,2022년 4월 4일 05시,월요일,경상남도 김해시 삼방동,중상사고,0,1,0,0,차대사람 - 횡단중,안전운전불이행,건조,맑음,교차로 - 교차로안,승합,남,56세,상해없음,보행자,남,62세,중상
2022040400100038,2022년 4월 4일 06시,월요일,경상남도 김해시 대동면,경상사고,0,0,1,0,차대차 - 추돌,안전운전불이행,건조,맑음,단일로 - 기타,화물,남,56세,상해없음,승용,여,69세,경상
2022040400100048,2022년 4월 4일 06시,월요일,경상남도 양산시 중부동,경상사고,0,0,1,0,차대차 - 기타,안전거리미확보,건조,맑음,기타 - 기타,승용,남,63세,상해없음,승용,남,29세,경상
2022040400100069,2022년 4월 4일 07시,월요일,경상남도 창원시 의창구 명서동,경상사고,0,0,1,0,차대차 - 기타,안전운전불이행,건조,맑음,단일로 - 기타,승용,남,71세,기타불명,승용,여,53세,경상
2022040400100070,2022년 4월 4일 07시,월요일,경상남도 창원시 의창구 도계동,경상사고,0,0,1,0,차대차 - 추돌,안전운전불이행,건조,맑음,단일로 - 고가도로위,승용,여,25세,상해없음,승용,남,59세,경상
2022040400100105,2022년 4월 4일 08시,월요일,경상남도 사천시 동금동,중상사고,0,1,1,0,차대차 - 측면충돌,안전거리미확보,건조,맑음,단일로 - 기타,이륜,남,64세,중상,승용,여,41세,경상
2022040400100106,2022년 4월 4일 08시,월요일,경상남도 함안군 칠원읍,경상사고,0,0,1,0,차대차 - 측면충돌,안전운전불이행,건조,맑음,교차로 - 교차로안,승용,여,67세,상해없음,승합,남,58세,상해없음
2022040400100145,2022년 4월 4일 09시,월요일,경상남도 진주시 칠암동,경상사고,0,0,1,0,차대차 - 측면충돌,안전운전불이행,건조,맑음,단일로 - 기타,승용,남,30세,상해없음,개인형이동수단(PM),여,22세,경상
2022040400100146,2022년 4월 4일 09시,월요일,경상남도 김해시 대청동,중상사고,0,1,2,0,차대차 - 측면충돌,안전거리미확보,건조,맑음,단일로 - 기타,승용,남,47세,상해없음,승용,남,61세,중상
2022040400100171,2022년 4월 4일 10시,월요일,경상남도 거제시 사등면,경상사고,0,0,1,0,차대차 - 추돌,안전운전불이행,건조,맑음,단일로 - 기타,화물,남,36세,상해없음,이륜,남,34세,경상
2022040400100172,2022년 4월 4일 10시,월요일,경상남도 창원시 의창구 북면,경상사고,0,0,1,0,차대차 - 측면충돌,안전운전불이행,건조,맑음,단일로 - 기타,승용,여,31세,상해없음,화물,남,67세,경상
2022040400100209,2022년 4월 4일 11시,월요일,경상남도 사천시 노룡동,경상사고,0,0,1,0,차대차 - 기타,안전운전불이행,건조,맑음,단일로 - 기타,화물,남,65세,상해없음,농기계,남,59세,경상
2022040400100210,2022년 4월 4일 11시,월요일,경상남도 김해시 동상동,경상사고,0,0,1,0,차대사람 - 횡단중,보행자보호의무위반,건조,맑음,교차로 - 교차로횡단보도내,화물,남,61세,상해없음,보행자,남,21세,경상
2022040400100211,2022년 4월 4일 11시,월요일,경상남도 김해시 흥동,중상사고,0,1,1,0,차대차 - 측면충돌,안전운전불이행,건조,맑음,단일로 - 기타,화물,남,35세,상해없음,승용,남,62세,경상
2022040400100231,2022년 4월 4일 12시,월요일,경상남도 창원시 진해구 두동,중상사고,0,1,0,0,차대차 - 측면충돌,신호위반,건조,맑음,교차로 - 교차로안,화물,남,65세,상해없음,승용,남,45세,중상
2022040400100232,2022년 4월 4일 12시,월요일,경상남도 창원시 성산구 중앙동,경상사고,0,0,1,0,차대차 - 측면충돌,안전운전불이행,건조,맑음,단일로 - 기타,승용,여,35세,상해없음,승용,남,29세,경상
2022040400100284,2022년 4월 4일 14시,월요일,경상남도 양산시 하북면,경상사고,0,0,2,0,차대차 - 측면충돌,교차로운행방법위반,건조,맑음,교차로 - 교차로안,승용,남,49세,경상,승용,여,59세,경상
2022040400100285,2022년 4월 4일 14시,월요일,경상남도 함안군 칠원읍,경상사고,0,0,1,0,차대차 - 측면충돌,안전운전불이행,건조,맑음,교차로 - 교차로부근,자전거,남,62세,경상,승용,남,50세,상해없음
2022040400100317,2022년 4월 4일 15시,월요일,경상남도 양산시 중부동,경상사고,0,0,2,0,차대차 - 측면충돌,안전운전불이행,건조,맑음,단일로 - 기타,승용,남,22세,기타불명,승용,남,49세,경상
2022040400100351,2022년 4월 4일 16시,월요일,경상남도 함양군 수동면,중상사고,0,1,0,0,차량단독 - 공작물충돌,안전운전불이행,건조,맑음,단일로 - 기타,화물,남,55세,중상,,,,
2022040400100352,2022년 4월 4일 16시,월요일,경상남도 함안군 칠원읍,중상사고,0,1,0,0,차대차 - 추돌,안전운전불이행,건조,맑음,단일로 - 기타,승용,남,53세,상해없음,승용,남,50세,중상
2022040400100387,2022년 4월 4일 17시,월요일,경상남도 함안군 칠서면,경상사고,0,0,1,0,차대차 - 추돌,안전운전불이행,건조,맑음,교차로 - 교차로부근,승용,남,39세,상해없음,화물,남,28세,경상
2022040400100388,2022년 4월 4일 17시,월요일,경상남도 창원시 의창구 팔용동,중상사고,0,1,0,0,차대차 - 측면충돌,교차로운행방법위반,건조,맑음,교차로 - 교차로안,승용,남,37세,상해없음,이륜,남,50세,중상
2022040400100427,2022년 4월 4일 18시,월요일,경상남도 진주시 평거동,중상사고,0,1,0,0,차대차 - 정면충돌,신호위반,건조,맑음,교차로 - 교차로안,승용,남,70세,상해없음,이륜,남,21세,중상
2022040400100428,2022년 4월 4일 18시,월요일,경상남도 창원시 진해구 용원동,중상사고,0,1,0,0,차대차 - 정면충돌,중앙선침범,건조,맑음,단일로 - 기타,화물,남,53세,상해없음,이륜,남,32세,중상
2022040400100468,2022년 4월 4일 19시,월요일,경상남도 창원시 마산회원구 합성동,경상사고,0,0,1,0,차대차 - 추돌,안전운전불이행,건조,맑음,교차로 - 교차로부근,화물,남,65세,상해없음,승용,여,30세,경상
2022040400100490,2022년 4월 4일 20시,월요일,경상남도 김해시 진영읍,중상사고,0,1,1,0,차대차 - 측면충돌,안전거리미확보,건조,맑음,단일로 - 기타,승용,남,28세,상해없음,승합,남,51세,중상
2022040400100522,2022년 4월 4일 22시,월요일,경상남도 밀양시 하남읍,중상사고,0,1,0,0,차대차 - 정면충돌,신호위반,건조,맑음,교차로 - 교차로안,화물,남,23세,상해없음,이륜,여,64세,중상
2022040400100540,2022년 4월 4일 23시,월요일,경상남도 밀양시 삼문동,중상사고,0,1,0,0,차대사람 - 기타,안전운전불이행,건조,흐림,교차로 - 교차로부근,승용,남,63세,상해없음,보행자,남,59세,중상
2022040500100008,2022년 4월 5일 00시,화요일,경상남도 통영시 미수동,경상사고,0,0,1,0,차대사람 - 차도통행중,안전운전불이행,건조,맑음,주차장 - 주차장,승용,남,66세,상해없음,보행자,남,58세,경상
2022040500100015,2022년 4월 5일 01시,화요일,경상남도 양산시 원동면,경상사고,0,0,1,0,차대차 - 정면충돌,중앙선침범,건조,맑음,단일로 - 기타,승용,남,27세,상해없음,화물,남,68세,경상
2022040500100020,2022년 4월 5일 02시,화요일,경상남도 김해시 생림면,경상사고,0,0,1,0,차대차 - 기타,안전운전불이행,건조,맑음,단일로 - 기타,승용,남,38세,상해없음,화물,남,42세,경상
2022040500100060,2022년 4월 5일 07시,화요일,경상남도 창원시 진해구 태평동,경상사고,0,0,1,0,차대차 - 기타,안전운전불이행,건조,맑음,교차로 - 교차로부근,원동기,여,29세,경상,화물,남,43세,상해없음
2022040500100061,2022년 4월 5일 07시,화요일,경상남도 밀양시 산내면,중상사고,0,2,2,0,차량단독 - 공작물충돌,안전운전불이행,건조,흐림,단일로 - 기타,승용,여,62세,상해없음,,,,
2022040500100062,2022년 4월 5일 07시,화요일,경상남도 양산시 동면,중상사고,0,1,0,0,차대차 - 측면충돌,안전운전불이행,건조,맑음,교차로 - 교차로횡단보도내,자전거,남,94세,중상,승용,남,50세,상해없음
2022040500100063,2022년 4월 5일 07시,화요일,경상남도 함안군 칠서면,사망사고,1,0,0,0,차대차 - 측면충돌,안전운전불이행,건조,맑음,교차로 - 교차로안,승용,여,57세,상해없음,자전거,여,68세,사망
2022040500100075,2022년 4월 5일 08시,화요일,경상남도 양산시 산막동,중상사고,0,1,3,0,차대차 - 추돌,안전운전불이행,건조,맑음,단일로 - 기타,화물,남,33세,상해없음,승용,남,29세,경상
2022040500100094,2022년 4월 5일 08시,화요일,경상남도 합천군 야로면,경상사고,0,0,1,0,차량단독 - 도로외이탈 - 추락,안전운전불이행,건조,맑음,단일로 - 기타,화물,남,76세,경상,,,,
2022040500100095,2022년 4월 5일 08시,화요일,경상남도 양산시 신기동,중상사고,0,1,0,0,차대차 - 기타,교차로운행방법위반,건조,맑음,교차로 - 교차로안,승용,여,43세,기타불명,자전거,여,62세,중상
2022040500100127,2022년 4월 5일 09시,화요일,경상남도 창원시 진해구 서중동,경상사고,0,0,2,0,차대차 - 기타,안전운전불이행,건조,맑음,단일로 - 기타,승용,남,72세,상해없음,승합,남,39세,상해없음
2022040500100128,2022년 4월 5일 09시,화요일,경상남도 함양군 함양읍,중상사고,0,1,0,1,차대차 - 측면충돌,안전거리미확보,건조,맑음,교차로 - 교차로안,승용,여,60세,부상신고,이륜,남,20세,중상
2022040500100129,2022년 4월 5일 09시,화요일,경상남도 양산시 유산동,중상사고,0,2,0,0,차대차 - 추돌,안전운전불이행,건조,맑음,교차로 - 교차로안,화물,남,58세,상해없음,승용,남,45세,중상
2022040500100130,2022년 4월 5일 09시,화요일,경상남도 고성군 하일면,경상사고,0,0,3,0,차대차 - 정면충돌,중앙선침범,건조,맑음,단일로 - 기타,승용,남,73세,상해없음,승용,남,33세,경상
2022040500100190,2022년 4월 5일 11시,화요일,경상남도 창녕군 창녕읍,중상사고,0,1,0,0,차대차 - 측면충돌,안전운전불이행,건조,맑음,교차로 - 교차로부근,화물,남,30세,상해없음,이륜,남,82세,중상
2022040500100192,2022년 4월 5일 11시,화요일,경상남도 양산시 물금읍,경상사고,0,0,1,0,차량단독 - 공작물충돌,안전운전불이행,건조,맑음,단일로 - 기타,승용,남,29세,상해없음,,,,
2022040500100193,2022년 4월 5일 11시,화요일,경상남도 창원시 성산구 중앙동,부상신고사고,0,0,0,1,차대사람 - 횡단중,안전운전불이행,건조,맑음,교차로 - 교차로안,승용,남,60세,상해없음,보행자,남,56세,부상신고
2022040500100228,2022년 4월 5일 12시,화요일,경상남도 거제시 연초면,경상사고,0,0,1,0,차대차 - 측면충돌,안전운전불이행,건조,맑음,교차로 - 교차로안,이륜,남,24세,경상,승용,남,36세,상해없음
2022040500100261,2022년 4월 5일 13시,화요일,경상남도 창원시 진해구 경화동,중상사고,0,1,0,0,차량단독 - 공작물충돌,안전운전불이행,건조,맑음,단일로 - 기타,승용,남,60세,중상,,,,
2022040500100289,2022년 4월 5일 14시,화요일,경상남도 사천시 벌리동,중상사고,0,1,1,0,차대차 - 측면충돌,직진우회전진행방해,건조,맑음,교차로 - 교차로안,이륜,남,53세,경상,승용,여,28세,중상
2022040500100290,2022년 4월 5일 14시,화요일,경상남도 김해시 진례면,중상사고,0,1,1,0,차대차 - 측면충돌,안전운전불이행,건조,맑음,교차로 - 교차로안,승용,남,53세,경상,화물,남,43세,상해없음
2022040500100323,2022년 4월 5일 15시,화요일,경상남도 거제시 아양동,중상사고,0,1,0,0,차대차 - 기타,안전거리미확보,건조,맑음,단일로 - 기타,화물,남,65세,상해없음,승용,여,48세,중상
2022040500100324,2022년 4월 5일 15시,화요일,경상남도 김해시 관동동,경상사고,0,0,3,0,차대차 - 추돌,안전운전불이행,건조,맑음,교차로 - 교차로부근,승용,여,57세,상해없음,승용,남,52세,경상
2022040500100325,2022년 4월 5일 15시,화요일,경상남도 김해시 진례면,중상사고,0,1,0,0,차대차 - 추돌,안전운전불이행,건조,맑음,단일로 - 기타,승용,여,36세,상해없음,승용,남,61세,중상
2022040500100353,2022년 4월 5일 16시,화요일,경상남도 합천군 야로면,경상사고,0,0,1,0,차대차 - 추돌,안전운전불이행,건조,맑음,교차로 - 교차로부근,승용,여,53세,경상,화물,남,53세,상해없음
2022040500100354,2022년 4월 5일 16시,화요일,경상남도 양산시 북부동,중상사고,0,1,0,0,차대차 - 측면충돌,안전운전불이행,건조,맑음,교차로 - 교차로안,승용,남,40세,상해없음,이륜,남,67세,중상
2022040500100355,2022년 4월 5일 16시,화요일,경상남도 양산시 물금읍,경상사고,0,0,1,0,차대차 - 후진중충돌,안전운전불이행,건조,맑음,단일로 - 기타,승용,여,48세,상해없음,승용,남,30세,경상
2022040500100389,2022년 4월 5일 17시,화요일,경상남도 고성군 고성읍,경상사고,0,0,1,0,차대차 - 측면충돌,직진우회전진행방해,건조,맑음,교차로 - 교차로안,승용,여,41세,상해없음,승용,여,27세,경상
2022040500100390,2022년 4월 5일 17시,화요일,경상남도 김해시 진영읍,경상사고,0,0,1,0,차대차 - 측면충돌,안전운전불이행,건조,맑음,단일로 - 기타,승용,남,27세,상해없음,승용,남,48세,경상
2022040500100425,2022년 4월 5일 18시,화요일,경상남도 거창군 마리면,중상사고,0,1,0,0,차량단독 - 공작물충돌,안전운전불이행,건조,맑음,단일로 - 기타,화물,남,60세,중상,,,,
2022040500100459,2022년 4월 5일 19시,화요일,경상남도 김해시 무계동,중상사고,0,1,0,0,차대사람 - 횡단중,보행자보호의무위반,건조,맑음,교차로 - 교차로횡단보도내,승용,여,47세,상해없음,보행자,남,45세,중상
2022040500100484,2022년 4월 5일 20시,화요일,경상남도 하동군 화개면,경상사고,0,0,2,0,차대차 - 추돌,중앙선침범,건조,맑음,단일로 - 기타,승용,남,66세,상해없음,승용,남,64세,경상
2022040500100485,2022년 4월 5일 20시,화요일,경상남도 창원시 성산구 사파동,경상사고,0,0,1,0,차대사람 - 횡단중,안전운전불이행,건조,맑음,교차로 - 교차로안,승용,남,30세,상해없음,보행자,남,59세,경상
2022040500100510,2022년 4월 5일 21시,화요일,경상남도 거제시 상동동,경상사고,0,0,1,0,차대차 - 측면충돌,안전운전불이행,건조,맑음,단일로 - 기타,승용,남,53세,상해없음,승용,여,37세,경상
2022040500100511,2022년 4월 5일 21시,화요일,경상남도 거제시 연초면,중상사고,0,1,0,0,차대사람 - 기타,보행자보호의무위반,건조,맑음,기타 - 기타,승용,남,44세,상해없음,보행자,여,61세,중상
2022040500100533,2022년 4월 5일 22시,화요일,경상남도 거제시 고현동,경상사고,0,0,1,0,차대차 - 측면충돌,신호위반,건조,맑음,교차로 - 교차로안,승용,남,36세,상해없음,승용,남,42세,경상
2022040500100534,2022년 4월 5일 22시,화요일,경상남도 거제시 옥포동,경상사고,0,0,1,0,차대차 - 기타,안전운전불이행,건조,맑음,교차로 - 교차로안,승용,남,68세,상해없음,이륜,남,40세,경상
2022040600100046,2022년 4월 6일 06시,수요일,경상남도 김해시 삼방동,중상사고,0,1,0,0,차대차 - 기타,안전운전불이행,건조,맑음,교차로 - 교차로부근,승합,남,60세,상해없음,승용,여,50세,중상
2022040600100058,2022년 4월 6일 07시,수요일,경상남도 창원시 마산합포구 중성동,경상사고,0,0,1,0,차대사람 - 횡단중,보행자보호의무위반,건조,맑음,교차로 - 교차로횡단보도내,승용,남,19세,상해없음,보행자,남,31세,경상
2022040600100059,2022년 4월 6일 07시,수요일,경상남도 통영시 광도면,경상사고,0,0,2,0,차대차 - 측면충돌,안전운전불이행,건조,맑음,교차로 - 교차로부근,승용,남,53세,상해없음,승용,남,29세,경상
2022040600100088,2022년 4월 6일 08시,수요일,경상남도 통영시 미수동,경상사고,0,0,1,0,차대차 - 추돌,안전운전불이행,건조,맑음,교차로 - 교차로부근,승용,여,47세,상해없음,승용,여,65세,경상
2022040600100106,2022년 4월 6일 09시,수요일,경상남도 밀양시 교동,중상사고,0,1,0,0,차대차 - 측면충돌,차로위반,건조,맑음,단일로 - 기타,화물,남,43세,상해없음,화물,남,29세,중상
2022040600100116,2022년 4월 6일 09시,수요일,경상남도 통영시 무전동,경상사고,0,0,1,0,차대차 - 측면충돌,직진우회전진행방해,건조,맑음,단일로 - 기타,승용,남,68세,상해없음,화물,남,44세,경상
2022040600100138,2022년 4월 6일 10시,수요일,경상남도 밀양시 하남읍,중상사고,0,1,0,0,차대사람 - 기타,안전운전불이행,건조,맑음,단일로 - 기타,승용,남,67세,상해없음,보행자,남,86세,중상
2022040600100139,2022년 4월 6일 10시,수요일,경상남도 김해시 부원동,경상사고,0,0,1,0,차대사람 - 차도통행중,안전운전불이행,건조,맑음,단일로 - 기타,승용,여,62세,상해없음,보행자,남,54세,경상
2022040600100168,2022년 4월 6일 11시,수요일,경상남도 양산시 어곡동,경상사고,0,0,5,0,차대차 - 기타,신호위반,건조,맑음,교차로 - 교차로부근,승용,여,28세,경상,승용,여,55세,경상
2022040600100169,2022년 4월 6일 11시,수요일,경상남도 창원시 마산회원구 내서읍,경상사고,0,0,1,0,차대차 - 측면충돌,안전운전불이행,건조,맑음,교차로 - 교차로부근,승용,남,72세,상해없음,승용,여,59세,경상
2022040600100195,2022년 4월 6일 12시,수요일,경상남도 함양군 함양읍,중상사고,0,2,1,0,차량단독 - 도로외이탈 - 추락,안전운전불이행,건조,맑음,단일로 - 기타,농기계,남,77세,경상,,,,
2022040600100196,2022년 4월 6일 12시,수요일,경상남도 양산시 명동,중상사고,0,1,0,0,차대차 - 측면충돌,안전운전불이행,건조,맑음,단일로 - 기타,화물,남,49세,상해없음,이륜,남,35세,중상
2022040600100197,2022년 4월 6일 12시,수요일,경상남도 산청군 산청읍,중상사고,0,2,0,0,차대차 - 측면충돌,신호위반,건조,맑음,교차로 - 교차로안,화물,남,32세,상해없음,이륜,남,81세,중상
2022040600100222,2022년 4월 6일 13시,수요일,경상남도 양산시 어곡동,경상사고,0,0,1,0,차대차 - 기타,중앙선침범,건조,맑음,단일로 - 터널,승용,여,62세,상해없음,승용,여,52세,경상
2022040600100270,2022년 4월 6일 15시,수요일,경상남도 창원시 마산합포구 진북면,부상신고사고,0,0,0,3,차량단독 - 기타,안전운전불이행,건조,맑음,단일로 - 기타,승용,남,26세,상해없음,,,,
2022040600100271,2022년 4월 6일 15시,수요일,경상남도 밀양시 상남면,부상신고사고,0,0,0,2,차대차 - 추돌,안전운전불이행,건조,맑음,교차로 - 교차로안,승용,남,59세,상해없음,승용,남,60세,부상신고
2022040600100272,2022년 4월 6일 15시,수요일,경상남도 밀양시 상남면,중상사고,0,1,0,0,차대차 - 측면충돌,안전운전불이행,건조,맑음,교차로 - 교차로안,화물,남,66세,상해없음,승용,남,57세,중상
2022040600100273,2022년 4월 6일 15시,수요일,경상남도 양산시 물금읍,중상사고,0,1,0,0,차대차 - 기타,안전운전불이행,건조,맑음,단일로 - 기타,이륜,남,19세,상해없음,자전거,여,56세,중상
2022040600100314,2022년 4월 6일 16시,수요일,경상남도 김해시 내동,경상사고,0,0,1,0,차대차 - 측면충돌,안전운전불이행,건조,맑음,교차로 - 교차로부근,승합,여,57세,상해없음,이륜,남,45세,경상
2022040600100315,2022년 4월 6일 16시,수요일,경상남도 함양군 함양읍,사망사고,1,0,0,0,차량단독 - 공작물충돌,안전운전불이행,건조,맑음,교차로 - 교차로부근,원동기,남,17세,사망,,,,
2022040600100316,2022년 4월 6일 16시,수요일,경상남도 고성군 고성읍,중상사고,0,1,0,0,차대사람 - 횡단중,안전운전불이행,건조,맑음,기타 - 기타,승용,여,42세,상해없음,보행자,여,68세,중상
2022040600100359,2022년 4월 6일 17시,수요일,경상남도 김해시 내동,경상사고,0,0,1,0,차대차 - 측면충돌,중앙선침범,건조,맑음,단일로 - 기타,승용,여,48세,상해없음,이륜,남,28세,경상
2022040600100360,2022년 4월 6일 17시,수요일,경상남도 고성군 고성읍,경상사고,0,0,1,0,차대차 - 기타,안전운전불이행,건조,맑음,단일로 - 기타,자전거,여,64세,경상,승용,남,53세,상해없음
2022040600100361,2022년 4월 6일 17시,수요일,경상남도 창원시 마산회원구 봉암동,경상사고,0,0,1,0,차대차 - 측면충돌,안전운전불이행,건조,맑음,교차로 - 교차로부근,승용,남,36세,상해없음,승용,남,64세,경상
2022040600100431,2022년 4월 6일 19시,수요일,경상남도 양산시 물금읍,경상사고,0,0,1,1,차대차 - 추돌,안전거리미확보,건조,맑음,단일로 - 기타,승용,남,38세,상해없음,승용,남,28세,경상
2022040600100481,2022년 4월 6일 20시,수요일,경상남도 진주시 가좌동,경상사고,0,0,1,0,차대차 - 기타,안전운전불이행,건조,맑음,단일로 - 기타,화물,남,45세,상해없음,승용,여,20세,경상
2022040600100482,2022년 4월 6일 20시,수요일,경상남도 하동군 하동읍,경상사고,0,0,2,0,차대차 - 측면충돌,신호위반,건조,맑음,교차로 - 교차로안,이륜,남,17세,상해없음,승용,여,21세,경상
2022040600100505,2022년 4월 6일 21시,수요일,경상남도 창원시 마산회원구 양덕동,경상사고,0,0,2,0,차대차 - 추돌,안전운전불이행,건조,맑음,교차로 - 교차로부근,승용,남,48세,기타불명,승용,여,42세,경상
2022040600100526,2022년 4월 6일 22시,수요일,경상남도 창원시 진해구 용원동,경상사고,0,0,1,0,차대차 - 추돌,안전운전불이행,건조,맑음,교차로 - 교차로부근,승용,남,45세,상해없음,승용,여,56세,경상
2022040600100537,2022년 4월 6일 23시,수요일,경상남도 김해시 동상동,경상사고,0,0,1,0,차량단독 - 공작물충돌,안전운전불이행,건조,맑음,단일로 - 기타,이륜,남,30세,경상,,,,
2022040700100028,2022년 4월 7일 01시,목요일,경상남도 창원시 의창구 팔용동,경상사고,0,0,1,0,차대차 - 추돌,안전운전불이행,건조,맑음,단일로 - 기타,승용,남,73세,상해없음,승용,남,27세,경상
2022040700100035,2022년 4월 7일 04시,목요일,경상남도 김해시 율하동,중상사고,0,2,0,0,차량단독 - 전도전복 - 전도,안전운전불이행,건조,맑음,단일로 - 기타,이륜,남,39세,중상,,,,
2022040700100044,2022년 4월 7일 06시,목요일,경상남도 진주시 평거동,중상사고,0,1,0,0,차대사람 - 기타,안전운전불이행,건조,맑음,교차로 - 교차로횡단보도내,승용,남,30세,상해없음,보행자,여,76세,중상
2022040700100054,2022년 4월 7일 07시,목요일,경상남도 사천시 용현면,경상사고,0,0,1,0,차대차 - 측면충돌,안전운전불이행,건조,맑음,단일로 - 기타,건설기계,남,45세,상해없음,승용,여,50세,경상