사고번호,사고일시,요일,시군구,사고내용,사망자수,중상자수,경상자수,부상신고자수,사고유형,법규위반,노면상태,기상상태,도로형태,가해운전자 차종,가해운전자 성별,가해운전자 연령,가해운전자 상해정도,피해운전자 차종,피해운전자 성별,피해운전자 연령,피해운전자 상해정도
2022040700100055,2022년 4월 7일 07시,목요일,경상남도 창녕군 계성면,경상사고,0,0,2,0,차대차 - 측면충돌,중앙선침범,젖음/습기,비,단일로 - 기타,화물,남,68세,경상,승용,남,25세,경상
2022040700100112,2022년 4월 7일 09시,목요일,경상남도 양산시 상북면,경상사고,0,0,2,0,차대차 - 기타,안전운전불이행,건조,맑음,단일로 - 기타,화물,남,44세,상해없음,승용,남,59세,경상
2022040700100125,2022년 4월 7일 09시,목요일,경상남도 양산시 용당동,경상사고,0,0,1,0,차대차 - 추돌,안전운전불이행,건조,맑음,교차로 - 교차로부근,화물,남,40세,상해없음,자전거,남,79세,경상
2022040700100126,2022년 4월 7일 09시,목요일,경상남도 김해시 화목동,경상사고,0,0,4,0,차대차 - 측면충돌,안전운전불이행,건조,맑음,기타 - 기타,승용,여,75세,경상,승용,남,40세,경상
2022040700100146,2022년 4월 7일 10시,목요일,경상남도 통영시 산양읍,경상사고,0,0,2,0,차대차 - 기타,기타,건조,맑음,기타 - 기타,화물,남,59세,상해없음,승용,남,22세,경상
2022040700100147,2022년 4월 7일 10시,목요일,경상남도 김해시 불암동,경상사고,0,0,1,0,차대차 - 후진중충돌,안전운전불이행,건조,맑음,단일로 - 기타,화물,남,73세,상해없음,승용,남,64세,경상
2022040700100207,2022년 4월 7일 12시,목요일,경상남도 김해시 삼정동,경상사고,0,0,1,0,차대차 - 측면충돌,안전운전불이행,건조,맑음,교차로 - 교차로안,이륜,남,21세,상해없음,승용,여,39세,경상
2022040700100208,2022년 4월 7일 12시,목요일,경상남도 함양군 안의면,경상사고,0,0,2,0,차대차 - 측면충돌,교차로운행방법위반,건조,맑음,교차로 - 교차로안,승용,여,62세,경상,화물,남,78세,경상
2022040700100209,2022년 4월 7일 12시,목요일,경상남도 거제시 아주동,경상사고,0,0,1,0,차대차 - 기타,기타,건조,맑음,단일로 - 기타,이륜,남,24세,경상,승용,남,34세,상해없음
2022040700100210,2022년 4월 7일 12시,목요일,경상남도 창원시 의창구 팔용동,중상사고,0,1,0,0,차대차 - 기타,안전운전불이행,건조,맑음,기타 - 기타,자전거,남,61세,중상,승용,남,62세,상해없음
2022040700100244,2022년 4월 7일 13시,목요일,경상남도 남해군 남해읍,중상사고,0,2,1,0,차량단독 - 공작물충돌,안전운전불이행,건조,맑음,교차로 - 교차로안,승용,남,69세,경상,,,,
2022040700100245,2022년 4월 7일 13시,목요일,경상남도 김해시 한림면,중상사고,0,1,0,0,차대차 - 측면충돌,안전운전불이행,건조,맑음,단일로 - 기타,화물,남,60세,상해없음,자전거,여,57세,중상
2022040700100264,2022년 4월 7일 14시,목요일,경상남도 창녕군 남지읍,경상사고,0,0,1,0,차량단독 - 전도전복 - 전도,안전운전불이행,건조,맑음,단일로 - 기타,원동기,남,81세,경상,,,,
2022040700100290,2022년 4월 7일 15시,목요일,경상남도 합천군 봉산면,경상사고,0,0,1,0,차대사람 - 길가장자리구역통행중,안전운전불이행,건조,맑음,단일로 - 기타,기타불명,기타불명,미분류,기타불명,보행자,여,75세,경상
2022040700100291,2022년 4월 7일 15시,목요일,경상남도 함양군 서상면,중상사고,0,1,0,0,차대사람 - 기타,안전운전불이행,건조,맑음,기타 - 기타,화물,남,51세,상해없음,보행자,남,83세,중상
2022040700100330,2022년 4월 7일 16시,목요일,경상남도 창원시 마산합포구 현동,경상사고,0,0,1,0,차대차 - 측면충돌,안전거리미확보,건조,맑음,단일로 - 고가도로위,승용,남,66세,상해없음,승용,남,26세,경상
2022040700100331,2022년 4월 7일 16시,목요일,경상남도 창녕군 창녕읍,부상신고사고,0,0,0,1,차대차 - 기타,안전운전불이행,건조,맑음,단일로 - 기타,자전거,남,11세,부상신고,승합,남,55세,상해없음
2022040700100332,2022년 4월 7일 16시,목요일,경상남도 양산시 신기동,경상사고,0,0,1,0,차대차 - 측면충돌,신호위반,건조,맑음,교차로 - 교차로안,승용,남,76세,상해없음,승용,여,40세,경상
2022040700100333,2022년 4월 7일 16시,목요일,경상남도 양산시 남부동,부상신고사고,0,0,0,1,차대차 - 기타,안전운전불이행,건조,맑음,교차로 - 교차로부근,이륜,남,29세,부상신고,승용,남,63세,상해없음
2022040700100334,2022년 4월 7일 16시,목요일,경상남도 창원시 성산구 가음동,경상사고,0,0,1,0,차대사람 - 횡단중,보행자보호의무위반,건조,맑음,단일로 - 기타,화물,남,52세,상해없음,보행자,남,55세,경상
2022040700100335,2022년 4월 7일 16시,목요일,경상남도 김해시 대청동,중상사고,0,1,0,0,차대차 - 기타,중앙선침범,건조,맑음,교차로 - 교차로안,자전거,남,64세,중상,승용,남,49세,상해없음
2022040700100336,2022년 4월 7일 16시,목요일,경상남도 김해시 진영읍,중상사고,0,2,0,0,차대차 - 측면충돌,안전운전불이행,건조,맑음,단일로 - 기타,승용,남,30세,상해없음,승용,남,74세,중상
2022040700100378,2022년 4월 7일 17시,목요일,경상남도 밀양시 삼문동,경상사고,0,0,1,0,차대차 - 측면충돌,안전운전불이행,건조,흐림,교차로 - 교차로부근,화물,남,71세,상해없음,이륜,남,47세,경상
2022040700100379,2022년 4월 7일 17시,목요일,경상남도 김해시 어방동,부상신고사고,0,0,0,1,차대사람 - 기타,안전운전불이행,건조,맑음,단일로 - 기타,승용,남,45세,상해없음,보행자,여,23세,부상신고
2022040700100381,2022년 4월 7일 17시,목요일,경상남도 창원시 의창구 사림동,중상사고,0,1,0,0,차대차 - 측면충돌,안전운전불이행,건조,맑음,교차로 - 교차로안,승용,여,31세,상해없음,승용,남,35세,중상
2022040700100424,2022년 4월 7일 18시,목요일,경상남도 창원시 진해구 용원동,경상사고,0,0,1,0,차대차 - 측면충돌,안전운전불이행,건조,맑음,단일로 - 기타,이륜,남,26세,경상,화물,남,45세,상해없음
2022040700100425,2022년 4월 7일 18시,목요일,경상남도 김해시 삼계동,중상사고,0,1,0,0,차대차 - 측면충돌,안전운전불이행,건조,맑음,교차로 - 교차로안,승용,남,62세,상해없음,승용,남,28세,중상
2022040700100426,2022년 4월 7일 18시,목요일,경상남도 창원시 성산구 중앙동,경상사고,0,0,2,0,차대차 - 측면충돌,교차로운행방법위반,건조,맑음,교차로 - 교차로안,원동기,남,18세,상해없음,승용,남,51세,경상
2022040700100473,2022년 4월 7일 19시,목요일,경상남도 김해시 외동,중상사고,0,1,1,0,차대차 - 측면충돌,신호위반,건조,맑음,교차로 - 교차로안,승용,남,36세,경상,화물,남,38세,중상
2022040700100474,2022년 4월 7일 19시,목요일,경상남도 하동군 악양면,중상사고,0,1,0,0,차대사람 - 보도통행중,안전운전불이행,건조,맑음,교차로 - 교차로부근,승합,남,63세,상해없음,보행자,여,36세,중상
2022040700100524,2022년 4월 7일 21시,목요일,경상남도 합천군 삼가면,중상사고,0,1,0,0,차량단독 - 공작물충돌,안전운전불이행,건조,맑음,교차로 - 교차로부근,화물,남,62세,중상,,,,
2022040700100525,2022년 4월 7일 21시,목요일,경상남도 함안군 가야읍,중상사고,0,1,1,0,차대차 - 기타,안전운전불이행,건조,맑음,단일로 - 기타,건설기계,남,48세,상해없음,승용,여,37세,중상
2022040800100014,2022년 4월 8일 00시,금요일,경상남도 양산시 삼호동,경상사고,0,0,1,0,차대차 - 측면충돌,안전운전불이행,건조,맑음,교차로 - 교차로안,승용,여,35세,상해없음,승용,남,36세,경상
2022040800100105,2022년 4월 8일 08시,금요일,경상남도 창원시 진해구 풍호동,경상사고,0,0,1,0,차대차 - 기타,안전운전불이행,건조,맑음,교차로 - 교차로부근,승용,남,82세,상해없음,승용,여,27세,경상
2022040800100106,2022년 4월 8일 08시,금요일,경상남도 함안군 가야읍,중상사고,0,1,0,0,차대차 - 측면충돌,신호위반,건조,맑음,교차로 - 교차로횡단보도내,승용,여,63세,상해없음,자전거,남,13세,중상
2022040800100172,2022년 4월 8일 10시,금요일,경상남도 사천시 사남면,중상사고,0,1,0,0,차대차 - 기타,신호위반,건조,맑음,교차로 - 교차로안,승용,남,29세,상해없음,화물,남,57세,상해없음
2022040800100173,2022년 4월 8일 10시,금요일,경상남도 사천시 벌리동,부상신고사고,0,0,0,1,차대차 - 측면충돌,교차로운행방법위반,건조,맑음,교차로 - 교차로안,이륜,남,80세,부상신고,승용,여,40세,상해없음
2022040800100204,2022년 4월 8일 11시,금요일,경상남도 김해시 삼정동,경상사고,0,0,2,0,차대차 - 측면충돌,신호위반,건조,맑음,교차로 - 교차로안,승용,여,41세,경상,승용,여,46세,경상
2022040800100263,2022년 4월 8일 13시,금요일,경상남도 밀양시 상남면,경상사고,0,0,2,0,차대차 - 측면충돌,교차로운행방법위반,건조,맑음,교차로 - 교차로안,이륜,남,65세,상해없음,승합,남,50세,상해없음
2022040800100264,2022년 4월 8일 13시,금요일,경상남도 합천군 합천읍,부상신고사고,0,0,0,1,차대사람 - 차도통행중,안전운전불이행,건조,맑음,단일로 - 기타,승용,여,57세,상해없음,보행자,남,65세,부상신고
2022040800100265,2022년 4월 8일 13시,금요일,경상남도 양산시 물금읍,부상신고사고,0,0,0,1,차대사람 - 보도통행중,안전운전불이행,건조,맑음,기타 - 기타,개인형이동수단(PM),여,28세,상해없음,보행자,여,6세,부상신고
2022040800100266,2022년 4월 8일 13시,금요일,경상남도 거제시 일운면,경상사고,0,0,2,0,차대차 - 측면충돌,중앙선침범,건조,맑음,단일로 - 기타,승용,남,24세,상해없음,특수,남,60세,경상
2022040800100267,2022년 4월 8일 13시,금요일,경상남도 창원시 마산회원구 회원동,중상사고,0,1,0,0,차대차 - 측면충돌,안전운전불이행,기타,기타,단일로 - 기타,화물,남,66세,상해없음,이륜,남,74세,중상
2022040800100268,2022년 4월 8일 13시,금요일,경상남도 김해시 진례면,부상신고사고,0,0,0,1,차대차 - 측면충돌,안전운전불이행,건조,맑음,교차로 - 교차로부근,자전거,남,48세,부상신고,화물,남,46세,상해없음
2022040800100298,2022년 4월 8일 14시,금요일,경상남도 진주시 금산면,경상사고,0,0,1,0,차대차 - 추돌,교차로운행방법위반,건조,맑음,교차로 - 교차로안,승용,여,42세,상해없음,원동기,남,17세,경상
2022040800100299,2022년 4월 8일 14시,금요일,경상남도 의령군 부림면,사망사고,1,0,0,0,차대차 - 측면충돌,안전운전불이행,건조,맑음,교차로 - 교차로안,승용,여,74세,상해없음,이륜,남,80세,사망
2022040800100345,2022년 4월 8일 15시,금요일,경상남도 창원시 진해구 충무동,경상사고,0,0,1,0,차대차 - 기타,안전운전불이행,건조,맑음,단일로 - 기타,승용,남,60세,상해없음,승합,남,32세,상해없음
2022040800100390,2022년 4월 8일 16시,금요일,경상남도 양산시 물금읍,중상사고,0,2,0,0,차대차 - 정면충돌,신호위반,건조,맑음,교차로 - 교차로안,화물,남,31세,중상,화물,남,59세,중상
2022040800100391,2022년 4월 8일 16시,금요일,경상남도 양산시 중부동,부상신고사고,0,0,0,1,차량단독 - 기타,안전운전불이행,건조,맑음,단일로 - 기타,승합,남,35세,상해없음,,,,
2022040800100392,2022년 4월 8일 16시,금요일,경상남도 거제시 고현동,부상신고사고,0,0,0,1,차대사람 - 횡단중,안전운전불이행,건조,맑음,교차로 - 교차로안,승용,여,59세,상해없음,보행자,남,10세,부상신고
2022040800100393,2022년 4월 8일 16시,금요일,경상남도 창원시 의창구 사림동,경상사고,0,0,1,0,차대사람 - 길가장자리구역통행중,안전운전불이행,건조,맑음,교차로 - 교차로안,승용,남,25세,상해없음,보행자,여,22세,경상
2022040800100417,2022년 4월 8일 17시,금요일,경상남도 양산시 물금읍,경상사고,0,0,2,0,차대차 - 기타,차로위반,건조,맑음,단일로 - 기타,화물,남,51세,상해없음,승합,남,42세,경상
2022040800100441,2022년 4월 8일 17시,금요일,경상남도 창원시 진해구 장천동,중상사고,0,1,0,0,차량단독 - 기타,안전운전불이행,건조,맑음,단일로 - 기타,승용,남,83세,상해없음,,,,
2022040800100442,2022년 4월 8일 17시,금요일,경상남도 양산시 평산동,경상사고,0,0,1,0,차대사람 - 횡단중,보행자보호의무위반,건조,기타,기타 - 기타,승용,여,43세,상해없음,보행자,남,14세,경상
2022040800100443,2022년 4월 8일 17시,금요일,경상남도 함안군 가야읍,경상사고,0,0,2,0,차대차 - 측면충돌,안전운전불이행,건조,맑음,교차로 - 교차로안,승용,남,81세,상해없음,이륜,남,39세,경상
2022040800100476,2022년 4월 8일 18시,금요일,경상남도 양산시 산막동,경상사고,0,0,1,0,차대차 - 추돌,안전운전불이행,건조,맑음,단일로 - 기타,승용,남,58세,상해없음,승용,남,62세,상해없음
2022040800100497,2022년 4월 8일 18시,금요일,경상남도 밀양시 상남면,경상사고,0,0,1,0,차대차 - 측면충돌,안전운전불이행,건조,맑음,교차로 - 교차로부근,승용,여,43세,상해없음,화물,남,44세,경상
2022040800100498,2022년 4월 8일 18시,금요일,경상남도 양산시 물금읍,경상사고,0,0,1,0,차대차 - 측면충돌,신호위반,건조,맑음,교차로 - 교차로안,이륜,남,31세,경상,승합,남,51세,상해없음
2022040800100499,2022년 4월 8일 18시,금요일,경상남도 고성군 하이면,중상사고,0,1,0,0,차대사람 - 기타,안전운전불이행,건조,맑음,단일로 - 기타,화물,남,61세,상해없음,보행자,여,64세,중상
2022040800100501,2022년 4월 8일 18시,금요일,경상남도 김해시 대청동,중상사고,0,1,1,0,차대사람 - 차도통행중,안전운전불이행,건조,맑음,단일로 - 기타,개인형이동수단(PM),여,13세,경상,보행자,여,52세,중상
2022040800100559,2022년 4월 8일 19시,금요일,경상남도 진주시 금산면,부상신고사고,0,0,0,1,차량단독 - 전도전복 - 전도,안전운전불이행,건조,맑음,단일로 - 기타,이륜,남,77세,부상신고,,,,
2022040800100560,2022년 4월 8일 19시,금요일,경상남도 양산시 중부동,경상사고,0,0,1,0,차대차 - 기타,안전거리미확보,건조,맑음,단일로 - 기타,승용,남,50세,상해없음,승용,남,27세,경상
2022040800100608,2022년 4월 8일 20시,금요일,경상남도 진주시 신안동,경상사고,0,0,1,0,차대차 - 정면충돌,중앙선침범,건조,맑음,단일로 - 기타,원동기,남,21세,상해없음,원동기,남,52세,경상
2022040800100609,2022년 4월 8일 20시,금요일,경상남도 김해시 외동,중상사고,0,1,0,0,차대차 - 추돌,안전운전불이행,건조,맑음,교차로 - 교차로부근,승용,남,32세,상해없음,이륜,남,48세,중상
2022040800100610,2022년 4월 8일 20시,금요일,경상남도 양산시 동면,중상사고,0,1,0,0,차량단독 - 공작물충돌,안전운전불이행,건조,맑음,단일로 - 기타,승용,여,67세,중상,,,,
2022040800100611,2022년 4월 8일 20시,금요일,경상남도 고성군 거류면,경상사고,0,0,2,0,차대차 - 측면충돌,중앙선침범,건조,맑음,교차로 - 교차로안,승용,여,56세,상해없음,승용,남,52세,경상
2022040800100664,2022년 4월 8일 22시,금요일,경상남도 양산시 동면,경상사고,0,0,3,0,차대차 - 추돌,안전운전불이행,건조,맑음,단일로 - 기타,승용,여,28세,상해없음,승용,남,38세,경상
2022040800100665,2022년 4월 8일 22시,금요일,경상남도 창원시 의창구 중동,중상사고,0,1,0,0,차대사람 - 보도통행중,기타,건조,맑음,단일로 - 기타,개인형이동수단(PM),남,16세,상해없음,보행자,남,68세,중상
2022040800100690,2022년 4월 8일 23시,금요일,경상남도 창원시 진해구 이동,경상사고,0,0,3,0,차대차 - 측면충돌,안전운전불이행,건조,맑음,교차로 - 교차로안,승용,남,44세,상해없음,승용,여,45세,경상
2022040900100005,2022년 4월 9일 00시,토요일,경상남도 양산시 동면,경상사고,0,0,1,0,차대차 - 추돌,안전운전불이행,건조,맑음,단일로 - 터널,승용,남,51세,상해없음,화물,남,60세,경상
2022040900100018,2022년 4월 9일 00시,토요일,경상남도 사천시 벌리동,경상사고,0,0,1,0,차대차 - 측면충돌,교차로운행방법위반,건조,맑음,교차로 - 교차로안,원동기,남,17세,경상,승용,남,45세,상해없음
2022040900100019,2022년 4월 9일 00시,토요일,경상남도 양산시 물금읍,경상사고,0,0,2,0,차대차 - 측면충돌,안전운전불이행,건조,맑음,교차로 - 교차로부근,승용,남,31세,상해없음,승용,여,28세,경상
2022040900100053,2022년 4월 9일 04시,토요일,경상남도 창원시 마산회원구 회성동,경상사고,0,0,2,0,차대차 - 추돌,안전운전불이행,기타,기타,교차로 - 교차로부근,승용,여,19세,상해없음,승용,여,52세,경상
2022040900100080,2022년 4월 9일 07시,토요일,경상남도 창원시 마산합포구 구산면,사망사고,1,0,0,0,차대사람 - 길가장자리구역통행중,안전운전불이행,건조,맑음,단일로 - 기타,승용,남,66세,상해없음,보행자,남,83세,사망
2022040900100102,2022년 4월 9일 09시,토요일,경상남도 양산시 동면,경상사고,0,0,3,0,차대차 - 기타,안전운전불이행,건조,맑음,기타 - 기타,승용,여,58세,상해없음,승용,여,39세,경상
2022040900100111,2022년 4월 9일 09시,토요일,경상남도 양산시 삼호동,경상사고,0,0,2,0,차대차 - 측면충돌,안전운전불이행,건조,맑음,교차로 - 교차로부근,승용,남,72세,상해없음,승용,남,68세,경상
2022040900100140,2022년 4월 9일 10시,토요일,경상남도 거제시 옥포동,부상신고사고,0,0,0,1,차대차 - 측면충돌,직진우회전진행방해,건조,맑음,교차로 - 교차로안,이륜,남,63세,부상신고,승용,남,64세,상해없음
2022040900100172,2022년 4월 9일 11시,토요일,경상남도 진주시 강남동,경상사고,0,0,1,0,차대차 - 측면충돌,안전운전불이행,건조,맑음,교차로 - 교차로안,이륜,남,24세,경상,승용,여,69세,상해없음
2022040900100173,2022년 4월 9일 11시,토요일,경상남도 거제시 동부면,경상사고,0,0,1,0,차대차 - 기타,기타,건조,맑음,교차로 - 교차로부근,승용,여,59세,상해없음,승용,여,45세,경상
2022040900100211,2022년 4월 9일 12시,토요일,경상남도 창원시 마산합포구 월영동,중상사고,0,1,0,0,차대차 - 추돌,안전운전불이행,건조,맑음,단일로 - 기타,승용,여,49세,상해없음,이륜,남,38세,중상
2022040900100212,2022년 4월 9일 12시,토요일,경상남도 김해시 삼계동,경상사고,0,0,1,0,차대차 - 기타,안전운전불이행,건조,맑음,교차로 - 교차로안,승용,여,53세,기타불명,원동기,남,41세,경상
2022040900100213,2022년 4월 9일 12시,토요일,경상남도 창원시 마산회원구 구암동,경상사고,0,0,1,0,차대차 - 기타,안전운전불이행,건조,맑음,교차로 - 교차로안,승용,남,49세,상해없음,승용,남,55세,경상
2022040900100260,2022년 4월 9일 13시,토요일,경상남도 사천시 벌리동,경상사고,0,0,2,0,차대차 - 측면충돌,안전운전불이행,건조,맑음,교차로 - 교차로안,승용,남,50세,상해없음,승용,여,61세,경상
2022040900100313,2022년 4월 9일 14시,토요일,경상남도 창원시 마산합포구 해운동,경상사고,0,0,1,0,차대차 - 정면충돌,안전운전불이행,건조,맑음,교차로 - 교차로안,승용,남,57세,상해없음,승용,여,30세,경상
2022040900100314,2022년 4월 9일 14시,토요일,경상남도 양산시 교동,경상사고,0,0,1,0,차대차 - 추돌,안전운전불이행,건조,맑음,단일로 - 기타,승용,여,45세,상해없음,특수,남,30세,경상
2022040900100315,2022년 4월 9일 14시,토요일,경상남도 남해군 설천면,경상사고,0,0,2,1,차대차 - 측면충돌,안전운전불이행,건조,맑음,단일로 - 기타,승용,여,54세,부상신고,승용,남,21세,경상
2022040900100316,2022년 4월 9일 14시,토요일,경상남도 창원시 의창구 봉곡동,경상사고,0,0,4,0,차대차 - 추돌,안전운전불이행,건조,맑음,기타 - 기타,승용,남,43세,상해없음,승용,남,34세,경상
2022040900100356,2022년 4월 9일 15시,토요일,경상남도 양산시 용당동,경상사고,0,0,3,0,차대차 - 추돌,안전운전불이행,건조,맑음,단일로 - 기타,승용,여,43세,상해없음,화물,남,67세,경상
2022040900100357,2022년 4월 9일 15시,토요일,경상남도 고성군 대가면,중상사고,0,1,0,0,차대차 - 정면충돌,중앙선침범,건조,맑음,교차로 - 교차로부근,승용,여,57세,상해없음,승용,여,31세,중상
2022040900100358,2022년 4월 9일 15시,토요일,경상남도 창원시 성산구 사파동,부상신고사고,0,0,0,1,차대사람 - 횡단중,안전운전불이행,건조,맑음,단일로 - 기타,승용,남,58세,상해없음,보행자,남,11세,부상신고
2022040900100397,2022년 4월 9일 16시,토요일,경상남도 함안군 칠원읍,경상사고,0,0,1,0,차대차 - 추돌,안전운전불이행,건조,맑음,단일로 - 기타,승용,남,36세,상해없음,승용,남,31세,경상
2022040900100440,2022년 4월 9일 17시,토요일,경상남도 창원시 진해구 이동,중상사고,0,1,0,0,차대차 - 후진중충돌,안전운전불이행,건조,맑음,단일로 - 기타,승용,남,55세,상해없음,이륜,남,16세,중상
2022040900100441,2022년 4월 9일 17시,토요일,경상남도 사천시 용강동,중상사고,0,1,1,0,차대차 - 측면충돌,교차로운행방법위반,건조,맑음,교차로 - 교차로안,승용,남,48세,경상,승용,남,39세,중상
2022040900100442,2022년 4월 9일 17시,토요일,경상남도 김해시 부원동,경상사고,0,0,3,0,차대차 - 기타,신호위반,건조,맑음,교차로 - 교차로안,승용,여,60세,경상,승용,여,30세,경상
2022040900100443,2022년 4월 9일 17시,토요일,경상남도 의령군 의령읍,경상사고,0,0,1,0,차대차 - 기타,안전운전불이행,건조,맑음,교차로 - 교차로부근,승용,남,51세,상해없음,이륜,남,33세,경상
2022040900100468,2022년 4월 9일 18시,토요일,경상남도 창녕군 남지읍,경상사고,0,0,2,0,차대차 - 측면충돌,안전운전불이행,건조,맑음,교차로 - 교차로안,승용,남,63세,경상,승용,남,61세,경상
2022040900100469,2022년 4월 9일 18시,토요일,경상남도 양산시 남부동,경상사고,0,0,1,0,차대차 - 측면충돌,안전운전불이행,건조,맑음,교차로 - 교차로안,승용,남,70세,상해없음,이륜,남,29세,경상
2022040900100470,2022년 4월 9일 18시,토요일,경상남도 김해시 진영읍,부상신고사고,0,0,0,1,차대차 - 기타,안전운전불이행,건조,맑음,교차로 - 교차로안,이륜,남,29세,부상신고,승용,여,59세,상해없음
2022040900100509,2022년 4월 9일 19시,토요일,경상남도 양산시 덕계동,경상사고,0,0,4,0,차대차 - 측면충돌,안전운전불이행,건조,맑음,교차로 - 교차로부근,승용,여,28세,상해없음,승용,남,40세,경상
2022040900100535,2022년 4월 9일 20시,토요일,경상남도 창원시 진해구 풍호동,중상사고,0,1,0,0,차량단독 - 전도전복 - 전도,안전운전불이행,건조,맑음,기타 - 기타,승용,여,41세,중상,,,,
2022040900100536,2022년 4월 9일 20시,토요일,경상남도 거제시 상동동,경상사고,0,0,1,0,차대차 - 측면충돌,안전운전불이행,건조,맑음,단일로 - 기타,이륜,남,19세,경상,승용,남,59세,상해없음
2022040900100537,2022년 4월 9일 20시,토요일,경상남도 거제시 고현동,부상신고사고,0,0,0,1,차대사람 - 기타,안전운전불이행,건조,맑음,교차로 - 교차로안,승용,남,63세,상해없음,보행자,남,47세,부상신고
2022040900100568,2022년 4월 9일 21시,토요일,경상남도 창원시 진해구 용원동,경상사고,0,0,1,0,차대차 - 기타,중앙선침범,건조,맑음,교차로 - 교차로부근,이륜,남,55세,상해없음,승용,남,38세,경상
2022040900100569,2022년 4월 9일 21시,토요일,경상남도 통영시 광도면,경상사고,0,0,1,0,차대차 - 추돌,안전운전불이행,건조,맑음,교차로 - 교차로부근,화물,남,60세,상해없음,승용,남,48세,경상
2022040900100570,2022년 4월 9일 21시,토요일,경상남도 함안군 함안면,경상사고,0,0,1,0,차대차 - 정면충돌,안전운전불이행,건조,맑음,단일로 - 터널,승용,남,65세,상해없음,승용,남,35세,경상
2022040900100583,2022년 4월 9일 22시,토요일,경상남도 창원시 마산합포구 산호동,경상사고,0,0,1,0,차대차 - 측면충돌,신호위반,건조,맑음,교차로 - 교차로안,승용,남,60세,상해없음,승용,여,36세,경상
2022040900100608,2022년 4월 9일 23시,토요일,경상남도 김해시 구산동,경상사고,0,0,1,0,차대차 - 기타,안전운전불이행,건조,맑음,교차로 - 교차로부근,승용,남,32세,상해없음,승용,여,46세,경상
2022040900100609,2022년 4월 9일 23시,토요일,경상남도 양산시 물금읍,경상사고,0,0,2,0,차대차 - 측면충돌,신호위반,건조,맑음,교차로 - 교차로안,승용,여,53세,상해없음,승용,남,32세,경상
2022041000100014,2022년 4월 10일 00시,일요일,경상남도 진주시 가좌동,경상사고,0,0,1,0,차대사람 - 차도통행중,안전운전불이행,건조,맑음,단일로 - 기타,화물,남,19세,상해없음,보행자,남,26세,경상
2022041000100015,2022년 4월 10일 00시,일요일,경상남도 양산시 중부동,경상사고,0,0,1,0,차대사람 - 차도통행중,안전운전불이행,건조,맑음,교차로 - 교차로안,화물,남,53세,상해없음,보행자,남,49세,경상
2022041000100044,2022년 4월 10일 05시,일요일,경상남도 양산시 상북면,경상사고,0,0,1,0,차대차 - 측면충돌,교차로운행방법위반,건조,맑음,교차로 - 교차로안,승용,여,37세,상해없음,승용,여,53세,경상
2022041000100049,2022년 4월 10일 06시,일요일,경상남도 김해시 삼방동,경상사고,0,0,1,0,차대차 - 기타,중앙선침범,건조,맑음,단일로 - 기타,승용,남,64세,상해없음,기타불명,여,50세,경상
2022041000100060,2022년 4월 10일 08시,일요일,경상남도 양산시 물금읍,경상사고,0,0,1,0,차대차 - 측면충돌,안전거리미확보,건조,맑음,단일로 - 기타,승용,남,67세,상해없음,승용,남,25세,경상
2022041000100065,2022년 4월 10일 08시,일요일,경상남도 거창군 거창읍,중상사고,0,1,2,0,차대차 - 정면충돌,안전운전불이행,건조,맑음,단일로 - 기타,승용,여,55세,중상,승용,여,63세,경상
2022041000100093,2022년 4월 10일 10시,일요일,경상남도 양산시 하북면,경상사고,0,0,1,2,차대차 - 추돌,안전거리미확보,건조,맑음,단일로 - 기타,승용,남,29세,상해없음,승용,남,62세,경상
2022041000100104,2022년 4월 10일 10시,일요일,경상남도 김해시 생림면,경상사고,0,0,2,0,차대차 - 측면충돌,신호위반,건조,맑음,교차로 - 교차로안,승용,여,61세,경상,승용,남,49세,경상
2022041000100120,2022년 4월 10일 11시,일요일,경상남도 양산시 덕계동,부상신고사고,0,0,0,1,차대차 - 추돌,안전운전불이행,건조,맑음,단일로 - 기타,승용,남,36세,상해없음,승용,여,53세,부상신고
2022041000100150,2022년 4월 10일 12시,일요일,경상남도 거제시 수월동,경상사고,0,0,2,0,차대차 - 기타,안전거리미확보,건조,맑음,단일로 - 기타,승용,남,31세,상해없음,승용,여,43세,경상
2022041000100182,2022년 4월 10일 13시,일요일,경상남도 함안군 칠원읍,경상사고,0,0,1,0,차대차 - 측면충돌,직진우회전진행방해,건조,맑음,교차로 - 교차로안,승용,남,55세,상해없음,승용,여,44세,경상
2022041000100222,2022년 4월 10일 14시,일요일,경상남도 김해시 어방동,경상사고,0,0,1,0,차대차 - 측면충돌,신호위반,건조,맑음,교차로 - 교차로안,승용,남,55세,상해없음,승용,남,47세,경상
2022041000100223,2022년 4월 10일 14시,일요일,경상남도 김해시 무계동,경상사고,0,0,1,0,차대차 - 기타,안전운전불이행,건조,맑음,교차로 - 교차로안,승용,여,52세,상해없음,승용,여,35세,상해없음
2022041000100253,2022년 4월 10일 15시,일요일,경상남도 창녕군 도천면,중상사고,0,1,0,0,차대차 - 측면충돌,직진우회전진행방해,건조,맑음,교차로 - 교차로부근,이륜,남,81세,중상,건설기계,남,58세,상해없음
2022041000100254,2022년 4월 10일 15시,일요일,경상남도 고성군 동해면,경상사고,0,0,7,0,차대차 - 정면충돌,중앙선침범,건조,맑음,단일로 - 기타,승용,남,55세,경상,승합,여,58세,경상