사고번호,사고일시,요일,시군구,사고내용,사망자수,중상자수,경상자수,부상신고자수,사고유형,법규위반,노면상태,기상상태,도로형태,가해운전자 차종,가해운전자 성별,가해운전자 연령,가해운전자 상해정도,피해운전자 차종,피해운전자 성별,피해운전자 연령,피해운전자 상해정도
2022041000100255,2022년 4월 10일 15시,일요일,경상남도 산청군 단성면,경상사고,0,0,1,0,차대차 - 추돌,안전운전불이행,건조,맑음,단일로 - 기타,화물,남,54세,상해없음,승용,남,59세,경상
2022041000100292,2022년 4월 10일 16시,일요일,경상남도 밀양시 상남면,경상사고,0,0,1,0,차대차 - 정면충돌,안전운전불이행,건조,맑음,단일로 - 기타,승용,남,57세,상해없음,승용,남,31세,경상
2022041000100293,2022년 4월 10일 16시,일요일,경상남도 김해시 율하동,경상사고,0,0,1,0,차대차 - 추돌,안전운전불이행,건조,맑음,단일로 - 기타,이륜,남,44세,경상,승용,남,43세,상해없음
2022041000100325,2022년 4월 10일 17시,일요일,경상남도 사천시 대방동,경상사고,0,0,2,0,차대차 - 측면충돌,교차로운행방법위반,건조,맑음,교차로 - 교차로안,승용,여,36세,상해없음,승용,여,50세,경상
2022041000100326,2022년 4월 10일 17시,일요일,경상남도 양산시 중부동,부상신고사고,0,0,0,1,차대사람 - 보도통행중,안전운전불이행,건조,맑음,기타 - 기타,자전거,기타불명,미분류,기타불명,보행자,남,61세,부상신고
2022041000100352,2022년 4월 10일 18시,일요일,경상남도 창원시 마산합포구 신포동2가,경상사고,0,0,2,0,차대차 - 측면충돌,직진우회전진행방해,건조,맑음,교차로 - 교차로안,이륜,남,35세,상해없음,화물,남,56세,경상
2022041000100370,2022년 4월 10일 19시,일요일,경상남도 사천시 사천읍,중상사고,0,1,0,0,차대차 - 측면충돌,신호위반,건조,맑음,교차로 - 교차로안,이륜,남,17세,중상,승용,남,61세,상해없음
2022041000100395,2022년 4월 10일 20시,일요일,경상남도 사천시 사천읍,중상사고,0,1,0,0,차대사람 - 기타,안전운전불이행,건조,맑음,교차로 - 교차로안,승용,남,42세,상해없음,보행자,여,60세,중상
2022041000100396,2022년 4월 10일 20시,일요일,경상남도 김해시 진영읍,사망사고,1,0,0,0,차대사람 - 횡단중,안전운전불이행,건조,맑음,단일로 - 기타,승용,남,54세,상해없음,보행자,여,61세,사망
2022041000100417,2022년 4월 10일 21시,일요일,경상남도 진주시 호탄동,중상사고,0,1,0,0,차대사람 - 기타,안전운전불이행,건조,맑음,단일로 - 기타,승용,남,54세,상해없음,보행자,여,38세,중상
2022041100100018,2022년 4월 11일 02시,월요일,경상남도 창녕군 남지읍,경상사고,0,0,1,0,차대차 - 측면충돌,신호위반,기타,기타,교차로 - 교차로안,승용,여,56세,상해없음,화물,남,36세,경상
2022041100100042,2022년 4월 11일 06시,월요일,경상남도 창원시 의창구 동읍,경상사고,0,0,1,0,차대차 - 측면충돌,안전운전불이행,건조,맑음,단일로 - 기타,화물,남,61세,상해없음,승용,남,62세,경상
2022041100100104,2022년 4월 11일 08시,월요일,경상남도 창원시 진해구 여좌동,중상사고,0,1,0,0,차대사람 - 기타,안전운전불이행,건조,맑음,단일로 - 기타,승합,남,31세,상해없음,보행자,여,70세,중상
2022041100100130,2022년 4월 11일 09시,월요일,경상남도 양산시 산막동,경상사고,0,0,1,0,차대차 - 측면충돌,기타,건조,맑음,단일로 - 기타,화물,남,67세,상해없음,승용,남,41세,경상
2022041100100141,2022년 4월 11일 09시,월요일,경상남도 함안군 대산면,중상사고,0,1,0,0,차대차 - 측면충돌,안전운전불이행,건조,맑음,기타 - 기타,화물,남,64세,상해없음,이륜,남,75세,중상
2022041100100142,2022년 4월 11일 09시,월요일,경상남도 창원시 의창구 삼동동,중상사고,0,1,0,0,차대사람 - 차도통행중,안전운전불이행,건조,맑음,단일로 - 기타,승용,여,52세,상해없음,보행자,여,79세,중상
2022041100100143,2022년 4월 11일 09시,월요일,경상남도 창원시 마산회원구 내서읍,경상사고,0,0,1,0,차대차 - 기타,안전운전불이행,건조,맑음,단일로 - 기타,승용,남,13세,상해없음,승용,여,48세,경상
2022041100100182,2022년 4월 11일 10시,월요일,경상남도 사천시 벌리동,경상사고,0,0,1,0,차대차 - 측면충돌,안전운전불이행,건조,맑음,교차로 - 교차로안,승용,남,70세,상해없음,화물,남,64세,경상
2022041100100183,2022년 4월 11일 10시,월요일,경상남도 양산시 평산동,경상사고,0,0,2,0,차대차 - 기타,안전거리미확보,건조,맑음,단일로 - 기타,승용,여,39세,경상,승용,여,63세,경상
2022041100100184,2022년 4월 11일 10시,월요일,경상남도 창원시 마산회원구 석전동,경상사고,0,0,1,0,차대차 - 기타,안전운전불이행,건조,맑음,단일로 - 기타,승용,남,13세,상해없음,특수,남,29세,경상
2022041100100185,2022년 4월 11일 10시,월요일,경상남도 창원시 의창구 봉곡동,경상사고,0,0,1,0,차대사람 - 차도통행중,안전운전불이행,건조,맑음,교차로 - 교차로부근,승용,남,53세,상해없음,보행자,여,71세,경상
2022041100100186,2022년 4월 11일 10시,월요일,경상남도 김해시 전하동,경상사고,0,0,2,0,차대차 - 측면충돌,직진우회전진행방해,건조,흐림,교차로 - 교차로안,화물,남,34세,상해없음,화물,남,43세,경상
2022041100100210,2022년 4월 11일 11시,월요일,경상남도 창원시 마산회원구 합성동,중상사고,0,1,0,0,차대사람 - 횡단중,보행자보호의무위반,건조,맑음,교차로 - 교차로횡단보도내,승용,여,40세,상해없음,보행자,여,48세,중상
2022041100100244,2022년 4월 11일 12시,월요일,경상남도 창원시 진해구 북부동,경상사고,0,0,2,0,차대차 - 기타,교차로운행방법위반,건조,맑음,교차로 - 교차로안,승용,남,45세,경상,화물,남,61세,경상
2022041100100245,2022년 4월 11일 12시,월요일,경상남도 통영시 북신동,중상사고,0,1,0,0,차대사람 - 기타,안전운전불이행,건조,맑음,단일로 - 기타,승합,남,51세,상해없음,보행자,여,83세,중상
2022041100100280,2022년 4월 11일 13시,월요일,경상남도 양산시 동면,중상사고,0,1,0,0,차대사람 - 횡단중,안전운전불이행,건조,맑음,단일로 - 기타,화물,남,62세,상해없음,보행자,남,68세,중상
2022041100100308,2022년 4월 11일 14시,월요일,경상남도 진주시 평거동,중상사고,0,1,0,0,차대사람 - 기타,안전운전불이행,건조,맑음,기타 - 기타,승용,남,63세,상해없음,보행자,여,83세,중상
2022041100100309,2022년 4월 11일 14시,월요일,경상남도 밀양시 삼문동,경상사고,0,0,1,0,차대차 - 측면충돌,신호위반,건조,맑음,교차로 - 교차로안,승용,여,59세,상해없음,승용,여,27세,경상
2022041100100310,2022년 4월 11일 14시,월요일,경상남도 양산시 중부동,경상사고,0,0,1,0,차대차 - 측면충돌,안전운전불이행,건조,맑음,교차로 - 교차로안,승용,남,43세,상해없음,사륜오토바이(ATV),남,80세,경상
2022041100100311,2022년 4월 11일 14시,월요일,경상남도 양산시 상북면,부상신고사고,0,0,0,1,차대차 - 측면충돌,안전운전불이행,건조,맑음,단일로 - 기타,승용,여,67세,부상신고,화물,남,58세,상해없음
2022041100100312,2022년 4월 11일 14시,월요일,경상남도 창원시 의창구 팔용동,경상사고,0,0,1,0,차대차 - 기타,안전운전불이행,건조,맑음,기타 - 기타,승용,남,35세,기타불명,화물,남,61세,경상
2022041100100349,2022년 4월 11일 15시,월요일,경상남도 창원시 마산합포구 상남동,경상사고,0,0,2,0,차대차 - 측면충돌,교차로운행방법위반,건조,맑음,교차로 - 교차로안,원동기,남,79세,기타불명,승용,여,38세,경상
2022041100100350,2022년 4월 11일 15시,월요일,경상남도 양산시 덕계동,경상사고,0,0,1,0,차대차 - 측면충돌,안전운전불이행,건조,흐림,단일로 - 기타,화물,남,40세,상해없음,승용,남,27세,경상
2022041100100351,2022년 4월 11일 15시,월요일,경상남도 창원시 성산구 남산동,경상사고,0,0,1,0,차대차 - 추돌,안전운전불이행,건조,맑음,단일로 - 기타,승용,남,25세,상해없음,승용,남,32세,경상
2022041100100386,2022년 4월 11일 16시,월요일,경상남도 김해시 내동,경상사고,0,0,1,0,차대차 - 추돌,안전운전불이행,건조,맑음,교차로 - 교차로부근,화물,남,65세,상해없음,승합,남,38세,경상
2022041100100387,2022년 4월 11일 16시,월요일,경상남도 함양군 휴천면,중상사고,0,1,0,0,차량단독 - 도로외이탈 - 기타,안전운전불이행,건조,맑음,기타 - 기타,화물,남,80세,상해없음,,,,
2022041100100388,2022년 4월 11일 16시,월요일,경상남도 김해시 진영읍,경상사고,0,0,1,0,차대차 - 측면충돌,교차로운행방법위반,건조,맑음,단일로 - 기타,승용,남,60세,상해없음,이륜,남,51세,경상
2022041100100433,2022년 4월 11일 17시,월요일,경상남도 사천시 동동,경상사고,0,0,2,0,차대차 - 측면충돌,직진우회전진행방해,건조,맑음,교차로 - 교차로안,승용,여,62세,상해없음,승용,남,30세,경상
2022041100100434,2022년 4월 11일 17시,월요일,경상남도 거제시 일운면,중상사고,0,1,0,0,차대사람 - 횡단중,보행자보호의무위반,건조,맑음,교차로 - 교차로횡단보도내,화물,남,41세,상해없음,보행자,여,67세,중상
2022041100100435,2022년 4월 11일 17시,월요일,경상남도 거제시 장평동,경상사고,0,0,1,0,차대차 - 측면충돌,직진우회전진행방해,건조,맑음,교차로 - 교차로안,승용,여,58세,경상,화물,남,38세,상해없음
2022041100100470,2022년 4월 11일 18시,월요일,경상남도 창원시 진해구 용원동,중상사고,0,1,0,0,차대차 - 기타,직진우회전진행방해,건조,맑음,교차로 - 교차로안,승용,여,22세,상해없음,원동기,남,43세,중상
2022041100100471,2022년 4월 11일 18시,월요일,경상남도 김해시 삼계동,중상사고,0,1,0,0,차대차 - 추돌,안전거리미확보,건조,맑음,교차로 - 교차로부근,승용,남,52세,상해없음,승용,남,45세,중상
2022041100100472,2022년 4월 11일 18시,월요일,경상남도 함양군 함양읍,경상사고,0,0,1,0,차대차 - 기타,안전운전불이행,건조,맑음,단일로 - 기타,이륜,남,41세,경상,승용,남,56세,상해없음
2022041100100504,2022년 4월 11일 19시,월요일,경상남도 진주시 충무공동,중상사고,0,1,0,0,차대차 - 측면충돌,안전운전불이행,건조,맑음,단일로 - 기타,승용,남,45세,상해없음,이륜,남,35세,중상
2022041100100505,2022년 4월 11일 19시,월요일,경상남도 김해시 불암동,경상사고,0,0,1,0,차대차 - 기타,안전운전불이행,건조,맑음,교차로 - 교차로부근,승용,남,39세,상해없음,개인형이동수단(PM),남,38세,경상
2022041100100506,2022년 4월 11일 19시,월요일,경상남도 창원시 마산회원구 양덕동,경상사고,0,0,1,0,차대사람 - 기타,안전운전불이행,건조,맑음,기타 - 기타,승합,남,68세,상해없음,보행자,남,58세,경상
2022041100100537,2022년 4월 11일 20시,월요일,경상남도 김해시 한림면,중상사고,0,1,3,0,차대차 - 측면충돌,직진우회전진행방해,건조,맑음,교차로 - 교차로안,승용,남,57세,상해없음,승용,남,71세,중상
2022041100100538,2022년 4월 11일 20시,월요일,경상남도 김해시 주촌면,경상사고,0,0,1,0,차대차 - 기타,기타,건조,맑음,단일로 - 기타,화물,남,62세,상해없음,승용,남,49세,경상
2022041100100567,2022년 4월 11일 21시,월요일,경상남도 밀양시 삼문동,경상사고,0,0,1,0,차대차 - 측면충돌,신호위반,건조,맑음,단일로 - 기타,승용,여,21세,상해없음,자전거,남,11세,경상
2022041100100575,2022년 4월 11일 22시,월요일,경상남도 김해시 부곡동,경상사고,0,0,1,0,차대차 - 추돌,안전운전불이행,건조,맑음,단일로 - 기타,승용,남,40세,상해없음,승용,남,23세,경상
2022041100100599,2022년 4월 11일 23시,월요일,경상남도 밀양시 내일동,경상사고,0,0,1,0,차대차 - 추돌,안전운전불이행,건조,흐림,단일로 - 기타,승용,남,50세,경상,화물,남,63세,기타불명
2022041200100074,2022년 4월 12일 07시,화요일,경상남도 진주시 평거동,경상사고,0,0,1,0,차대사람 - 차도통행중,안전운전불이행,건조,맑음,교차로 - 교차로안,승합,남,56세,상해없음,보행자,여,55세,경상
2022041200100075,2022년 4월 12일 07시,화요일,경상남도 합천군 용주면,경상사고,0,0,1,0,차량단독 - 도로외이탈 - 추락,안전운전불이행,건조,맑음,단일로 - 기타,승용,남,55세,경상,,,,
2022041200100076,2022년 4월 12일 07시,화요일,경상남도 거제시 옥포동,경상사고,0,0,1,0,차대차 - 정면충돌,교차로운행방법위반,건조,맑음,교차로 - 교차로안,승용,남,29세,상해없음,이륜,여,25세,경상
2022041200100107,2022년 4월 12일 08시,화요일,경상남도 김해시 삼방동,경상사고,0,0,1,0,차대차 - 측면충돌,안전운전불이행,건조,맑음,교차로 - 교차로안,승용,남,46세,상해없음,이륜,여,63세,경상
2022041200100108,2022년 4월 12일 08시,화요일,경상남도 창원시 의창구 소계동,경상사고,0,0,1,0,차대차 - 기타,안전운전불이행,건조,맑음,교차로 - 교차로안,승용,남,77세,상해없음,승용,여,42세,경상
2022041200100141,2022년 4월 12일 09시,화요일,경상남도 양산시 상북면,중상사고,0,1,1,0,차대차 - 추돌,안전거리미확보,건조,맑음,단일로 - 터널,화물,남,56세,상해없음,화물,남,65세,경상
2022041200100142,2022년 4월 12일 09시,화요일,경상남도 고성군 고성읍,경상사고,0,0,1,0,차대차 - 기타,차로위반,건조,맑음,단일로 - 기타,승용,남,53세,상해없음,승용,여,55세,경상
2022041200100175,2022년 4월 12일 10시,화요일,경상남도 창원시 진해구 이동,경상사고,0,0,1,0,차대차 - 정면충돌,직진우회전진행방해,건조,맑음,교차로 - 교차로안,승용,여,58세,상해없음,승용,여,44세,경상
2022041200100176,2022년 4월 12일 10시,화요일,경상남도 창녕군 창녕읍,중상사고,0,1,1,0,차대차 - 측면충돌,안전운전불이행,건조,맑음,단일로 - 기타,이륜,남,74세,중상,화물,남,45세,경상
2022041200100207,2022년 4월 12일 11시,화요일,경상남도 양산시 동면,경상사고,0,0,1,0,차대차 - 기타,안전운전불이행,건조,맑음,단일로 - 기타,승용,여,32세,상해없음,승용,남,70세,경상
2022041200100255,2022년 4월 12일 13시,화요일,경상남도 통영시 중앙동,중상사고,0,1,0,0,차대사람 - 횡단중,보행자보호의무위반,건조,맑음,교차로 - 교차로안,승용,남,58세,상해없음,보행자,여,69세,중상
2022041200100256,2022년 4월 12일 13시,화요일,경상남도 사천시 사남면,경상사고,0,0,1,0,차대차 - 추돌,안전운전불이행,건조,맑음,교차로 - 교차로부근,승용,남,68세,상해없음,승용,남,56세,경상
2022041200100257,2022년 4월 12일 13시,화요일,경상남도 함양군 함양읍,중상사고,0,1,0,0,차대차 - 측면충돌,교차로운행방법위반,건조,맑음,교차로 - 교차로안,승용,남,79세,상해없음,이륜,남,76세,중상
2022041200100394,2022년 4월 12일 17시,화요일,경상남도 통영시 무전동,중상사고,0,1,0,0,차대차 - 측면충돌,안전운전불이행,건조,맑음,기타 - 기타,승용,여,26세,상해없음,이륜,남,71세,중상
2022041200100434,2022년 4월 12일 18시,화요일,경상남도 산청군 신안면,경상사고,0,0,2,0,차대차 - 추돌,안전운전불이행,건조,맑음,단일로 - 기타,승용,남,25세,상해없음,승용,남,44세,경상
2022041200100495,2022년 4월 12일 20시,화요일,경상남도 창원시 진해구 자은동,중상사고,0,1,0,0,차대차 - 기타,신호위반,건조,맑음,교차로 - 교차로안,승용,남,75세,상해없음,이륜,남,45세,중상
2022041200100496,2022년 4월 12일 20시,화요일,경상남도 합천군 대병면,중상사고,0,1,1,0,차대차 - 측면충돌,안전운전불이행,건조,맑음,단일로 - 기타,승용,남,78세,중상,승용,남,30세,경상
2022041200100497,2022년 4월 12일 20시,화요일,경상남도 창원시 의창구 봉곡동,경상사고,0,0,1,0,차대차 - 기타,안전운전불이행,건조,맑음,단일로 - 기타,승합,남,42세,상해없음,이륜,남,36세,경상
2022041200100498,2022년 4월 12일 20시,화요일,경상남도 김해시 주촌면,경상사고,0,0,1,1,차대차 - 측면충돌,안전운전불이행,건조,맑음,기타 - 기타,승용,남,36세,부상신고,승용,남,28세,경상
2022041200100521,2022년 4월 12일 21시,화요일,경상남도 함안군 산인면,경상사고,0,0,1,0,차대차 - 측면충돌,중앙선침범,건조,맑음,단일로 - 기타,승용,여,65세,상해없음,승용,남,43세,경상
2022041300100042,2022년 4월 13일 06시,수요일,경상남도 김해시 어방동,경상사고,0,0,1,0,차대차 - 측면충돌,안전거리미확보,건조,맑음,단일로 - 기타,승합,남,60세,상해없음,승용,남,49세,경상
2022041300100043,2022년 4월 13일 06시,수요일,경상남도 함안군 칠원읍,경상사고,0,0,1,0,차대차 - 추돌,신호위반,건조,맑음,교차로 - 교차로부근,승용,여,67세,상해없음,승용,남,31세,경상
2022041300100044,2022년 4월 13일 06시,수요일,경상남도 창원시 의창구 소답동,사망사고,1,0,0,0,차량단독 - 기타,안전운전불이행,건조,맑음,교차로 - 교차로안,이륜,남,22세,사망,,,,
2022041300100103,2022년 4월 13일 08시,수요일,경상남도 사천시 용현면,중상사고,0,1,0,0,차대사람 - 횡단중,보행자보호의무위반,건조,맑음,단일로 - 기타,승용,여,53세,기타불명,보행자,여,12세,중상
2022041300100104,2022년 4월 13일 08시,수요일,경상남도 김해시 삼계동,중상사고,0,1,0,0,차대차 - 측면충돌,안전거리미확보,건조,맑음,교차로 - 교차로부근,이륜,남,70세,상해없음,화물,남,42세,상해없음
2022041300100131,2022년 4월 13일 09시,수요일,경상남도 김해시 구산동,중상사고,0,1,0,0,차대차 - 정면충돌,안전운전불이행,건조,흐림,단일로 - 기타,화물,남,45세,상해없음,이륜,남,56세,중상
2022041300100132,2022년 4월 13일 09시,수요일,경상남도 함양군 안의면,중상사고,0,2,0,0,차대차 - 측면충돌,신호위반,건조,맑음,교차로 - 교차로안,화물,남,35세,중상,화물,남,71세,중상
2022041300100151,2022년 4월 13일 10시,수요일,경상남도 밀양시 상동면,경상사고,0,0,1,0,차대차 - 측면충돌,신호위반,건조,맑음,교차로 - 교차로안,승용,남,51세,상해없음,이륜,남,91세,경상
2022041300100152,2022년 4월 13일 10시,수요일,경상남도 김해시 삼방동,중상사고,0,1,0,0,차대사람 - 횡단중,보행자보호의무위반,건조,흐림,교차로 - 교차로횡단보도내,화물,남,63세,상해없음,보행자,남,71세,중상
2022041300100153,2022년 4월 13일 10시,수요일,경상남도 거제시 연초면,중상사고,0,1,0,0,차대차 - 측면충돌,안전운전불이행,건조,맑음,단일로 - 기타,승용,남,76세,상해없음,이륜,남,33세,중상
2022041300100154,2022년 4월 13일 10시,수요일,경상남도 창원시 마산회원구 합성동,경상사고,0,0,1,0,차대차 - 정면충돌,신호위반,건조,맑음,교차로 - 교차로안,승용,남,31세,상해없음,승용,남,35세,경상
2022041300100178,2022년 4월 13일 11시,수요일,경상남도 함양군 지곡면,부상신고사고,0,0,0,1,차량단독 - 전도전복 - 전도,안전운전불이행,건조,맑음,단일로 - 기타,특수,남,50세,부상신고,,,,
2022041300100179,2022년 4월 13일 11시,수요일,경상남도 남해군 삼동면,경상사고,0,0,1,0,차대차 - 측면충돌,안전운전불이행,건조,맑음,단일로 - 기타,승용,여,52세,상해없음,화물,남,71세,상해없음
2022041300100240,2022년 4월 13일 13시,수요일,경상남도 통영시 광도면,경상사고,0,0,2,0,차대차 - 정면충돌,안전운전불이행,건조,맑음,교차로 - 교차로부근,승용,남,58세,상해없음,승용,남,67세,경상
2022041300100256,2022년 4월 13일 14시,수요일,경상남도 사천시 정동면,경상사고,0,0,2,0,차대차 - 측면충돌,안전운전불이행,건조,맑음,단일로 - 기타,승용,여,63세,상해없음,승용,남,37세,경상
2022041300100283,2022년 4월 13일 15시,수요일,경상남도 창원시 마산합포구 완월동,부상신고사고,0,0,0,1,차대사람 - 보도통행중,안전운전불이행,건조,맑음,단일로 - 기타,원동기,남,13세,상해없음,보행자,여,14세,부상신고
2022041300100284,2022년 4월 13일 15시,수요일,경상남도 김해시 어방동,경상사고,0,0,1,0,차량단독 - 기타,기타,건조,맑음,단일로 - 기타,승합,남,48세,상해없음,,,,
2022041300100285,2022년 4월 13일 15시,수요일,경상남도 합천군 합천읍,중상사고,0,1,0,0,차대사람 - 길가장자리구역통행중,안전운전불이행,건조,맑음,교차로 - 교차로부근,승용,여,67세,상해없음,보행자,여,68세,중상
2022041300100286,2022년 4월 13일 15시,수요일,경상남도 산청군 산청읍,중상사고,0,1,1,0,차대차 - 기타,교차로운행방법위반,젖음/습기,비,교차로 - 교차로안,이륜,남,80세,중상,화물,남,69세,경상
2022041300100363,2022년 4월 13일 17시,수요일,경상남도 김해시 삼계동,경상사고,0,0,1,0,차대차 - 추돌,안전운전불이행,건조,흐림,교차로 - 교차로안,승용,남,71세,상해없음,승용,남,53세,경상
2022041300100364,2022년 4월 13일 17시,수요일,경상남도 거제시 고현동,경상사고,0,0,1,0,차대사람 - 횡단중,안전운전불이행,건조,맑음,교차로 - 교차로부근,승용,남,37세,상해없음,보행자,남,9세,경상
2022041300100401,2022년 4월 13일 18시,수요일,경상남도 김해시 대동면,경상사고,0,0,1,0,차대차 - 측면충돌,안전운전불이행,건조,맑음,단일로 - 기타,승용,남,64세,상해없음,승용,남,30세,경상
2022041300100402,2022년 4월 13일 18시,수요일,경상남도 창원시 성산구 상남동,경상사고,0,0,2,0,차대차 - 측면충돌,신호위반,건조,맑음,교차로 - 교차로안,승합,남,68세,상해없음,승합,남,52세,상해없음
2022041300100441,2022년 4월 13일 19시,수요일,경상남도 거창군 거창읍,중상사고,0,1,0,0,차대사람 - 횡단중,신호위반,젖음/습기,비,교차로 - 교차로횡단보도내,이륜,남,24세,상해없음,보행자,남,45세,중상
2022041300100477,2022년 4월 13일 20시,수요일,경상남도 김해시 동상동,경상사고,0,0,2,0,차대차 - 측면충돌,안전거리미확보,건조,맑음,교차로 - 교차로부근,승용,여,60세,상해없음,승용,여,57세,경상
2022041300100518,2022년 4월 13일 21시,수요일,경상남도 진주시 주약동,경상사고,0,0,1,0,차대차 - 측면충돌,신호위반,건조,맑음,교차로 - 교차로안,승용,여,29세,상해없음,승용,여,58세,경상
2022041300100519,2022년 4월 13일 21시,수요일,경상남도 양산시 삼호동,경상사고,0,0,1,0,차대차 - 기타,직진우회전진행방해,건조,맑음,교차로 - 교차로안,승용,남,22세,상해없음,이륜,여,39세,경상
2022041300100520,2022년 4월 13일 21시,수요일,경상남도 김해시 흥동,경상사고,0,0,1,0,차대차 - 측면충돌,차로위반,건조,맑음,단일로 - 기타,승용,여,42세,상해없음,승용,남,34세,경상
2022041300100543,2022년 4월 13일 22시,수요일,경상남도 통영시 무전동,경상사고,0,0,1,0,차대차 - 측면충돌,안전운전불이행,건조,맑음,교차로 - 교차로안,이륜,남,39세,상해없음,이륜,남,27세,경상
2022041400100071,2022년 4월 14일 07시,목요일,경상남도 양산시 신기동,경상사고,0,0,1,0,차대차 - 측면충돌,안전운전불이행,건조,맑음,기타 - 기타,이륜,남,32세,경상,승용,남,31세,상해없음
2022041400100072,2022년 4월 14일 07시,목요일,경상남도 양산시 주진동,경상사고,0,0,1,1,차대차 - 기타,신호위반,젖음/습기,비,교차로 - 교차로안,승용,여,58세,부상신고,승용,여,50세,경상
2022041400100106,2022년 4월 14일 08시,목요일,경상남도 창원시 마산합포구 상남동,중상사고,0,1,0,0,차대사람 - 보도통행중,보행자보호의무위반,건조,맑음,교차로 - 교차로횡단보도내,화물,남,53세,상해없음,보행자,여,8세,중상
2022041400100132,2022년 4월 14일 09시,목요일,경상남도 통영시 미수동,경상사고,0,0,1,0,차대차 - 측면충돌,안전거리미확보,건조,맑음,단일로 - 기타,승용,남,74세,상해없음,승용,여,50세,경상
2022041400100214,2022년 4월 14일 12시,목요일,경상남도 통영시 광도면,경상사고,0,0,1,0,차대차 - 추돌,안전운전불이행,건조,맑음,교차로 - 교차로부근,승용,남,75세,상해없음,승용,여,41세,경상
2022041400100279,2022년 4월 14일 14시,목요일,경상남도 진주시 문산읍,경상사고,0,0,2,0,차량단독 - 공작물충돌,안전운전불이행,건조,맑음,단일로 - 기타,승용,남,21세,상해없음,,,,
2022041400100280,2022년 4월 14일 14시,목요일,경상남도 창원시 진해구 석동,경상사고,0,0,1,0,차대차 - 측면충돌,직진우회전진행방해,건조,맑음,교차로 - 교차로부근,승용,여,68세,상해없음,원동기,남,16세,경상
2022041400100282,2022년 4월 14일 14시,목요일,경상남도 밀양시 무안면,경상사고,0,0,3,1,차대차 - 측면충돌,교차로운행방법위반,건조,맑음,교차로 - 교차로안,승용,남,72세,경상,승합,남,48세,경상
2022041400100283,2022년 4월 14일 14시,목요일,경상남도 창원시 의창구 팔용동,경상사고,0,0,2,0,차대차 - 측면충돌,차로위반,건조,맑음,단일로 - 기타,승용,여,53세,경상,승용,여,50세,경상
2022041400100284,2022년 4월 14일 14시,목요일,경상남도 김해시 진영읍,중상사고,0,2,0,0,차대차 - 측면충돌,신호위반,건조,맑음,교차로 - 교차로안,화물,남,64세,상해없음,화물,남,77세,중상
2022041400100376,2022년 4월 14일 17시,목요일,경상남도 창원시 마산합포구 신월동,경상사고,0,0,1,0,차대사람 - 횡단중,안전운전불이행,건조,맑음,단일로 - 기타,승용,남,35세,상해없음,보행자,남,16세,경상
2022041400100377,2022년 4월 14일 17시,목요일,경상남도 진주시 초전동,경상사고,0,0,1,0,차대사람 - 횡단중,신호위반,건조,맑음,단일로 - 기타,승용,여,49세,상해없음,보행자,여,62세,경상
2022041400100378,2022년 4월 14일 17시,목요일,경상남도 창원시 진해구 남문동,경상사고,0,0,2,0,차대차 - 측면충돌,신호위반,건조,맑음,교차로 - 교차로안,특수,남,56세,경상,특수,남,42세,경상
2022041400100379,2022년 4월 14일 17시,목요일,경상남도 창원시 성산구 사파동,경상사고,0,0,1,0,차대차 - 측면충돌,교차로운행방법위반,건조,맑음,단일로 - 기타,승용,남,63세,상해없음,승용,여,54세,경상
2022041400100410,2022년 4월 14일 18시,목요일,경상남도 거창군 거창읍,경상사고,0,0,1,0,차대차 - 측면충돌,직진우회전진행방해,건조,맑음,교차로 - 교차로안,승용,여,64세,상해없음,승용,여,55세,경상
2022041400100446,2022년 4월 14일 19시,목요일,경상남도 김해시 신문동,중상사고,0,2,0,0,차대차 - 추돌,안전운전불이행,건조,맑음,교차로 - 교차로부근,승용,남,53세,상해없음,승용,여,18세,중상
2022041500100010,2022년 4월 15일 00시,금요일,경상남도 창원시 의창구 명서동,중상사고,0,1,0,0,차대사람 - 기타,안전운전불이행,건조,맑음,단일로 - 기타,승용,남,31세,상해없음,보행자,남,55세,중상
2022041500100040,2022년 4월 15일 06시,금요일,경상남도 거제시 상동동,중상사고,0,1,0,0,차대차 - 측면충돌,신호위반,건조,맑음,교차로 - 교차로안,승용,남,61세,상해없음,이륜,남,55세,중상
2022041500100063,2022년 4월 15일 07시,금요일,경상남도 창원시 마산회원구 합성동,경상사고,0,0,1,0,차대차 - 정면충돌,안전운전불이행,건조,맑음,교차로 - 교차로부근,승용,여,24세,상해없음,승용,남,64세,경상
2022041500100102,2022년 4월 15일 08시,금요일,경상남도 통영시 도산면,경상사고,0,0,1,0,차대차 - 측면충돌,안전운전불이행,건조,흐림,단일로 - 기타,화물,남,57세,상해없음,승용,남,40세,경상
2022041500100144,2022년 4월 15일 09시,금요일,경상남도 양산시 북부동,경상사고,0,0,1,0,차대차 - 측면충돌,안전거리미확보,건조,맑음,단일로 - 기타,승용,남,27세,경상,화물,남,40세,상해없음
2022041500100199,2022년 4월 15일 11시,금요일,경상남도 창원시 마산합포구 남성동,경상사고,0,0,1,0,차대사람 - 차도통행중,안전운전불이행,젖음/습기,맑음,단일로 - 기타,이륜,남,27세,상해없음,보행자,여,48세,경상