사고번호,사고일시,요일,시군구,사고내용,사망자수,중상자수,경상자수,부상신고자수,사고유형,법규위반,노면상태,기상상태,도로형태,가해운전자 차종,가해운전자 성별,가해운전자 연령,가해운전자 상해정도,피해운전자 차종,피해운전자 성별,피해운전자 연령,피해운전자 상해정도
2022041500100200,2022년 4월 15일 11시,금요일,경상남도 김해시 내동,부상신고사고,0,0,0,1,차량단독 - 공작물충돌,안전운전불이행,건조,맑음,단일로 - 기타,승용,남,31세,부상신고,,,,
2022041500100201,2022년 4월 15일 11시,금요일,경상남도 창녕군 창녕읍,중상사고,0,1,0,0,차대차 - 측면충돌,직진우회전진행방해,건조,맑음,교차로 - 교차로안,화물,남,69세,상해없음,원동기,남,80세,중상
2022041500100232,2022년 4월 15일 12시,금요일,경상남도 창원시 진해구 경화동,중상사고,0,1,0,0,차대사람 - 기타,안전운전불이행,건조,맑음,교차로 - 교차로안,승합,남,34세,상해없음,보행자,여,37세,중상
2022041500100233,2022년 4월 15일 12시,금요일,경상남도 양산시 동면,경상사고,0,0,1,0,차대차 - 측면충돌,차로위반,건조,맑음,단일로 - 기타,승용,남,59세,상해없음,승용,남,26세,경상
2022041500100260,2022년 4월 15일 13시,금요일,경상남도 창원시 마산합포구 신포동2가,중상사고,0,1,0,0,차대사람 - 횡단중,안전운전불이행,건조,맑음,교차로 - 교차로부근,이륜,남,16세,상해없음,보행자,여,56세,중상
2022041500100261,2022년 4월 15일 13시,금요일,경상남도 진주시 신안동,중상사고,0,1,0,0,차대차 - 추돌,안전운전불이행,건조,맑음,단일로 - 기타,승용,남,51세,상해없음,이륜,남,47세,중상
2022041500100262,2022년 4월 15일 13시,금요일,경상남도 양산시 하북면,중상사고,0,1,0,0,차대차 - 측면충돌,신호위반,건조,맑음,교차로 - 교차로안,화물,남,55세,상해없음,화물,남,61세,중상
2022041500100263,2022년 4월 15일 13시,금요일,경상남도 양산시 물금읍,부상신고사고,0,0,0,1,차대차 - 후진중충돌,안전운전불이행,건조,맑음,교차로 - 교차로안,화물,남,61세,기타불명,이륜,남,20세,부상신고
2022041500100264,2022년 4월 15일 13시,금요일,경상남도 함안군 대산면,중상사고,0,1,0,0,차량단독 - 공작물충돌,안전운전불이행,건조,맑음,단일로 - 교량,화물,남,77세,중상,,,,
2022041500100335,2022년 4월 15일 15시,금요일,경상남도 거제시 거제면,중상사고,0,3,1,0,차대차 - 정면충돌,교차로운행방법위반,건조,맑음,교차로 - 교차로안,승용,여,38세,상해없음,승합,남,60세,경상
2022041500100424,2022년 4월 15일 17시,금요일,경상남도 사천시 벌리동,경상사고,0,0,1,0,차대차 - 측면충돌,중앙선침범,건조,맑음,단일로 - 교량,승용,여,57세,상해없음,승용,남,58세,상해없음
2022041500100425,2022년 4월 15일 17시,금요일,경상남도 거제시 고현동,경상사고,0,0,1,0,차대차 - 추돌,안전거리미확보,건조,맑음,단일로 - 기타,승합,남,30세,상해없음,승용,여,32세,경상
2022041500100426,2022년 4월 15일 17시,금요일,경상남도 거제시 상동동,경상사고,0,0,1,0,차대차 - 기타,신호위반,건조,맑음,교차로 - 교차로안,승용,여,58세,상해없음,승용,남,35세,경상
2022041500100480,2022년 4월 15일 18시,금요일,경상남도 창원시 진해구 경화동,경상사고,0,0,2,0,차대차 - 측면충돌,직진우회전진행방해,건조,맑음,교차로 - 교차로안,승용,여,28세,상해없음,승용,여,62세,경상
2022041500100481,2022년 4월 15일 18시,금요일,경상남도 남해군 상주면,경상사고,0,0,1,0,차대차 - 측면충돌,안전운전불이행,건조,맑음,단일로 - 기타,사륜오토바이(ATV),여,67세,경상,승용,여,42세,상해없음
2022041500100482,2022년 4월 15일 18시,금요일,경상남도 창원시 의창구 서상동,경상사고,0,0,1,0,차대차 - 측면충돌,안전운전불이행,건조,맑음,교차로 - 교차로안,승용,여,73세,상해없음,이륜,남,39세,경상
2022041500100483,2022년 4월 15일 18시,금요일,경상남도 김해시 율하동,중상사고,0,1,0,0,차대차 - 기타,안전운전불이행,건조,맑음,교차로 - 교차로안,승용,남,41세,상해없음,이륜,남,46세,중상
2022041500100528,2022년 4월 15일 19시,금요일,경상남도 김해시 삼문동,중상사고,0,1,0,0,차대차 - 측면충돌,안전운전불이행,건조,맑음,교차로 - 교차로안,승용,남,34세,상해없음,이륜,남,41세,중상
2022041500100564,2022년 4월 15일 20시,금요일,경상남도 통영시 용남면,경상사고,0,0,1,0,차대차 - 측면충돌,안전거리미확보,건조,맑음,기타 - 기타,화물,남,27세,상해없음,승용,여,28세,경상
2022041500100565,2022년 4월 15일 20시,금요일,경상남도 김해시 외동,중상사고,0,1,0,0,차대차 - 측면충돌,안전운전불이행,건조,맑음,교차로 - 교차로안,개인형이동수단(PM),기타불명,미분류,기타불명,자전거,남,12세,중상
2022041500100566,2022년 4월 15일 20시,금요일,경상남도 거제시 연초면,중상사고,0,1,0,0,차대차 - 추돌,안전운전불이행,건조,맑음,단일로 - 기타,이륜,남,24세,중상,승합,남,71세,상해없음
2022041500100588,2022년 4월 15일 21시,금요일,경상남도 밀양시 삼문동,중상사고,0,1,0,0,차대차 - 측면충돌,안전운전불이행,건조,맑음,교차로 - 교차로안,화물,남,39세,상해없음,자전거,남,64세,중상
2022041500100589,2022년 4월 15일 21시,금요일,경상남도 김해시 내동,중상사고,0,1,0,0,차대사람 - 횡단중,안전운전불이행,건조,맑음,교차로 - 교차로횡단보도내,승용,남,45세,상해없음,보행자,여,42세,중상
2022041500100619,2022년 4월 15일 22시,금요일,경상남도 진주시 정촌면,경상사고,0,0,2,0,차대차 - 기타,안전운전불이행,건조,맑음,교차로 - 교차로안,승용,여,56세,상해없음,승용,남,49세,경상
2022041500100620,2022년 4월 15일 22시,금요일,경상남도 창원시 진해구 용원동,중상사고,0,1,0,0,차대사람 - 횡단중,안전운전불이행,건조,맑음,단일로 - 기타,승용,남,26세,상해없음,보행자,남,55세,중상
2022041500100621,2022년 4월 15일 22시,금요일,경상남도 창원시 성산구 신월동,경상사고,0,0,1,0,차대차 - 추돌,안전운전불이행,건조,맑음,교차로 - 교차로부근,원동기,남,45세,상해없음,승용,남,24세,경상
2022041500100646,2022년 4월 15일 23시,금요일,경상남도 거제시 옥포동,부상신고사고,0,0,0,1,차대차 - 측면충돌,안전운전불이행,건조,맑음,단일로 - 기타,자전거,남,40세,부상신고,화물,남,45세,기타불명
2022041500100647,2022년 4월 15일 23시,금요일,경상남도 거제시 장평동,중상사고,0,1,0,0,차대사람 - 횡단중,안전운전불이행,건조,맑음,교차로 - 교차로안,승용,여,51세,상해없음,보행자,남,46세,중상
2022041600100062,2022년 4월 16일 06시,토요일,경상남도 거제시 장평동,부상신고사고,0,0,0,1,차대차 - 측면충돌,안전운전불이행,건조,맑음,교차로 - 교차로안,이륜,남,34세,기타불명,이륜,남,66세,부상신고
2022041600100106,2022년 4월 16일 09시,토요일,경상남도 창원시 진해구 자은동,경상사고,0,0,1,0,차대차 - 측면충돌,안전거리미확보,건조,맑음,교차로 - 교차로부근,원동기,남,31세,경상,화물,남,51세,상해없음
2022041600100107,2022년 4월 16일 09시,토요일,경상남도 통영시 사량면,중상사고,0,4,0,0,차량단독 - 도로외이탈 - 추락,안전운전불이행,건조,맑음,기타 - 기타,승용,남,73세,상해없음,,,,
2022041600100108,2022년 4월 16일 09시,토요일,경상남도 창원시 의창구 대산면,경상사고,0,0,1,0,차대차 - 측면충돌,신호위반,건조,맑음,교차로 - 교차로안,승용,여,60세,상해없음,승용,여,59세,경상
2022041600100109,2022년 4월 16일 09시,토요일,경상남도 창원시 의창구 명서동,경상사고,0,0,1,0,차대사람 - 횡단중,안전운전불이행,건조,맑음,단일로 - 기타,승용,여,63세,상해없음,보행자,여,53세,경상
2022041600100110,2022년 4월 16일 09시,토요일,경상남도 김해시 부곡동,중상사고,0,1,0,0,차대사람 - 횡단중,안전운전불이행,건조,맑음,교차로 - 교차로횡단보도내,승용,남,43세,상해없음,보행자,남,74세,중상
2022041600100149,2022년 4월 16일 10시,토요일,경상남도 양산시 평산동,경상사고,0,0,1,0,차대사람 - 길가장자리구역통행중,안전운전불이행,건조,맑음,기타 - 기타,승용,남,38세,상해없음,보행자,여,73세,경상
2022041600100150,2022년 4월 16일 10시,토요일,경상남도 산청군 신안면,중상사고,0,1,0,0,차대차 - 정면충돌,안전운전불이행,건조,맑음,주차장 - 주차장,화물,여,63세,상해없음,자전거,남,13세,중상
2022041600100190,2022년 4월 16일 11시,토요일,경상남도 김해시 내동,경상사고,0,0,1,0,차대차 - 측면충돌,교차로운행방법위반,건조,맑음,교차로 - 교차로횡단보도내,승용,여,32세,기타불명,이륜,남,39세,경상
2022041600100229,2022년 4월 16일 12시,토요일,경상남도 창원시 마산합포구 월영동,부상신고사고,0,0,0,1,차대차 - 측면충돌,안전운전불이행,건조,맑음,교차로 - 교차로부근,자전거,남,13세,부상신고,승용,남,60세,상해없음
2022041600100230,2022년 4월 16일 12시,토요일,경상남도 밀양시 삼문동,경상사고,0,0,1,0,차대차 - 측면충돌,교차로운행방법위반,건조,맑음,교차로 - 교차로안,승용,여,39세,상해없음,자전거,남,17세,경상
2022041600100231,2022년 4월 16일 12시,토요일,경상남도 김해시 대동면,경상사고,0,0,3,0,차대차 - 추돌,안전운전불이행,건조,맑음,교차로 - 교차로안,화물,여,61세,상해없음,승용,남,35세,경상
2022041600100232,2022년 4월 16일 12시,토요일,경상남도 거제시 고현동,경상사고,0,0,1,0,차대차 - 측면충돌,안전운전불이행,건조,맑음,단일로 - 기타,승용,여,35세,상해없음,승용,남,32세,경상
2022041600100233,2022년 4월 16일 12시,토요일,경상남도 남해군 고현면,부상신고사고,0,0,0,6,차대차 - 측면충돌,안전운전불이행,건조,맑음,교차로 - 교차로부근,화물,남,78세,부상신고,승용,남,65세,부상신고
2022041600100268,2022년 4월 16일 13시,토요일,경상남도 합천군 대병면,중상사고,0,2,0,0,차량단독 - 전도전복 - 전복,안전운전불이행,건조,맑음,단일로 - 기타,화물,여,68세,중상,,,,
2022041600100269,2022년 4월 16일 13시,토요일,경상남도 합천군 용주면,중상사고,0,2,0,0,차량단독 - 공작물충돌,안전운전불이행,건조,맑음,단일로 - 기타,승용,남,88세,상해없음,,,,
2022041600100270,2022년 4월 16일 13시,토요일,경상남도 창녕군 대합면,중상사고,0,1,0,0,차대차 - 측면충돌,교차로운행방법위반,건조,맑음,교차로 - 교차로안,이륜,남,80세,중상,승용,남,73세,상해없음
2022041600100271,2022년 4월 16일 13시,토요일,경상남도 창원시 의창구 봉곡동,경상사고,0,0,1,0,차대차 - 측면충돌,안전운전불이행,건조,맑음,기타 - 기타,승용,남,31세,상해없음,승용,남,27세,경상
2022041600100320,2022년 4월 16일 14시,토요일,경상남도 밀양시 삼랑진읍,중상사고,0,1,0,0,차량단독 - 기타,안전운전불이행,건조,맑음,단일로 - 기타,승용,남,89세,상해없음,,,,
2022041600100321,2022년 4월 16일 14시,토요일,경상남도 양산시 하북면,경상사고,0,0,1,0,차대사람 - 기타,기타,건조,맑음,단일로 - 기타,화물,남,77세,상해없음,보행자,여,63세,경상
2022041600100322,2022년 4월 16일 14시,토요일,경상남도 거제시 장평동,경상사고,0,0,1,0,차대차 - 추돌,안전운전불이행,건조,맑음,교차로 - 교차로부근,승합,남,62세,상해없음,화물,여,50세,경상
2022041600100323,2022년 4월 16일 14시,토요일,경상남도 창원시 성산구 귀산동,경상사고,0,0,3,0,차대차 - 측면충돌,안전운전불이행,건조,맑음,단일로 - 교량,승용,여,38세,상해없음,승용,여,42세,경상
2022041600100324,2022년 4월 16일 14시,토요일,경상남도 김해시 흥동,중상사고,0,1,0,0,차대사람 - 횡단중,안전운전불이행,건조,맑음,단일로 - 기타,원동기,남,17세,상해없음,보행자,남,74세,중상
2022041600100371,2022년 4월 16일 15시,토요일,경상남도 사천시 동금동,경상사고,0,0,1,0,차대차 - 측면충돌,교차로운행방법위반,건조,맑음,교차로 - 교차로안,승용,남,68세,상해없음,이륜,남,33세,경상
2022041600100372,2022년 4월 16일 15시,토요일,경상남도 양산시 동면,경상사고,0,0,2,0,차대차 - 기타,안전거리미확보,건조,맑음,단일로 - 기타,승용,남,51세,상해없음,승용,여,61세,경상
2022041600100373,2022년 4월 16일 15시,토요일,경상남도 거제시 고현동,경상사고,0,0,2,0,차대차 - 추돌,안전운전불이행,건조,맑음,단일로 - 기타,승용,남,58세,상해없음,승용,여,44세,경상
2022041600100374,2022년 4월 16일 15시,토요일,경상남도 산청군 산청읍,경상사고,0,0,1,0,차대사람 - 기타,안전운전불이행,건조,맑음,기타 - 기타,기타불명,남,84세,상해없음,보행자,여,50세,경상
2022041600100417,2022년 4월 16일 16시,토요일,경상남도 통영시 광도면,중상사고,0,4,1,0,차대차 - 측면충돌,직진우회전진행방해,건조,맑음,교차로 - 교차로안,승용,남,57세,상해없음,화물,남,45세,경상
2022041600100418,2022년 4월 16일 16시,토요일,경상남도 양산시 물금읍,경상사고,0,0,1,0,차대차 - 정면충돌,안전운전불이행,건조,맑음,단일로 - 기타,자전거,남,65세,상해없음,자전거,남,44세,경상
2022041600100467,2022년 4월 16일 17시,토요일,경상남도 창원시 진해구 여좌동,중상사고,0,1,0,0,차대차 - 측면충돌,안전운전불이행,건조,맑음,교차로 - 교차로안,승용,남,80세,상해없음,이륜,남,26세,중상
2022041600100468,2022년 4월 16일 17시,토요일,경상남도 하동군 금남면,경상사고,0,0,1,0,차대사람 - 차도통행중,안전운전불이행,건조,맑음,주차장 - 주차장,승용,남,62세,상해없음,보행자,여,62세,경상
2022041600100469,2022년 4월 16일 17시,토요일,경상남도 거제시 장평동,경상사고,0,0,1,0,차대차 - 측면충돌,교차로운행방법위반,건조,맑음,교차로 - 교차로안,승용,여,37세,상해없음,이륜,남,47세,경상
2022041600100470,2022년 4월 16일 17시,토요일,경상남도 창원시 의창구 동읍,경상사고,0,0,1,0,차대차 - 측면충돌,신호위반,건조,맑음,교차로 - 교차로안,승용,남,61세,상해없음,화물,남,33세,경상
2022041600100503,2022년 4월 16일 18시,토요일,경상남도 창원시 마산합포구 해운동,경상사고,0,0,1,0,차대사람 - 횡단중,보행자보호의무위반,건조,맑음,교차로 - 교차로횡단보도내,승용,남,45세,상해없음,보행자,남,71세,경상
2022041600100504,2022년 4월 16일 18시,토요일,경상남도 김해시 진영읍,부상신고사고,0,0,0,1,차대사람 - 길가장자리구역통행중,안전운전불이행,건조,맑음,단일로 - 기타,승용,남,61세,부상신고,보행자,남,43세,상해없음
2022041600100531,2022년 4월 16일 19시,토요일,경상남도 김해시 진영읍,경상사고,0,0,1,0,차대차 - 기타,안전운전불이행,건조,맑음,교차로 - 교차로부근,기타불명,기타불명,미분류,기타불명,이륜,남,39세,경상
2022041600100586,2022년 4월 16일 21시,토요일,경상남도 김해시 서상동,경상사고,0,0,1,0,차대차 - 측면충돌,신호위반,건조,맑음,교차로 - 교차로안,승용,남,29세,상해없음,승합,남,43세,경상
2022041600100611,2022년 4월 16일 22시,토요일,경상남도 함안군 산인면,중상사고,0,1,0,0,차대차 - 추돌,기타,건조,맑음,기타 - 기타,승용,남,23세,기타불명,승용,남,49세,중상
2022041700100017,2022년 4월 17일 00시,일요일,경상남도 함안군 가야읍,중상사고,0,1,2,0,차대차 - 측면충돌,신호위반,건조,맑음,교차로 - 교차로안,승용,남,59세,중상,승용,여,54세,경상
2022041700100018,2022년 4월 17일 00시,일요일,경상남도 창원시 성산구 가음정동,중상사고,0,1,0,0,차대사람 - 횡단중,안전운전불이행,건조,맑음,교차로 - 교차로안,승용,여,26세,상해없음,보행자,여,44세,중상
2022041700100045,2022년 4월 17일 02시,일요일,경상남도 양산시 중부동,중상사고,0,1,0,0,차대차 - 기타,교차로운행방법위반,건조,맑음,교차로 - 교차로안,승용,여,32세,상해없음,이륜,남,35세,중상
2022041700100053,2022년 4월 17일 04시,일요일,경상남도 창원시 진해구 태백동,사망사고,1,0,0,0,차대사람 - 횡단중,기타,건조,맑음,교차로 - 교차로횡단보도내,승용,남,38세,상해없음,보행자,여,74세,사망
2022041700100082,2022년 4월 17일 08시,일요일,경상남도 거제시 사등면,경상사고,0,0,1,0,차대차 - 측면충돌,교차로운행방법위반,건조,맑음,교차로 - 교차로안,승용,남,77세,상해없음,승용,여,30세,경상
2022041700100116,2022년 4월 17일 10시,일요일,경상남도 김해시 생림면,경상사고,0,0,2,0,차대차 - 추돌,안전운전불이행,건조,맑음,단일로 - 기타,화물,남,65세,상해없음,승용,여,38세,경상
2022041700100128,2022년 4월 17일 10시,일요일,경상남도 김해시 외동,중상사고,0,1,0,0,차대차 - 추돌,안전운전불이행,건조,맑음,단일로 - 기타,승용,여,55세,상해없음,승용,남,65세,중상
2022041700100129,2022년 4월 17일 10시,일요일,경상남도 창녕군 영산면,경상사고,0,0,2,0,차대차 - 측면충돌,안전운전불이행,건조,맑음,교차로 - 교차로안,승용,남,71세,상해없음,승용,남,27세,경상
2022041700100130,2022년 4월 17일 10시,일요일,경상남도 창녕군 남지읍,중상사고,0,1,0,0,차대차 - 추돌,안전운전불이행,건조,맑음,교차로 - 교차로안,이륜,남,51세,중상,승용,남,60세,상해없음
2022041700100153,2022년 4월 17일 11시,일요일,경상남도 창원시 진해구 여좌동,경상사고,0,0,3,0,차대차 - 측면충돌,교차로운행방법위반,건조,맑음,교차로 - 교차로안,승용,여,58세,경상,화물,남,55세,경상
2022041700100154,2022년 4월 17일 11시,일요일,경상남도 양산시 원동면,부상신고사고,0,0,0,1,차대차 - 측면충돌,안전운전불이행,건조,맑음,단일로 - 기타,승용,남,67세,상해없음,자전거,남,36세,부상신고
2022041700100155,2022년 4월 17일 11시,일요일,경상남도 고성군 영오면,중상사고,0,1,0,0,차대차 - 추돌,안전운전불이행,건조,맑음,교차로 - 교차로부근,화물,남,64세,상해없음,이륜,남,84세,중상
2022041700100156,2022년 4월 17일 11시,일요일,경상남도 창원시 성산구 상남동,경상사고,0,0,1,0,차대차 - 측면충돌,안전운전불이행,건조,맑음,교차로 - 교차로안,승용,여,50세,상해없음,원동기,남,37세,경상
2022041700100184,2022년 4월 17일 12시,일요일,경상남도 밀양시 내이동,경상사고,0,0,1,0,차대사람 - 횡단중,안전운전불이행,건조,맑음,단일로 - 기타,승용,여,38세,상해없음,보행자,남,74세,경상
2022041700100185,2022년 4월 17일 12시,일요일,경상남도 창녕군 남지읍,경상사고,0,0,1,0,차대사람 - 보도통행중,안전운전불이행,건조,맑음,단일로 - 기타,승용,남,69세,상해없음,보행자,남,53세,경상
2022041700100186,2022년 4월 17일 12시,일요일,경상남도 창원시 성산구 남양동,중상사고,0,1,0,0,차대사람 - 횡단중,보행자보호의무위반,건조,맑음,교차로 - 교차로안,승용,남,58세,상해없음,보행자,남,26세,중상
2022041700100210,2022년 4월 17일 13시,일요일,경상남도 창녕군 장마면,중상사고,0,3,0,0,차대차 - 측면충돌,안전운전불이행,건조,맑음,교차로 - 교차로안,승용,여,26세,상해없음,승용,남,53세,중상
2022041700100243,2022년 4월 17일 14시,일요일,경상남도 김해시 부원동,경상사고,0,0,1,0,차대차 - 측면충돌,안전운전불이행,건조,맑음,단일로 - 기타,승용,남,62세,상해없음,승용,남,57세,경상
2022041700100244,2022년 4월 17일 14시,일요일,경상남도 함양군 함양읍,경상사고,0,0,4,0,차대차 - 측면충돌,교차로운행방법위반,건조,맑음,교차로 - 교차로안,승용,남,62세,상해없음,승용,남,41세,경상
2022041700100245,2022년 4월 17일 14시,일요일,경상남도 김해시 율하동,경상사고,0,0,1,0,차대차 - 측면충돌,안전운전불이행,건조,맑음,단일로 - 기타,이륜,남,22세,경상,승용,여,58세,상해없음
2022041700100280,2022년 4월 17일 15시,일요일,경상남도 창녕군 도천면,중상사고,0,1,0,0,차대차 - 측면충돌,안전운전불이행,건조,맑음,교차로 - 교차로안,화물,남,41세,상해없음,화물,남,45세,중상
2022041700100281,2022년 4월 17일 15시,일요일,경상남도 김해시 진례면,경상사고,0,0,1,0,차대사람 - 횡단중,안전운전불이행,건조,맑음,교차로 - 교차로부근,승용,남,30세,상해없음,보행자,남,85세,경상
2022041700100309,2022년 4월 17일 16시,일요일,경상남도 통영시 미수동,중상사고,0,1,4,0,차대차 - 측면충돌,신호위반,건조,맑음,교차로 - 교차로안,승합,남,63세,상해없음,승용,남,29세,경상
2022041700100310,2022년 4월 17일 16시,일요일,경상남도 사천시 동금동,경상사고,0,0,3,0,차대차 - 측면충돌,중앙선침범,건조,맑음,단일로 - 교량,승용,여,46세,경상,승용,남,29세,경상
2022041700100311,2022년 4월 17일 16시,일요일,경상남도 양산시 원동면,경상사고,0,0,1,0,차대차 - 측면충돌,안전운전불이행,기타,맑음,단일로 - 기타,자전거,남,24세,상해없음,자전거,남,47세,경상
2022041700100375,2022년 4월 17일 18시,일요일,경상남도 양산시 중부동,부상신고사고,0,0,0,1,차대차 - 추돌,안전운전불이행,건조,맑음,교차로 - 교차로부근,승용,남,64세,상해없음,승용,남,28세,부상신고
2022041700100407,2022년 4월 17일 19시,일요일,경상남도 창원시 진해구 남문동,중상사고,0,1,0,0,차대사람 - 횡단중,안전운전불이행,건조,맑음,교차로 - 교차로부근,승용,남,57세,상해없음,보행자,여,66세,중상
2022041700100408,2022년 4월 17일 19시,일요일,경상남도 거제시 옥포동,부상신고사고,0,0,0,2,차대사람 - 기타,안전운전불이행,건조,맑음,단일로 - 기타,이륜,남,47세,부상신고,보행자,남,57세,부상신고
2022041700100409,2022년 4월 17일 19시,일요일,경상남도 산청군 금서면,중상사고,0,1,0,0,차대차 - 측면충돌,교차로운행방법위반,건조,맑음,교차로 - 교차로안,승용,남,61세,중상,화물,남,56세,상해없음
2022041700100410,2022년 4월 17일 19시,일요일,경상남도 함안군 가야읍,경상사고,0,0,1,0,차대차 - 추돌,안전운전불이행,건조,맑음,교차로 - 교차로안,승용,남,32세,상해없음,승용,남,44세,경상
2022041700100431,2022년 4월 17일 20시,일요일,경상남도 창원시 진해구 경화동,경상사고,0,0,1,0,차대차 - 추돌,안전거리미확보,건조,맑음,교차로 - 교차로안,이륜,남,27세,상해없음,승용,여,44세,경상
2022041700100432,2022년 4월 17일 20시,일요일,경상남도 김해시 내동,경상사고,0,0,1,0,차대차 - 측면충돌,신호위반,건조,맑음,교차로 - 교차로안,승용,여,51세,상해없음,이륜,남,70세,경상
2022041700100433,2022년 4월 17일 20시,일요일,경상남도 창원시 의창구 명서동,경상사고,0,0,1,0,차대사람 - 횡단중,보행자보호의무위반,건조,맑음,교차로 - 교차로횡단보도내,승용,여,30세,상해없음,보행자,남,23세,경상
2022041700100449,2022년 4월 17일 21시,일요일,경상남도 김해시 부원동,경상사고,0,0,1,0,차대차 - 추돌,안전운전불이행,건조,맑음,교차로 - 교차로부근,승용,남,50세,상해없음,이륜,남,36세,경상
2022041700100450,2022년 4월 17일 21시,일요일,경상남도 김해시 풍유동,경상사고,0,0,2,0,차대차 - 측면충돌,신호위반,건조,맑음,교차로 - 교차로부근,승용,남,47세,상해없음,승용,남,35세,경상
2022041700100469,2022년 4월 17일 22시,일요일,경상남도 밀양시 삼랑진읍,경상사고,0,0,1,0,차대차 - 후진중충돌,안전운전불이행,건조,맑음,주차장 - 주차장,승용,남,56세,상해없음,승용,여,44세,경상
2022041700100476,2022년 4월 17일 23시,일요일,경상남도 김해시 내동,경상사고,0,0,2,0,차대차 - 추돌,안전운전불이행,건조,맑음,교차로 - 교차로부근,승용,남,36세,상해없음,승용,남,46세,경상
2022041800100009,2022년 4월 18일 00시,월요일,경상남도 거제시 옥포동,부상신고사고,0,0,0,1,차대사람 - 차도통행중,안전운전불이행,건조,맑음,단일로 - 기타,승용,여,36세,상해없음,보행자,남,37세,부상신고
2022041800100010,2022년 4월 18일 00시,월요일,경상남도 창원시 성산구 반림동,경상사고,0,0,1,0,차대차 - 측면충돌,신호위반,건조,맑음,교차로 - 교차로안,승용,남,57세,상해없음,승용,남,51세,상해없음
2022041800100044,2022년 4월 18일 06시,월요일,경상남도 합천군 용주면,중상사고,0,1,0,0,차대차 - 추돌,안전거리미확보,건조,맑음,교차로 - 교차로부근,건설기계,남,65세,상해없음,승용,여,74세,중상
2022041800100045,2022년 4월 18일 06시,월요일,경상남도 양산시 북부동,경상사고,0,0,1,0,차대차 - 측면충돌,안전운전불이행,건조,맑음,단일로 - 기타,승용,남,60세,상해없음,승용,남,39세,경상
2022041800100046,2022년 4월 18일 06시,월요일,경상남도 양산시 북부동,경상사고,0,0,1,0,차대차 - 정면충돌,중앙선침범,건조,맑음,단일로 - 터널,승용,남,60세,상해없음,승용,남,34세,경상
2022041800100105,2022년 4월 18일 08시,월요일,경상남도 사천시 용현면,경상사고,0,0,1,0,차대차 - 측면충돌,안전운전불이행,건조,맑음,단일로 - 기타,화물,남,61세,상해없음,승용,여,57세,경상
2022041800100106,2022년 4월 18일 08시,월요일,경상남도 김해시 구산동,경상사고,0,0,1,0,차대사람 - 기타,신호위반,건조,맑음,교차로 - 교차로안,승용,여,54세,상해없음,보행자,남,50세,경상
2022041800100136,2022년 4월 18일 09시,월요일,경상남도 창원시 의창구 명서동,경상사고,0,0,1,0,차대차 - 기타,신호위반,건조,맑음,교차로 - 교차로안,승용,여,55세,상해없음,승용,남,41세,경상
2022041800100190,2022년 4월 18일 11시,월요일,경상남도 양산시 삼호동,중상사고,0,1,0,0,차대차 - 측면충돌,안전운전불이행,건조,기타,기타 - 기타,승용,남,73세,상해없음,이륜,남,40세,중상
2022041800100253,2022년 4월 18일 13시,월요일,경상남도 사천시 벌리동,중상사고,0,1,0,0,차대차 - 측면충돌,신호위반,건조,맑음,교차로 - 교차로안,승용,남,65세,상해없음,이륜,남,75세,중상
2022041800100254,2022년 4월 18일 13시,월요일,경상남도 김해시 삼정동,경상사고,0,0,1,0,차대사람 - 횡단중,보행자보호의무위반,건조,맑음,교차로 - 교차로횡단보도내,이륜,남,35세,상해없음,보행자,여,7세,경상
2022041800100255,2022년 4월 18일 13시,월요일,경상남도 합천군 묘산면,사망사고,1,2,0,0,차대사람 - 길가장자리구역통행중,신호위반,건조,맑음,교차로 - 교차로부근,승용,여,62세,상해없음,보행자,남,86세,사망
2022041800100256,2022년 4월 18일 13시,월요일,경상남도 사천시 곤양면,경상사고,0,0,1,0,차대차 - 측면충돌,안전거리미확보,건조,맑음,단일로 - 기타,화물,남,62세,상해없음,승용,여,42세,경상
2022041800100298,2022년 4월 18일 14시,월요일,경상남도 창원시 마산합포구 남성동,부상신고사고,0,0,0,1,차대사람 - 횡단중,안전운전불이행,건조,맑음,단일로 - 기타,승용,남,45세,상해없음,보행자,남,78세,부상신고
2022041800100299,2022년 4월 18일 14시,월요일,경상남도 창원시 성산구 상남동,경상사고,0,0,1,0,차대차 - 측면충돌,안전거리미확보,건조,맑음,단일로 - 기타,특수,남,51세,상해없음,승용,남,31세,경상
2022041800100331,2022년 4월 18일 15시,월요일,경상남도 진주시 가좌동,경상사고,0,0,2,0,차대차 - 추돌,안전거리미확보,건조,맑음,교차로 - 교차로부근,승용,남,73세,상해없음,승용,남,33세,경상
2022041800100332,2022년 4월 18일 15시,월요일,경상남도 창원시 진해구 용원동,경상사고,0,0,1,0,차대차 - 측면충돌,교차로운행방법위반,건조,맑음,교차로 - 교차로횡단보도내,특수,남,67세,상해없음,특수,남,48세,경상
2022041800100333,2022년 4월 18일 15시,월요일,경상남도 사천시 용현면,중상사고,0,1,0,0,차량단독 - 기타,안전운전불이행,건조,맑음,단일로 - 기타,승합,남,59세,상해없음,,,,