사고번호,사고일시,요일,시군구,사고내용,사망자수,중상자수,경상자수,부상신고자수,사고유형,법규위반,노면상태,기상상태,도로형태,가해운전자 차종,가해운전자 성별,가해운전자 연령,가해운전자 상해정도,피해운전자 차종,피해운전자 성별,피해운전자 연령,피해운전자 상해정도
2022041800100334,2022년 4월 18일 15시,월요일,경상남도 창녕군 남지읍,경상사고,0,0,1,0,차대차 - 후진중충돌,안전운전불이행,건조,맑음,주차장 - 주차장,화물,남,56세,상해없음,승용,남,57세,경상
2022041800100335,2022년 4월 18일 15시,월요일,경상남도 함양군 안의면,경상사고,0,0,1,1,차대차 - 추돌,안전운전불이행,건조,맑음,교차로 - 교차로부근,승용,여,56세,상해없음,승용,남,37세,부상신고
2022041800100336,2022년 4월 18일 15시,월요일,경상남도 양산시 상북면,경상사고,0,0,1,0,차대차 - 측면충돌,안전거리미확보,건조,맑음,단일로 - 기타,화물,남,59세,상해없음,승용,남,39세,경상
2022041800100367,2022년 4월 18일 16시,월요일,경상남도 김해시 내동,경상사고,0,0,1,0,차대차 - 측면충돌,안전거리미확보,건조,맑음,단일로 - 기타,이륜,남,28세,경상,승용,남,62세,상해없음
2022041800100368,2022년 4월 18일 16시,월요일,경상남도 산청군 산청읍,부상신고사고,0,0,0,1,차량단독 - 전도전복 - 전도,안전운전불이행,건조,맑음,교차로 - 교차로안,승용,남,80세,부상신고,,,,
2022041800100369,2022년 4월 18일 16시,월요일,경상남도 창원시 성산구 가음동,경상사고,0,0,1,0,차대차 - 측면충돌,신호위반,건조,맑음,교차로 - 교차로안,화물,남,54세,상해없음,승용,남,33세,경상
2022041800100413,2022년 4월 18일 17시,월요일,경상남도 김해시 진영읍,중상사고,0,1,0,0,차대사람 - 보도통행중,안전운전불이행,건조,맑음,기타 - 기타,개인형이동수단(PM),남,19세,상해없음,보행자,여,29세,중상
2022041800100446,2022년 4월 18일 18시,월요일,경상남도 창녕군 남지읍,경상사고,0,0,1,0,차대차 - 추돌,안전운전불이행,건조,맑음,교차로 - 교차로부근,승용,여,40세,상해없음,승용,남,32세,경상
2022041800100447,2022년 4월 18일 18시,월요일,경상남도 산청군 단성면,중상사고,0,1,0,0,차대차 - 기타,안전운전불이행,건조,맑음,교차로 - 교차로안,기타불명,기타불명,미분류,기타불명,자전거,남,22세,중상
2022041800100448,2022년 4월 18일 18시,월요일,경상남도 함안군 가야읍,경상사고,0,0,2,0,차대차 - 측면충돌,교차로운행방법위반,건조,맑음,교차로 - 교차로안,화물,남,59세,경상,승합,여,27세,경상
2022041800100477,2022년 4월 18일 19시,월요일,경상남도 창원시 진해구 용원동,중상사고,0,1,0,0,차대사람 - 횡단중,보행자보호의무위반,건조,맑음,교차로 - 교차로횡단보도내,승용,남,65세,상해없음,보행자,남,51세,중상
2022041800100478,2022년 4월 18일 19시,월요일,경상남도 거창군 거창읍,경상사고,0,0,2,0,차대차 - 측면충돌,신호위반,건조,맑음,교차로 - 교차로안,승용,남,23세,상해없음,승용,여,40세,경상
2022041800100479,2022년 4월 18일 19시,월요일,경상남도 함양군 서하면,사망사고,1,0,0,0,차량단독 - 전도전복 - 전도,안전운전불이행,건조,맑음,단일로 - 기타,이륜,여,70세,사망,,,,
2022041800100502,2022년 4월 18일 20시,월요일,경상남도 창원시 진해구 용원동,경상사고,0,0,1,0,차대차 - 측면충돌,교차로운행방법위반,건조,맑음,교차로 - 교차로안,승용,남,74세,상해없음,이륜,남,56세,경상
2022041800100548,2022년 4월 18일 22시,월요일,경상남도 창원시 마산회원구 양덕동,경상사고,0,0,1,0,차대차 - 측면충돌,안전운전불이행,건조,맑음,교차로 - 교차로안,승용,여,24세,상해없음,승합,남,25세,경상
2022041800100564,2022년 4월 18일 23시,월요일,경상남도 창원시 마산합포구 월포동,경상사고,0,0,5,0,차대차 - 추돌,안전운전불이행,건조,맑음,교차로 - 교차로부근,승용,여,50세,상해없음,승용,남,52세,경상
2022041800100565,2022년 4월 18일 23시,월요일,경상남도 함안군 가야읍,경상사고,0,0,1,0,차대차 - 기타,안전운전불이행,건조,맑음,단일로 - 기타,화물,남,51세,상해없음,화물,남,65세,경상
2022041900100010,2022년 4월 19일 00시,화요일,경상남도 양산시 물금읍,중상사고,0,1,0,0,차대차 - 추돌,안전운전불이행,건조,맑음,단일로 - 기타,승용,남,35세,상해없음,자전거,남,50세,중상
2022041900100022,2022년 4월 19일 02시,화요일,경상남도 진주시 평거동,경상사고,0,0,1,0,차대차 - 정면충돌,교차로운행방법위반,건조,맑음,교차로 - 교차로부근,승용,여,30세,상해없음,승용,남,61세,경상
2022041900100023,2022년 4월 19일 02시,화요일,경상남도 양산시 물금읍,중상사고,0,1,0,0,차대차 - 측면충돌,안전운전불이행,건조,맑음,교차로 - 교차로안,원동기,남,25세,중상,화물,남,45세,기타불명
2022041900100059,2022년 4월 19일 06시,화요일,경상남도 창원시 성산구 중앙동,중상사고,0,1,0,0,차량단독 - 기타,안전운전불이행,건조,맑음,단일로 - 기타,승합,남,62세,상해없음,,,,
2022041900100077,2022년 4월 19일 07시,화요일,경상남도 김해시 외동,경상사고,0,0,1,0,차대차 - 정면충돌,신호위반,건조,맑음,교차로 - 교차로횡단보도내,승합,남,79세,상해없음,자전거,남,62세,경상
2022041900100078,2022년 4월 19일 07시,화요일,경상남도 함안군 칠서면,경상사고,0,0,1,0,차대차 - 측면충돌,교차로운행방법위반,건조,맑음,교차로 - 교차로안,이륜,남,82세,경상,화물,남,55세,상해없음
2022041900100118,2022년 4월 19일 08시,화요일,경상남도 통영시 미수동,부상신고사고,0,0,0,1,차대차 - 추돌,안전운전불이행,건조,맑음,단일로 - 기타,승용,남,53세,상해없음,승용,남,60세,상해없음
2022041900100119,2022년 4월 19일 08시,화요일,경상남도 김해시 상동면,중상사고,0,1,1,0,차대차 - 추돌,안전운전불이행,건조,맑음,교차로 - 교차로부근,승합,남,48세,상해없음,화물,남,72세,중상
2022041900100120,2022년 4월 19일 08시,화요일,경상남도 함양군 안의면,중상사고,0,1,0,0,차대차 - 측면충돌,차로위반,건조,맑음,단일로 - 기타,화물,남,69세,상해없음,승용,여,44세,중상
2022041900100122,2022년 4월 19일 08시,화요일,경상남도 창원시 마산회원구 회원동,경상사고,0,0,1,0,차대차 - 추돌,안전운전불이행,건조,맑음,기타 - 기타,승용,여,55세,상해없음,승용,남,30세,경상
2022041900100123,2022년 4월 19일 08시,화요일,경상남도 창원시 의창구 팔용동,경상사고,0,0,1,0,차대차 - 기타,안전운전불이행,건조,맑음,교차로 - 교차로안,승용,남,76세,상해없음,승용,여,30세,경상
2022041900100259,2022년 4월 19일 12시,화요일,경상남도 창원시 의창구 사림동,중상사고,0,1,1,0,차대차 - 측면충돌,신호위반,건조,맑음,교차로 - 교차로안,승용,남,61세,상해없음,승용,남,29세,중상
2022041900100337,2022년 4월 19일 14시,화요일,경상남도 양산시 삼호동,경상사고,0,0,2,0,차대차 - 기타,신호위반,건조,맑음,교차로 - 교차로부근,승용,남,61세,상해없음,승용,남,41세,경상
2022041900100338,2022년 4월 19일 14시,화요일,경상남도 의령군 의령읍,중상사고,0,1,0,0,차대차 - 추돌,안전운전불이행,건조,맑음,단일로 - 기타,농기계,남,40세,기타불명,자전거,여,68세,중상
2022041900100366,2022년 4월 19일 15시,화요일,경상남도 양산시 평산동,중상사고,0,1,0,0,차대차 - 기타,교차로운행방법위반,건조,맑음,교차로 - 교차로안,승용,남,35세,상해없음,이륜,남,21세,중상
2022041900100367,2022년 4월 19일 15시,화요일,경상남도 창원시 성산구 상남동,경상사고,0,0,1,0,차대차 - 측면충돌,안전운전불이행,건조,맑음,교차로 - 교차로안,화물,남,45세,상해없음,승용,남,28세,경상
2022041900100458,2022년 4월 19일 17시,화요일,경상남도 김해시 주촌면,경상사고,0,0,1,0,차대차 - 측면충돌,신호위반,건조,맑음,교차로 - 교차로안,승용,남,70세,상해없음,승용,여,57세,경상
2022041900100505,2022년 4월 19일 18시,화요일,경상남도 김해시 삼계동,경상사고,0,0,1,0,차대차 - 후진중충돌,안전운전불이행,건조,맑음,교차로 - 교차로안,승용,여,27세,상해없음,이륜,남,28세,경상
2022041900100506,2022년 4월 19일 18시,화요일,경상남도 함양군 함양읍,부상신고사고,0,0,0,1,차대차 - 기타,안전운전불이행,건조,맑음,단일로 - 기타,자전거,여,70세,부상신고,승용,여,46세,상해없음
2022041900100507,2022년 4월 19일 18시,화요일,경상남도 의령군 화정면,중상사고,0,1,0,0,차대차 - 측면충돌,안전운전불이행,건조,맑음,단일로 - 기타,승용,여,36세,상해없음,이륜,남,67세,중상
2022041900100548,2022년 4월 19일 19시,화요일,경상남도 김해시 구산동,중상사고,0,1,0,0,차대사람 - 기타,안전운전불이행,건조,맑음,교차로 - 교차로부근,승용,여,48세,상해없음,보행자,여,50세,중상
2022041900100549,2022년 4월 19일 19시,화요일,경상남도 거창군 거창읍,중상사고,0,2,0,0,차대차 - 측면충돌,신호위반,건조,흐림,교차로 - 교차로안,원동기,남,71세,중상,승용,남,32세,상해없음
2022041900100550,2022년 4월 19일 19시,화요일,경상남도 거제시 고현동,경상사고,0,0,1,0,차대차 - 측면충돌,안전운전불이행,건조,맑음,교차로 - 교차로부근,승용,남,58세,상해없음,승합,여,59세,경상
2022041900100620,2022년 4월 19일 22시,화요일,경상남도 창원시 진해구 석동,경상사고,0,0,1,0,차대차 - 추돌,안전운전불이행,건조,맑음,교차로 - 교차로부근,승용,남,49세,상해없음,승용,남,37세,경상
2022041900100621,2022년 4월 19일 22시,화요일,경상남도 사천시 벌리동,부상신고사고,0,0,0,1,차대차 - 측면충돌,안전운전불이행,건조,맑음,교차로 - 교차로안,승용,남,60세,상해없음,이륜,남,20세,부상신고
2022041900100622,2022년 4월 19일 22시,화요일,경상남도 양산시 물금읍,중상사고,0,1,0,0,차대차 - 추돌,안전운전불이행,건조,맑음,단일로 - 기타,화물,남,37세,상해없음,이륜,남,34세,중상
2022042000100041,2022년 4월 20일 05시,수요일,경상남도 양산시 물금읍,경상사고,0,0,1,0,차대차 - 측면충돌,안전운전불이행,건조,맑음,교차로 - 교차로안,이륜,남,22세,상해없음,승용,여,40세,경상
2022042000100055,2022년 4월 20일 06시,수요일,경상남도 거제시 고현동,중상사고,0,1,0,0,차대사람 - 보도통행중,안전운전불이행,건조,맑음,단일로 - 기타,승용,남,60세,상해없음,보행자,남,81세,중상
2022042000100076,2022년 4월 20일 07시,수요일,경상남도 거제시 아주동,경상사고,0,0,1,0,차대차 - 추돌,안전거리미확보,건조,맑음,단일로 - 기타,승용,남,29세,상해없음,이륜,남,24세,경상
2022042000100121,2022년 4월 20일 08시,수요일,경상남도 창원시 마산합포구 상남동,중상사고,0,1,0,0,차대차 - 추돌,안전거리미확보,건조,맑음,교차로 - 교차로부근,승용,여,49세,상해없음,승용,여,32세,중상
2022042000100122,2022년 4월 20일 08시,수요일,경상남도 김해시 외동,경상사고,0,0,2,0,차대차 - 기타,안전운전불이행,건조,맑음,단일로 - 기타,승용,여,52세,상해없음,승용,남,44세,경상
2022042000100123,2022년 4월 20일 08시,수요일,경상남도 거창군 신원면,중상사고,0,1,0,0,차량단독 - 전도전복 - 전도,안전운전불이행,젖음/습기,맑음,기타 - 기타,건설기계,남,67세,중상,,,,
2022042000100124,2022년 4월 20일 08시,수요일,경상남도 거제시 거제면,중상사고,0,1,0,0,차대차 - 측면충돌,교차로운행방법위반,건조,맑음,교차로 - 교차로부근,승합,남,59세,상해없음,승용,여,29세,중상
2022042000100126,2022년 4월 20일 08시,수요일,경상남도 창원시 의창구 동읍,경상사고,0,0,2,0,차대차 - 추돌,안전운전불이행,건조,맑음,단일로 - 터널,승용,남,37세,상해없음,승용,남,32세,경상
2022042000100171,2022년 4월 20일 09시,수요일,경상남도 밀양시 하남읍,경상사고,0,0,1,0,차대차 - 측면충돌,교차로운행방법위반,건조,맑음,교차로 - 교차로안,승용,남,64세,상해없음,화물,남,57세,경상
2022042000100172,2022년 4월 20일 09시,수요일,경상남도 김해시 삼방동,경상사고,0,0,1,0,차대사람 - 기타,신호위반,건조,맑음,교차로 - 교차로횡단보도내,이륜,남,26세,상해없음,보행자,남,50세,경상
2022042000100173,2022년 4월 20일 09시,수요일,경상남도 양산시 북정동,경상사고,0,0,2,0,차대차 - 측면충돌,안전거리미확보,건조,맑음,단일로 - 기타,승용,여,63세,상해없음,승용,남,31세,경상
2022042000100174,2022년 4월 20일 09시,수요일,경상남도 산청군 삼장면,경상사고,0,0,1,2,차량단독 - 기타,안전운전불이행,건조,맑음,단일로 - 기타,승용,남,79세,경상,,,,
2022042000100204,2022년 4월 20일 10시,수요일,경상남도 양산시 소주동,경상사고,0,0,1,0,차량단독 - 기타,안전운전불이행,건조,맑음,단일로 - 기타,승용,남,57세,경상,,,,
2022042000100205,2022년 4월 20일 10시,수요일,경상남도 하동군 적량면,중상사고,0,1,0,0,차대차 - 측면충돌,중앙선침범,건조,맑음,단일로 - 기타,승용,남,70세,상해없음,이륜,남,51세,중상
2022042000100230,2022년 4월 20일 11시,수요일,경상남도 창원시 진해구 자은동,경상사고,0,0,1,0,차대차 - 측면충돌,신호위반,건조,맑음,교차로 - 교차로안,화물,남,62세,상해없음,승용,남,72세,경상
2022042000100231,2022년 4월 20일 11시,수요일,경상남도 통영시 무전동,중상사고,0,1,0,0,차대차 - 정면충돌,직진우회전진행방해,건조,맑음,교차로 - 교차로안,화물,남,62세,상해없음,승용,여,47세,중상
2022042000100232,2022년 4월 20일 11시,수요일,경상남도 고성군 고성읍,중상사고,0,1,0,0,차대사람 - 보도통행중,기타,건조,맑음,단일로 - 기타,승용,여,51세,상해없음,보행자,여,61세,중상
2022042000100266,2022년 4월 20일 12시,수요일,경상남도 김해시 내동,경상사고,0,0,2,0,차대차 - 측면충돌,안전운전불이행,건조,맑음,단일로 - 기타,승용,여,57세,상해없음,승용,남,37세,경상
2022042000100267,2022년 4월 20일 12시,수요일,경상남도 거제시 고현동,경상사고,0,0,1,0,차대사람 - 길가장자리구역통행중,안전운전불이행,건조,맑음,교차로 - 교차로부근,승용,여,52세,상해없음,보행자,여,53세,경상
2022042000100298,2022년 4월 20일 13시,수요일,경상남도 진주시 문산읍,중상사고,0,1,0,0,차대사람 - 차도통행중,안전운전불이행,건조,맑음,교차로 - 교차로안,화물,남,64세,상해없음,보행자,여,72세,중상
2022042000100299,2022년 4월 20일 13시,수요일,경상남도 양산시 동면,경상사고,0,0,2,0,차대차 - 추돌,안전운전불이행,건조,맑음,단일로 - 기타,승용,여,29세,상해없음,승용,여,38세,경상
2022042000100335,2022년 4월 20일 14시,수요일,경상남도 사천시 사천읍,중상사고,0,1,0,0,차대사람 - 기타,안전운전불이행,건조,맑음,기타 - 기타,화물,남,68세,기타불명,보행자,여,82세,중상
2022042000100336,2022년 4월 20일 14시,수요일,경상남도 김해시 내동,중상사고,0,1,0,0,차대차 - 측면충돌,안전운전불이행,건조,맑음,교차로 - 교차로안,승용,남,46세,상해없음,이륜,남,43세,중상
2022042000100337,2022년 4월 20일 14시,수요일,경상남도 김해시 외동,경상사고,0,0,2,0,차대차 - 측면충돌,안전운전불이행,건조,맑음,단일로 - 기타,이륜,여,62세,경상,승용,여,49세,경상
2022042000100376,2022년 4월 20일 15시,수요일,경상남도 양산시 남부동,경상사고,0,0,1,0,차대차 - 추돌,안전운전불이행,건조,맑음,교차로 - 교차로부근,화물,남,50세,상해없음,승용,여,65세,경상
2022042000100377,2022년 4월 20일 15시,수요일,경상남도 창원시 의창구 사림동,경상사고,0,0,1,0,차대차 - 측면충돌,안전운전불이행,건조,맑음,교차로 - 교차로안,승용,여,64세,상해없음,승용,남,67세,경상
2022042000100407,2022년 4월 20일 16시,수요일,경상남도 창원시 성산구 대원동,중상사고,0,1,0,0,차대차 - 측면충돌,안전운전불이행,건조,맑음,단일로 - 기타,승용,여,50세,상해없음,자전거,남,52세,중상
2022042000100408,2022년 4월 20일 16시,수요일,경상남도 창원시 성산구 중앙동,경상사고,0,0,5,0,차대차 - 정면충돌,신호위반,건조,맑음,교차로 - 교차로부근,승용,남,28세,기타불명,승용,남,51세,경상
2022042000100418,2022년 4월 20일 17시,수요일,경상남도 김해시 강동,중상사고,0,1,1,2,차대차 - 추돌,안전거리미확보,젖음/습기,맑음,단일로 - 기타,승용,남,64세,상해없음,승용,남,60세,중상
2022042000100438,2022년 4월 20일 17시,수요일,경상남도 창원시 진해구 청안동,경상사고,0,0,1,0,차대차 - 기타,보행자보호의무위반,건조,맑음,교차로 - 교차로횡단보도내,승용,여,63세,상해없음,자전거,남,7세,경상
2022042000100478,2022년 4월 20일 18시,수요일,경상남도 양산시 평산동,중상사고,0,1,0,0,차대차 - 측면충돌,안전운전불이행,건조,맑음,단일로 - 기타,자전거,남,46세,중상,승용,남,31세,상해없음
2022042000100479,2022년 4월 20일 18시,수요일,경상남도 양산시 신기동,부상신고사고,0,0,0,1,차량단독 - 전도전복 - 전도,안전운전불이행,건조,맑음,단일로 - 기타,이륜,남,48세,부상신고,,,,
2022042000100480,2022년 4월 20일 18시,수요일,경상남도 양산시 북부동,경상사고,0,0,1,0,차대차 - 추돌,안전운전불이행,건조,맑음,단일로 - 기타,승용,남,34세,상해없음,승용,여,62세,경상
2022042000100481,2022년 4월 20일 18시,수요일,경상남도 김해시 진영읍,부상신고사고,0,0,0,1,차대차 - 측면충돌,안전운전불이행,건조,맑음,교차로 - 교차로횡단보도내,자전거,남,7세,상해없음,자전거,남,76세,부상신고
2022042000100521,2022년 4월 20일 19시,수요일,경상남도 창원시 진해구 용원동,중상사고,0,1,0,0,차대차 - 정면충돌,신호위반,건조,맑음,교차로 - 교차로안,승용,남,43세,상해없음,승용,남,39세,중상
2022042000100522,2022년 4월 20일 19시,수요일,경상남도 창원시 진해구 풍호동,중상사고,0,1,0,0,차대사람 - 횡단중,안전운전불이행,건조,맑음,교차로 - 교차로부근,승용,여,66세,상해없음,보행자,남,68세,중상
2022042000100523,2022년 4월 20일 19시,수요일,경상남도 김해시 서상동,경상사고,0,0,2,0,차대차 - 측면충돌,안전운전불이행,건조,맑음,교차로 - 교차로안,승용,남,45세,상해없음,승용,남,20세,경상
2022042000100524,2022년 4월 20일 19시,수요일,경상남도 거제시 아주동,중상사고,0,1,0,0,차량단독 - 공작물충돌,안전운전불이행,건조,맑음,교차로 - 교차로부근,이륜,여,27세,중상,,,,
2022042000100525,2022년 4월 20일 19시,수요일,경상남도 창원시 성산구 내동,경상사고,0,0,2,0,차대차 - 측면충돌,안전운전불이행,건조,맑음,단일로 - 기타,승용,남,41세,상해없음,승용,여,29세,경상
2022042000100526,2022년 4월 20일 19시,수요일,경상남도 창원시 성산구 내동,경상사고,0,0,1,0,차대차 - 측면충돌,안전운전불이행,건조,맑음,단일로 - 기타,승용,남,29세,상해없음,특수,남,48세,경상
2022042000100527,2022년 4월 20일 19시,수요일,경상남도 창원시 의창구 대산면,경상사고,0,0,1,0,차대차 - 정면충돌,안전운전불이행,건조,맑음,교차로 - 교차로안,화물,남,43세,상해없음,승용,남,67세,경상
2022042000100557,2022년 4월 20일 20시,수요일,경상남도 창원시 진해구 화천동,경상사고,0,0,1,0,차대사람 - 기타,안전운전불이행,건조,맑음,단일로 - 기타,화물,남,57세,상해없음,보행자,남,65세,경상
2022042000100558,2022년 4월 20일 20시,수요일,경상남도 창원시 진해구 죽곡동,중상사고,0,1,0,0,차량단독 - 기타,안전운전불이행,건조,기타,단일로 - 기타,승합,남,55세,상해없음,,,,
2022042000100582,2022년 4월 20일 21시,수요일,경상남도 창원시 마산합포구 우산동,경상사고,0,0,1,0,차대차 - 측면충돌,신호위반,건조,맑음,교차로 - 교차로안,승용,여,33세,상해없음,승용,남,66세,경상
2022042000100597,2022년 4월 20일 22시,수요일,경상남도 통영시 도천동,부상신고사고,0,0,0,1,차대차 - 추돌,안전운전불이행,건조,맑음,교차로 - 교차로안,이륜,남,23세,상해없음,승용,남,63세,상해없음
2022042000100619,2022년 4월 20일 23시,수요일,경상남도 거제시 둔덕면,중상사고,0,1,0,0,차량단독 - 공작물충돌,안전운전불이행,건조,맑음,교차로 - 교차로안,승용,남,67세,중상,,,,
2022042000100620,2022년 4월 20일 23시,수요일,경상남도 김해시 진영읍,경상사고,0,0,1,0,차대차 - 추돌,안전운전불이행,건조,맑음,교차로 - 교차로부근,승용,남,50세,상해없음,승용,남,52세,상해없음
2022042100100008,2022년 4월 21일 00시,목요일,경상남도 거제시 고현동,중상사고,0,1,0,0,차대차 - 정면충돌,신호위반,건조,맑음,교차로 - 교차로안,승용,여,40세,상해없음,이륜,남,50세,중상
2022042100100046,2022년 4월 21일 06시,목요일,경상남도 사천시 용현면,경상사고,0,0,1,0,차대차 - 측면충돌,안전운전불이행,건조,맑음,기타 - 기타,건설기계,남,58세,경상,화물,남,63세,상해없음
2022042100100090,2022년 4월 21일 08시,목요일,경상남도 통영시 북신동,경상사고,0,0,1,0,차대차 - 측면충돌,안전거리미확보,건조,맑음,단일로 - 기타,승합,남,63세,상해없음,승용,남,44세,경상
2022042100100091,2022년 4월 21일 08시,목요일,경상남도 사천시 용현면,경상사고,0,0,1,0,차대차 - 추돌,안전운전불이행,건조,맑음,교차로 - 교차로안,화물,남,62세,상해없음,승용,여,43세,경상
2022042100100092,2022년 4월 21일 08시,목요일,경상남도 창원시 의창구 동읍,경상사고,0,0,1,0,차대차 - 측면충돌,안전운전불이행,건조,맑음,단일로 - 기타,승용,여,38세,기타불명,화물,남,64세,경상
2022042100100132,2022년 4월 21일 09시,목요일,경상남도 함양군 백전면,중상사고,0,1,0,0,차대차 - 측면충돌,안전운전불이행,건조,맑음,교차로 - 교차로안,화물,남,80세,상해없음,이륜,남,56세,중상
2022042100100133,2022년 4월 21일 09시,목요일,경상남도 양산시 중부동,경상사고,0,0,1,0,차대차 - 측면충돌,안전운전불이행,건조,맑음,교차로 - 교차로안,승용,여,59세,상해없음,승용,여,47세,경상
2022042100100134,2022년 4월 21일 09시,목요일,경상남도 김해시 부곡동,경상사고,0,0,2,0,차대차 - 기타,안전거리미확보,건조,맑음,단일로 - 기타,승용,남,63세,상해없음,승용,남,61세,경상
2022042100100186,2022년 4월 21일 11시,목요일,경상남도 사천시 향촌동,경상사고,0,0,1,0,차대차 - 측면충돌,직진우회전진행방해,젖음/습기,비,교차로 - 교차로안,화물,남,35세,상해없음,승용,남,56세,경상
2022042100100187,2022년 4월 21일 11시,목요일,경상남도 김해시 주촌면,중상사고,0,1,0,0,차대차 - 측면충돌,교차로운행방법위반,젖음/습기,흐림,교차로 - 교차로부근,건설기계,남,58세,상해없음,이륜,남,19세,중상
2022042100100212,2022년 4월 21일 12시,목요일,경상남도 창녕군 창녕읍,중상사고,0,1,0,0,차대차 - 측면충돌,안전운전불이행,건조,맑음,주차장 - 주차장,승용,여,61세,상해없음,이륜,남,83세,중상
2022042100100237,2022년 4월 21일 13시,목요일,경상남도 김해시 외동,경상사고,0,0,2,0,차대차 - 측면충돌,안전거리미확보,젖음/습기,비,교차로 - 교차로부근,승용,남,44세,경상,승용,남,39세,경상
2022042100100238,2022년 4월 21일 13시,목요일,경상남도 양산시 하북면,경상사고,0,0,1,0,차대차 - 정면충돌,안전운전불이행,젖음/습기,비,단일로 - 기타,승용,여,53세,기타불명,승용,남,60세,경상
2022042100100239,2022년 4월 21일 13시,목요일,경상남도 산청군 시천면,사망사고,1,0,0,0,차대차 - 추돌,안전거리미확보,젖음/습기,비,단일로 - 기타,화물,남,74세,사망,화물,남,57세,상해없음
2022042100100240,2022년 4월 21일 13시,목요일,경상남도 창원시 성산구 상남동,경상사고,0,0,1,0,차대차 - 후진중충돌,안전운전불이행,젖음/습기,비,교차로 - 교차로안,승용,남,64세,상해없음,승용,여,60세,경상
2022042100100241,2022년 4월 21일 13시,목요일,경상남도 창원시 의창구 서상동,경상사고,0,0,1,0,차대차 - 기타,안전운전불이행,건조,맑음,기타 - 기타,화물,남,77세,상해없음,승용,남,39세,경상
2022042100100264,2022년 4월 21일 14시,목요일,경상남도 양산시 동면,경상사고,0,0,2,0,차대차 - 추돌,안전운전불이행,건조,맑음,단일로 - 기타,건설기계,남,52세,기타불명,승용,여,61세,경상
2022042100100294,2022년 4월 21일 15시,목요일,경상남도 창원시 마산합포구 신포동1가,중상사고,0,1,0,0,차대차 - 측면충돌,신호위반,젖음/습기,비,교차로 - 교차로안,승용,여,44세,상해없음,화물,남,71세,중상
2022042100100295,2022년 4월 21일 15시,목요일,경상남도 거창군 거창읍,경상사고,0,0,2,0,차대차 - 추돌,안전운전불이행,젖음/습기,맑음,교차로 - 교차로부근,화물,남,63세,상해없음,승용,남,35세,경상
2022042100100296,2022년 4월 21일 15시,목요일,경상남도 양산시 삼호동,중상사고,0,1,1,0,차대차 - 측면충돌,교차로운행방법위반,건조,맑음,교차로 - 교차로안,승용,남,53세,상해없음,승용,여,66세,중상
2022042100100297,2022년 4월 21일 15시,목요일,경상남도 양산시 평산동,경상사고,0,0,2,0,차대차 - 추돌,안전운전불이행,건조,맑음,단일로 - 기타,화물,남,59세,상해없음,승용,여,47세,경상
2022042100100333,2022년 4월 21일 16시,목요일,경상남도 창원시 마산회원구 회원동,경상사고,0,0,1,0,차대차 - 측면충돌,신호위반,젖음/습기,비,교차로 - 교차로안,승용,여,52세,상해없음,승용,여,61세,경상
2022042100100334,2022년 4월 21일 16시,목요일,경상남도 거제시 옥포동,중상사고,0,1,0,0,차대차 - 기타,교차로운행방법위반,젖음/습기,흐림,교차로 - 교차로안,승용,남,47세,상해없음,이륜,남,37세,중상
2022042100100335,2022년 4월 21일 16시,목요일,경상남도 의령군 의령읍,경상사고,0,0,1,0,차대차 - 기타,중앙선침범,건조,맑음,단일로 - 기타,화물,남,54세,상해없음,승용,남,33세,경상
2022042100100336,2022년 4월 21일 16시,목요일,경상남도 창원시 마산회원구 회원동,경상사고,0,0,2,0,차대차 - 측면충돌,안전운전불이행,건조,맑음,교차로 - 교차로안,승용,남,55세,상해없음,승합,남,60세,경상
2022042100100337,2022년 4월 21일 16시,목요일,경상남도 김해시 주촌면,중상사고,0,2,0,0,차대차 - 측면충돌,신호위반,젖음/습기,흐림,교차로 - 교차로안,승용,남,42세,상해없음,화물,남,62세,중상
2022042100100414,2022년 4월 21일 18시,목요일,경상남도 통영시 광도면,경상사고,0,0,1,0,차대차 - 측면충돌,안전운전불이행,건조,맑음,교차로 - 교차로부근,승용,남,47세,상해없음,승용,여,26세,경상
2022042100100415,2022년 4월 21일 18시,목요일,경상남도 창원시 의창구 팔용동,경상사고,0,0,1,0,차대차 - 기타,안전운전불이행,건조,맑음,기타 - 기타,승용,남,68세,상해없음,승용,남,21세,경상
2022042100100416,2022년 4월 21일 18시,목요일,경상남도 김해시 내덕동,경상사고,0,0,1,0,차대차 - 정면충돌,안전거리미확보,건조,맑음,단일로 - 기타,승용,여,56세,기타불명,특수,남,41세,상해없음
2022042100100484,2022년 4월 21일 20시,목요일,경상남도 창원시 진해구 덕산동,경상사고,0,0,1,0,차대차 - 추돌,안전운전불이행,건조,맑음,교차로 - 교차로안,승용,여,59세,상해없음,화물,남,41세,경상
2022042100100485,2022년 4월 21일 20시,목요일,경상남도 거제시 고현동,경상사고,0,0,1,0,차대차 - 측면충돌,신호위반,건조,맑음,교차로 - 교차로안,승용,남,48세,상해없음,이륜,남,41세,경상
2022042100100486,2022년 4월 21일 20시,목요일,경상남도 창원시 마산회원구 양덕동,경상사고,0,0,1,0,차대차 - 추돌,안전운전불이행,건조,맑음,단일로 - 기타,승용,남,21세,상해없음,원동기,남,34세,경상