사고번호,사고일시,요일,시군구,사고내용,사망자수,중상자수,경상자수,부상신고자수,사고유형,법규위반,노면상태,기상상태,도로형태,가해운전자 차종,가해운전자 성별,가해운전자 연령,가해운전자 상해정도,피해운전자 차종,피해운전자 성별,피해운전자 연령,피해운전자 상해정도
2022042900100182,2022년 4월 29일 09시,금요일,경상남도 창원시 성산구 상남동,중상사고,0,1,0,0,차대사람 - 횡단중,안전운전불이행,젖음/습기,비,교차로 - 교차로안,승용,여,52세,상해없음,보행자,여,55세,중상
2022042900100216,2022년 4월 29일 10시,금요일,경상남도 거제시 고현동,경상사고,0,0,2,0,차대차 - 측면충돌,안전운전불이행,젖음/습기,비,교차로 - 교차로안,화물,남,43세,상해없음,승용,여,51세,경상
2022042900100249,2022년 4월 29일 11시,금요일,경상남도 양산시 동면,중상사고,0,1,0,0,차대사람 - 횡단중,보행자보호의무위반,건조,맑음,교차로 - 교차로안,승용,여,40세,상해없음,보행자,남,69세,중상
2022042900100275,2022년 4월 29일 12시,금요일,경상남도 진주시 상평동,중상사고,0,1,0,0,차대차 - 측면충돌,안전운전불이행,건조,맑음,단일로 - 기타,화물,남,66세,상해없음,승용,여,56세,중상
2022042900100318,2022년 4월 29일 13시,금요일,경상남도 창원시 진해구 여좌동,경상사고,0,0,1,0,차대차 - 추돌,안전운전불이행,건조,맑음,단일로 - 기타,화물,남,59세,상해없음,승용,남,73세,경상
2022042900100319,2022년 4월 29일 13시,금요일,경상남도 양산시 어곡동,부상신고사고,0,0,0,1,차대차 - 측면충돌,안전운전불이행,건조,맑음,교차로 - 교차로부근,승용,여,20세,상해없음,화물,남,54세,부상신고
2022042900100320,2022년 4월 29일 13시,금요일,경상남도 거제시 장목면,중상사고,0,1,0,0,차대차 - 추돌,안전운전불이행,건조,맑음,단일로 - 터널,승용,여,26세,상해없음,승용,남,73세,중상
2022042900100321,2022년 4월 29일 13시,금요일,경상남도 거제시 옥포동,중상사고,0,1,1,0,차대차 - 측면충돌,안전운전불이행,건조,맑음,단일로 - 기타,이륜,남,45세,경상,승용,남,39세,중상
2022042900100353,2022년 4월 29일 14시,금요일,경상남도 고성군 고성읍,중상사고,0,1,0,0,차대사람 - 차도통행중,보행자보호의무위반,건조,맑음,교차로 - 교차로횡단보도내,승용,여,70세,상해없음,보행자,남,77세,중상
2022042900100354,2022년 4월 29일 14시,금요일,경상남도 거제시 동부면,경상사고,0,0,2,0,차대차 - 측면충돌,중앙선침범,건조,맑음,단일로 - 기타,승용,남,71세,경상,화물,남,33세,경상
2022042900100388,2022년 4월 29일 15시,금요일,경상남도 창원시 마산합포구 동성동,중상사고,0,1,0,0,차대사람 - 횡단중,보행자보호의무위반,건조,흐림,교차로 - 교차로횡단보도내,승용,남,55세,상해없음,보행자,여,79세,중상
2022042900100389,2022년 4월 29일 15시,금요일,경상남도 창원시 진해구 마천동,경상사고,0,0,1,0,차대차 - 측면충돌,안전거리미확보,건조,맑음,교차로 - 교차로부근,승용,여,44세,상해없음,승용,남,46세,경상
2022042900100390,2022년 4월 29일 15시,금요일,경상남도 거제시 사등면,중상사고,0,1,0,0,차대사람 - 길가장자리구역통행중,안전운전불이행,기타,맑음,기타 - 기타,승용,여,65세,상해없음,보행자,여,57세,중상
2022042900100391,2022년 4월 29일 15시,금요일,경상남도 김해시 무계동,부상신고사고,0,0,0,1,차대사람 - 횡단중,안전운전불이행,건조,맑음,교차로 - 교차로부근,승용,남,70세,상해없음,보행자,여,63세,부상신고
2022042900100423,2022년 4월 29일 16시,금요일,경상남도 거제시 수월동,경상사고,0,0,1,0,차대사람 - 횡단중,보행자보호의무위반,건조,맑음,단일로 - 기타,이륜,남,77세,상해없음,보행자,남,10세,경상
2022042900100455,2022년 4월 29일 17시,금요일,경상남도 사천시 벌리동,경상사고,0,0,1,0,차대차 - 기타,안전운전불이행,건조,맑음,교차로 - 교차로부근,승합,남,66세,상해없음,자전거,남,79세,경상
2022042900100456,2022년 4월 29일 17시,금요일,경상남도 사천시 사천읍,경상사고,0,0,1,0,차대차 - 후진중충돌,안전운전불이행,건조,맑음,단일로 - 기타,승용,여,39세,상해없음,승용,여,45세,경상
2022042900100457,2022년 4월 29일 17시,금요일,경상남도 김해시 외동,경상사고,0,0,1,1,차대차 - 기타,안전운전불이행,건조,맑음,교차로 - 교차로안,원동기,남,18세,경상,승용,남,19세,부상신고
2022042900100501,2022년 4월 29일 18시,금요일,경상남도 사천시 정동면,중상사고,0,1,0,0,차대차 - 기타,교차로운행방법위반,건조,맑음,교차로 - 교차로안,승용,여,55세,상해없음,원동기,남,27세,중상
2022042900100502,2022년 4월 29일 18시,금요일,경상남도 사천시 사천읍,경상사고,0,0,1,0,차대사람 - 기타,안전운전불이행,건조,맑음,교차로 - 교차로부근,승용,여,58세,기타불명,보행자,남,56세,경상
2022042900100534,2022년 4월 29일 19시,금요일,경상남도 창원시 마산합포구 가포동,경상사고,0,0,1,0,차대차 - 추돌,안전운전불이행,건조,맑음,단일로 - 기타,승용,여,41세,상해없음,승용,남,42세,경상
2022042900100535,2022년 4월 29일 19시,금요일,경상남도 진주시 강남동,중상사고,0,1,0,0,차대사람 - 차도통행중,안전운전불이행,건조,맑음,단일로 - 기타,승용,여,27세,상해없음,보행자,남,53세,중상
2022042900100536,2022년 4월 29일 19시,금요일,경상남도 진주시 상평동,경상사고,0,0,1,0,차대사람 - 횡단중,보행자보호의무위반,건조,맑음,단일로 - 기타,승용,여,49세,상해없음,보행자,여,8세,경상
2022042900100537,2022년 4월 29일 19시,금요일,경상남도 사천시 동금동,중상사고,0,1,0,0,차대차 - 기타,기타,건조,맑음,교차로 - 교차로부근,화물,남,73세,상해없음,이륜,남,66세,중상
2022042900100605,2022년 4월 29일 21시,금요일,경상남도 창원시 의창구 사림동,부상신고사고,0,0,0,1,차대사람 - 횡단중,안전운전불이행,건조,맑음,교차로 - 교차로횡단보도내,승용,남,46세,상해없음,보행자,남,36세,부상신고
2022042900100626,2022년 4월 29일 22시,금요일,경상남도 거창군 거창읍,부상신고사고,0,0,0,1,차량단독 - 공작물충돌,안전운전불이행,건조,맑음,교차로 - 교차로부근,원동기,남,37세,부상신고,,,,
2022042900100627,2022년 4월 29일 22시,금요일,경상남도 거제시 고현동,경상사고,0,0,1,0,차대차 - 측면충돌,교차로운행방법위반,건조,맑음,교차로 - 교차로안,승용,여,31세,상해없음,승용,남,48세,경상
2022042900100628,2022년 4월 29일 22시,금요일,경상남도 창원시 성산구 용호동,경상사고,0,0,1,0,차대차 - 정면충돌,중앙선침범,건조,맑음,교차로 - 교차로안,승용,남,29세,상해없음,화물,남,55세,경상
2022042900100647,2022년 4월 29일 23시,금요일,경상남도 고성군 고성읍,경상사고,0,0,1,0,차량단독 - 공작물충돌,안전운전불이행,건조,맑음,단일로 - 기타,승용,남,18세,상해없음,,,,
2022043000100008,2022년 4월 30일 00시,토요일,경상남도 양산시 물금읍,중상사고,0,1,0,0,차대사람 - 횡단중,안전운전불이행,건조,맑음,단일로 - 기타,승용,남,28세,상해없음,보행자,남,39세,중상
2022043000100024,2022년 4월 30일 01시,토요일,경상남도 김해시 장유동,경상사고,0,0,1,0,차량단독 - 공작물충돌,안전운전불이행,건조,맑음,단일로 - 기타,승용,남,24세,경상,,,,
2022043000100037,2022년 4월 30일 02시,토요일,경상남도 통영시 광도면,경상사고,0,0,1,0,차대차 - 정면충돌,안전운전불이행,건조,맑음,단일로 - 기타,승용,여,48세,경상,승용,남,48세,기타불명
2022043000100046,2022년 4월 30일 04시,토요일,경상남도 창원시 마산합포구 자산동,사망사고,1,0,0,0,차대사람 - 횡단중,안전운전불이행,건조,맑음,단일로 - 기타,승용,남,60세,상해없음,보행자,남,82세,사망
2022043000100061,2022년 4월 30일 06시,토요일,경상남도 진주시 금곡면,중상사고,0,1,0,0,차대사람 - 기타,중앙선침범,건조,맑음,교차로 - 교차로안,화물,남,75세,상해없음,보행자,여,73세,중상
2022043000100062,2022년 4월 30일 06시,토요일,경상남도 진주시 상평동,경상사고,0,0,1,0,차대차 - 측면충돌,신호위반,건조,맑음,교차로 - 교차로안,건설기계,남,61세,상해없음,화물,남,56세,경상
2022043000100063,2022년 4월 30일 06시,토요일,경상남도 양산시 동면,경상사고,0,0,3,0,차대차 - 측면충돌,안전운전불이행,건조,맑음,교차로 - 교차로안,승용,남,26세,상해없음,승용,남,50세,경상
2022043000100064,2022년 4월 30일 06시,토요일,경상남도 거제시 옥포동,중상사고,0,1,0,0,차대차 - 측면충돌,안전운전불이행,건조,맑음,교차로 - 교차로부근,승용,남,55세,상해없음,자전거,남,54세,중상
2022043000100070,2022년 4월 30일 07시,토요일,경상남도 통영시 서호동,중상사고,0,1,0,0,차대차 - 측면충돌,안전운전불이행,건조,맑음,교차로 - 교차로안,화물,남,53세,상해없음,이륜,남,59세,중상
2022043000100071,2022년 4월 30일 07시,토요일,경상남도 창원시 의창구 팔용동,경상사고,0,0,1,0,차대차 - 측면충돌,안전운전불이행,건조,맑음,교차로 - 교차로부근,승용,남,72세,상해없음,승용,남,42세,경상
2022043000100088,2022년 4월 30일 08시,토요일,경상남도 창원시 마산합포구 남성동,경상사고,0,0,1,0,차대사람 - 기타,안전운전불이행,젖음/습기,맑음,단일로 - 기타,화물,남,40세,상해없음,보행자,여,66세,경상
2022043000100160,2022년 4월 30일 11시,토요일,경상남도 김해시 내동,경상사고,0,0,1,0,차대차 - 기타,신호위반,건조,흐림,교차로 - 교차로안,승용,남,70세,상해없음,이륜,남,31세,경상
2022043000100197,2022년 4월 30일 12시,토요일,경상남도 거창군 거창읍,중상사고,0,2,5,0,차대차 - 측면충돌,신호위반,건조,맑음,교차로 - 교차로안,승용,여,70세,상해없음,승용,남,41세,경상
2022043000100198,2022년 4월 30일 12시,토요일,경상남도 고성군 고성읍,중상사고,0,1,0,0,차대차 - 추돌,신호위반,건조,맑음,교차로 - 교차로안,승용,남,67세,상해없음,건설기계,남,61세,상해없음
2022043000100246,2022년 4월 30일 13시,토요일,경상남도 창원시 의창구 도계동,경상사고,0,0,1,0,차대차 - 기타,안전운전불이행,건조,맑음,단일로 - 기타,승용,남,57세,상해없음,승용,여,48세,경상
2022043000100271,2022년 4월 30일 14시,토요일,경상남도 김해시 삼문동,경상사고,0,0,1,0,차대차 - 측면충돌,신호위반,건조,맑음,단일로 - 기타,승용,남,70세,상해없음,승용,남,43세,경상
2022043000100290,2022년 4월 30일 14시,토요일,경상남도 밀양시 상동면,경상사고,0,0,1,0,차대사람 - 기타,안전운전불이행,건조,맑음,단일로 - 기타,특수,남,42세,상해없음,보행자,남,64세,경상
2022043000100322,2022년 4월 30일 15시,토요일,경상남도 사천시 정동면,중상사고,0,1,0,0,차량단독 - 전도전복 - 전도,안전운전불이행,건조,맑음,교차로 - 교차로부근,농기계,남,67세,중상,,,,
2022043000100323,2022년 4월 30일 15시,토요일,경상남도 거제시 장평동,부상신고사고,0,0,0,3,차대차 - 기타,신호위반,건조,맑음,단일로 - 기타,승용,남,62세,상해없음,승용,남,32세,부상신고
2022043000100324,2022년 4월 30일 15시,토요일,경상남도 창원시 성산구 신월동,경상사고,0,0,1,0,차대차 - 추돌,안전운전불이행,건조,맑음,단일로 - 기타,승용,남,57세,상해없음,승용,남,39세,경상
2022043000100356,2022년 4월 30일 16시,토요일,경상남도 창녕군 창녕읍,경상사고,0,0,2,0,차대차 - 기타,안전운전불이행,건조,맑음,단일로 - 기타,승용,남,65세,상해없음,승용,여,27세,경상
2022043000100357,2022년 4월 30일 16시,토요일,경상남도 산청군 신등면,경상사고,0,0,1,0,차대차 - 기타,안전운전불이행,건조,맑음,교차로 - 교차로안,승용,남,82세,상해없음,사륜오토바이(ATV),여,76세,경상
2022043000100358,2022년 4월 30일 16시,토요일,경상남도 김해시 한림면,경상사고,0,0,1,1,차대차 - 정면충돌,안전운전불이행,건조,맑음,단일로 - 기타,승용,남,54세,기타불명,승용,남,51세,부상신고
2022043000100395,2022년 4월 30일 17시,토요일,경상남도 창원시 마산합포구 현동,경상사고,0,0,1,1,차대차 - 측면충돌,안전운전불이행,건조,맑음,단일로 - 기타,승용,여,59세,상해없음,화물,남,45세,경상
2022043000100396,2022년 4월 30일 17시,토요일,경상남도 김해시 내동,경상사고,0,0,1,0,차대차 - 측면충돌,안전운전불이행,건조,맑음,단일로 - 기타,승용,여,44세,상해없음,이륜,남,30세,경상
2022043000100397,2022년 4월 30일 17시,토요일,경상남도 양산시 물금읍,중상사고,0,1,0,0,차대차 - 측면충돌,안전거리미확보,건조,맑음,단일로 - 기타,화물,남,73세,상해없음,이륜,남,26세,중상
2022043000100398,2022년 4월 30일 17시,토요일,경상남도 산청군 생초면,경상사고,0,0,1,0,차대차 - 측면충돌,안전거리미확보,건조,맑음,교차로 - 교차로안,승용,남,24세,기타불명,승용,여,44세,상해없음
2022043000100429,2022년 4월 30일 18시,토요일,경상남도 거제시 고현동,경상사고,0,0,1,0,차대사람 - 횡단중,안전운전불이행,건조,맑음,교차로 - 교차로안,승용,남,22세,상해없음,보행자,남,53세,경상
2022043000100430,2022년 4월 30일 18시,토요일,경상남도 거제시 일운면,경상사고,0,0,3,0,차대차 - 기타,교차로운행방법위반,건조,맑음,교차로 - 교차로안,승용,남,55세,상해없음,승용,여,42세,경상
2022043000100483,2022년 4월 30일 20시,토요일,경상남도 사천시 정동면,중상사고,0,1,0,0,차대차 - 측면충돌,안전운전불이행,건조,맑음,단일로 - 기타,승용,여,60세,상해없음,이륜,여,64세,중상
2022043000100524,2022년 4월 30일 22시,토요일,경상남도 김해시 어방동,중상사고,0,1,0,0,차대사람 - 횡단중,안전운전불이행,건조,맑음,단일로 - 기타,승용,여,25세,상해없음,보행자,남,52세,중상
2022043000100525,2022년 4월 30일 22시,토요일,경상남도 창원시 마산회원구 회성동,사망사고,1,0,0,0,차대사람 - 횡단중,기타,건조,맑음,교차로 - 교차로부근,승용,남,64세,상해없음,보행자,여,80세,사망
2022043000100551,2022년 4월 30일 23시,토요일,경상남도 양산시 남부동,경상사고,0,0,2,0,차대차 - 추돌,안전운전불이행,건조,맑음,교차로 - 교차로부근,승용,남,53세,상해없음,승용,남,22세,경상
2022050100100012,2022년 5월 1일 00시,일요일,경상남도 김해시 내동,경상사고,0,0,3,0,차대차 - 측면충돌,교차로운행방법위반,건조,맑음,교차로 - 교차로안,승용,남,50세,상해없음,승용,남,25세,경상
2022050100100022,2022년 5월 1일 01시,일요일,경상남도 창원시 진해구 경화동,중상사고,0,1,2,0,차대차 - 추돌,안전운전불이행,건조,맑음,교차로 - 교차로부근,이륜,남,41세,상해없음,승용,남,60세,경상
2022050100100023,2022년 5월 1일 01시,일요일,경상남도 통영시 광도면,경상사고,0,0,1,0,차대차 - 기타,안전운전불이행,건조,기타,단일로 - 기타,승용,남,44세,상해없음,승용,남,46세,상해없음
2022050100100024,2022년 5월 1일 01시,일요일,경상남도 창원시 성산구 중앙동,경상사고,0,0,2,0,차대차 - 측면충돌,안전운전불이행,건조,맑음,단일로 - 기타,승용,남,43세,상해없음,승용,남,55세,경상
2022050100100047,2022년 5월 1일 05시,일요일,경상남도 양산시 유산동,경상사고,0,0,1,0,차대차 - 측면충돌,안전거리미확보,건조,맑음,단일로 - 기타,승용,남,47세,상해없음,화물,여,53세,경상
2022050100100057,2022년 5월 1일 06시,일요일,경상남도 거창군 가북면,중상사고,0,1,0,0,차량단독 - 공작물충돌,안전운전불이행,건조,맑음,단일로 - 기타,원동기,남,81세,중상,,,,
2022050100100058,2022년 5월 1일 06시,일요일,경상남도 거제시 연초면,부상신고사고,0,0,0,1,차량단독 - 전도전복 - 전복,안전운전불이행,건조,맑음,단일로 - 기타,승용,여,39세,부상신고,,,,
2022050100100077,2022년 5월 1일 08시,일요일,경상남도 합천군 가회면,중상사고,0,1,0,0,차대차 - 기타,안전운전불이행,건조,맑음,단일로 - 기타,승용,남,52세,상해없음,이륜,남,34세,중상
2022050100100078,2022년 5월 1일 08시,일요일,경상남도 창원시 의창구 북면,중상사고,0,1,0,0,차량단독 - 기타,안전운전불이행,건조,맑음,교차로 - 교차로부근,화물,남,53세,중상,,,,
2022050100100100,2022년 5월 1일 09시,일요일,경상남도 거창군 거창읍,중상사고,0,1,0,0,차대차 - 추돌,교차로운행방법위반,건조,맑음,교차로 - 교차로안,승용,여,51세,상해없음,이륜,남,41세,중상
2022050100100101,2022년 5월 1일 09시,일요일,경상남도 양산시 동면,경상사고,0,0,1,0,차대차 - 추돌,안전운전불이행,건조,맑음,단일로 - 기타,승용,남,42세,기타불명,승용,여,57세,기타불명
2022050100100102,2022년 5월 1일 09시,일요일,경상남도 거제시 고현동,중상사고,0,1,0,0,차대차 - 측면충돌,안전거리미확보,건조,맑음,교차로 - 교차로안,이륜,남,56세,중상,승용,여,59세,상해없음
2022050100100126,2022년 5월 1일 10시,일요일,경상남도 고성군 상리면,중상사고,0,2,0,0,차대차 - 추돌,안전운전불이행,건조,맑음,교차로 - 교차로부근,화물,남,73세,상해없음,승용,여,56세,중상
2022050100100143,2022년 5월 1일 11시,일요일,경상남도 통영시 도남동,경상사고,0,0,1,0,차대차 - 측면충돌,불법유턴,건조,맑음,교차로 - 교차로안,승용,여,60세,상해없음,이륜,남,41세,경상
2022050100100144,2022년 5월 1일 11시,일요일,경상남도 김해시 삼방동,경상사고,0,0,2,0,차대차 - 측면충돌,안전운전불이행,건조,맑음,교차로 - 교차로안,이륜,남,28세,경상,승용,남,42세,경상
2022050100100165,2022년 5월 1일 12시,일요일,경상남도 합천군 가회면,경상사고,0,0,1,0,차대사람 - 기타,안전운전불이행,건조,맑음,주차장 - 주차장,승합,남,59세,상해없음,보행자,여,53세,경상
2022050100100166,2022년 5월 1일 12시,일요일,경상남도 거제시 사등면,중상사고,0,1,2,0,차대차 - 정면충돌,중앙선침범,건조,맑음,단일로 - 기타,화물,남,63세,상해없음,승용,남,33세,경상
2022050100100167,2022년 5월 1일 12시,일요일,경상남도 김해시 무계동,중상사고,0,1,0,0,차대사람 - 횡단중,보행자보호의무위반,건조,맑음,교차로 - 교차로안,승합,남,42세,상해없음,보행자,여,12세,중상
2022050100100203,2022년 5월 1일 13시,일요일,경상남도 김해시 대성동,중상사고,0,1,1,0,차대차 - 측면충돌,안전운전불이행,건조,맑음,교차로 - 교차로안,승용,여,50세,경상,승합,남,68세,중상
2022050100100231,2022년 5월 1일 14시,일요일,경상남도 양산시 물금읍,경상사고,0,0,1,0,차대차 - 추돌,안전운전불이행,건조,맑음,교차로 - 교차로부근,승용,남,37세,상해없음,승용,남,31세,경상
2022050100100261,2022년 5월 1일 15시,일요일,경상남도 합천군 합천읍,중상사고,0,1,0,0,차대차 - 정면충돌,안전운전불이행,건조,맑음,단일로 - 기타,승합,남,62세,상해없음,개인형이동수단(PM),남,19세,중상
2022050100100262,2022년 5월 1일 15시,일요일,경상남도 합천군 가회면,중상사고,0,1,0,0,차대사람 - 길가장자리구역통행중,안전운전불이행,건조,맑음,단일로 - 기타,승용,남,72세,상해없음,보행자,남,55세,중상
2022050100100263,2022년 5월 1일 15시,일요일,경상남도 창녕군 영산면,중상사고,0,2,1,0,차대차 - 추돌,기타,건조,맑음,단일로 - 기타,승용,남,38세,경상,승용,남,62세,상해없음
2022050100100264,2022년 5월 1일 15시,일요일,경상남도 남해군 이동면,경상사고,0,0,1,0,차대사람 - 차도통행중,안전운전불이행,건조,맑음,단일로 - 기타,승용,여,66세,상해없음,보행자,여,76세,경상
2022050100100265,2022년 5월 1일 15시,일요일,경상남도 의령군 칠곡면,중상사고,0,1,0,0,차대차 - 측면충돌,안전운전불이행,건조,맑음,단일로 - 기타,승용,남,32세,상해없음,이륜,남,54세,중상
2022050100100300,2022년 5월 1일 16시,일요일,경상남도 사천시 사천읍,중상사고,0,1,1,0,차대차 - 측면충돌,안전거리미확보,건조,맑음,단일로 - 기타,승용,여,51세,상해없음,승용,남,42세,중상
2022050100100301,2022년 5월 1일 16시,일요일,경상남도 창원시 성산구 양곡동,중상사고,0,1,1,0,차대차 - 측면충돌,신호위반,건조,맑음,교차로 - 교차로안,승합,남,46세,상해없음,승합,남,55세,중상
2022050100100302,2022년 5월 1일 16시,일요일,경상남도 창원시 마산합포구 산호동,경상사고,0,0,1,0,차대차 - 측면충돌,중앙선침범,건조,맑음,교차로 - 교차로부근,원동기,남,30세,상해없음,이륜,남,20세,경상
2022050100100303,2022년 5월 1일 16시,일요일,경상남도 김해시 대청동,경상사고,0,0,2,0,차대차 - 추돌,안전운전불이행,건조,맑음,단일로 - 기타,화물,남,71세,상해없음,승용,남,41세,경상
2022050100100338,2022년 5월 1일 17시,일요일,경상남도 양산시 물금읍,경상사고,0,0,3,0,차대차 - 측면충돌,안전운전불이행,건조,맑음,단일로 - 기타,승용,여,18세,기타불명,승용,남,36세,경상
2022050100100386,2022년 5월 1일 19시,일요일,경상남도 진주시 상봉동,중상사고,0,1,0,0,차대사람 - 횡단중,보행자보호의무위반,건조,맑음,교차로 - 교차로횡단보도내,승용,남,30세,상해없음,보행자,여,58세,중상
2022050100100447,2022년 5월 1일 22시,일요일,경상남도 통영시 산양읍,경상사고,0,0,1,0,차대차 - 측면충돌,중앙선침범,건조,맑음,기타 - 기타,승용,남,59세,상해없음,승용,여,33세,경상
2022050100100463,2022년 5월 1일 23시,일요일,경상남도 창원시 성산구 가음동,경상사고,0,0,2,0,차대차 - 추돌,안전운전불이행,건조,맑음,교차로 - 교차로부근,승용,남,29세,기타불명,승용,여,59세,경상
2022050200100008,2022년 5월 2일 00시,월요일,경상남도 양산시 명동,경상사고,0,0,1,0,차대차 - 측면충돌,신호위반,건조,맑음,교차로 - 교차로안,승용,남,21세,상해없음,승용,남,67세,경상
2022050200100041,2022년 5월 2일 06시,월요일,경상남도 김해시 생림면,경상사고,0,0,1,0,차대차 - 추돌,안전운전불이행,건조,맑음,단일로 - 기타,화물,남,61세,상해없음,건설기계,남,43세,경상
2022050200100069,2022년 5월 2일 07시,월요일,경상남도 창원시 마산합포구 부림동,경상사고,0,0,1,0,차대차 - 측면충돌,안전운전불이행,건조,맑음,교차로 - 교차로부근,화물,남,44세,상해없음,화물,남,53세,경상
2022050200100070,2022년 5월 2일 07시,월요일,경상남도 거제시 장평동,중상사고,0,1,0,0,차대차 - 기타,안전운전불이행,건조,맑음,단일로 - 기타,승용,남,46세,상해없음,자전거,남,28세,중상
2022050200100108,2022년 5월 2일 08시,월요일,경상남도 양산시 덕계동,경상사고,0,0,1,0,차대차 - 기타,안전거리미확보,건조,맑음,단일로 - 기타,승용,여,46세,상해없음,승용,여,42세,경상
2022050200100144,2022년 5월 2일 09시,월요일,경상남도 사천시 축동면,중상사고,0,1,0,0,차대사람 - 횡단중,안전운전불이행,건조,맑음,단일로 - 기타,승용,여,84세,상해없음,보행자,남,76세,중상
2022050200100181,2022년 5월 2일 10시,월요일,경상남도 통영시 광도면,경상사고,0,0,1,0,차대차 - 측면충돌,중앙선침범,건조,맑음,교차로 - 교차로안,승용,여,64세,상해없음,승용,여,34세,경상
2022050200100211,2022년 5월 2일 11시,월요일,경상남도 통영시 용남면,경상사고,0,0,2,0,차대차 - 측면충돌,안전거리미확보,건조,맑음,단일로 - 기타,화물,남,71세,상해없음,승용,남,58세,경상
2022050200100212,2022년 5월 2일 11시,월요일,경상남도 밀양시 내이동,경상사고,0,0,2,0,차대차 - 측면충돌,안전운전불이행,건조,맑음,교차로 - 교차로안,이륜,남,58세,경상,승용,여,22세,상해없음
2022050200100214,2022년 5월 2일 11시,월요일,경상남도 김해시 주촌면,경상사고,0,0,2,0,차대차 - 추돌,안전운전불이행,건조,맑음,단일로 - 기타,화물,남,74세,상해없음,화물,남,34세,경상
2022050200100251,2022년 5월 2일 12시,월요일,경상남도 사천시 사천읍,경상사고,0,0,1,0,차대차 - 기타,안전운전불이행,건조,맑음,단일로 - 기타,화물,남,55세,상해없음,화물,남,54세,경상
2022050200100252,2022년 5월 2일 12시,월요일,경상남도 함안군 칠북면,경상사고,0,0,1,0,차량단독 - 공작물충돌,안전운전불이행,건조,맑음,단일로 - 기타,승용,여,42세,경상,,,,
2022050200100277,2022년 5월 2일 13시,월요일,경상남도 김해시 관동동,경상사고,0,0,1,0,차대차 - 추돌,안전운전불이행,건조,맑음,단일로 - 기타,이륜,남,44세,상해없음,승용,남,60세,상해없음
2022050200100310,2022년 5월 2일 14시,월요일,경상남도 김해시 외동,경상사고,0,0,1,0,차대차 - 추돌,안전운전불이행,건조,맑음,단일로 - 기타,승합,남,67세,상해없음,승용,여,39세,경상
2022050200100354,2022년 5월 2일 15시,월요일,경상남도 창원시 마산합포구 월남동5가,중상사고,0,1,0,0,차대사람 - 차도통행중,안전운전불이행,건조,맑음,교차로 - 교차로안,승용,여,47세,상해없음,보행자,여,77세,중상
2022050200100355,2022년 5월 2일 15시,월요일,경상남도 창원시 마산합포구 월영동,경상사고,0,0,1,0,차대사람 - 차도통행중,안전운전불이행,건조,맑음,교차로 - 교차로부근,승용,여,56세,상해없음,보행자,여,8세,경상
2022050200100356,2022년 5월 2일 15시,월요일,경상남도 양산시 상북면,중상사고,0,1,1,0,차대차 - 측면충돌,중앙선침범,건조,맑음,단일로 - 기타,승용,남,66세,상해없음,승용,남,67세,중상
2022050200100357,2022년 5월 2일 15시,월요일,경상남도 김해시 화목동,중상사고,0,1,0,0,차대차 - 추돌,신호위반,건조,맑음,교차로 - 교차로부근,승용,남,25세,상해없음,승용,남,73세,중상
2022050200100396,2022년 5월 2일 16시,월요일,경상남도 통영시 도천동,중상사고,0,2,0,0,차대사람 - 횡단중,안전운전불이행,건조,맑음,단일로 - 기타,이륜,남,72세,중상,보행자,여,15세,중상
2022050200100397,2022년 5월 2일 16시,월요일,경상남도 거창군 거창읍,부상신고사고,0,0,0,1,차대차 - 측면충돌,신호위반,건조,맑음,교차로 - 교차로안,자전거,남,15세,부상신고,승용,남,61세,상해없음
2022050200100443,2022년 5월 2일 17시,월요일,경상남도 진주시 인사동,경상사고,0,0,1,0,차대차 - 측면충돌,신호위반,건조,맑음,교차로 - 교차로횡단보도내,승용,남,69세,상해없음,자전거,남,16세,경상
2022050200100479,2022년 5월 2일 18시,월요일,경상남도 사천시 사천읍,중상사고,0,1,0,0,차대차 - 측면충돌,안전운전불이행,건조,맑음,단일로 - 기타,승용,남,47세,상해없음,원동기,남,41세,중상
2022050200100480,2022년 5월 2일 18시,월요일,경상남도 양산시 북정동,경상사고,0,0,1,0,차대차 - 측면충돌,안전운전불이행,건조,맑음,단일로 - 기타,화물,남,43세,상해없음,개인형이동수단(PM),남,50세,경상
2022050200100481,2022년 5월 2일 18시,월요일,경상남도 김해시 흥동,경상사고,0,0,4,0,차대차 - 추돌,안전운전불이행,건조,맑음,단일로 - 고가도로위,승용,남,65세,상해없음,화물,남,60세,경상
2022050200100515,2022년 5월 2일 19시,월요일,경상남도 창원시 마산합포구 진북면,경상사고,0,0,1,0,차대차 - 추돌,안전거리미확보,건조,맑음,교차로 - 교차로안,승용,남,63세,상해없음,승용,남,55세,경상
2022050200100550,2022년 5월 2일 20시,월요일,경상남도 창원시 마산합포구 남성동,경상사고,0,0,1,0,차대차 - 측면충돌,안전운전불이행,건조,맑음,교차로 - 교차로안,승용,남,20세,상해없음,승용,남,29세,경상
2022050200100551,2022년 5월 2일 20시,월요일,경상남도 김해시 구산동,경상사고,0,0,1,0,차대사람 - 횡단중,신호위반,젖음/습기,비,교차로 - 교차로부근,승용,남,27세,상해없음,보행자,남,17세,경상