사고번호,사고일시,요일,시군구,사고내용,사망자수,중상자수,경상자수,부상신고자수,사고유형,법규위반,노면상태,기상상태,도로형태,가해운전자 차종,가해운전자 성별,가해운전자 연령,가해운전자 상해정도,피해운전자 차종,피해운전자 성별,피해운전자 연령,피해운전자 상해정도
2022051000100303,2022년 5월 10일 13시,화요일,경상남도 창원시 진해구 석동,경상사고,0,0,1,0,차대차 - 기타,교차로운행방법위반,건조,맑음,교차로 - 교차로안,승용,남,58세,상해없음,승용,여,44세,경상
2022051000100304,2022년 5월 10일 13시,화요일,경상남도 창녕군 부곡면,중상사고,0,1,0,0,차대차 - 정면충돌,직진우회전진행방해,건조,맑음,교차로 - 교차로안,승용,남,48세,상해없음,승용,여,49세,중상
2022051000100305,2022년 5월 10일 13시,화요일,경상남도 거제시 둔덕면,경상사고,0,0,1,0,차대사람 - 기타,안전운전불이행,건조,맑음,단일로 - 기타,화물,남,60세,상해없음,보행자,남,59세,상해없음
2022051000100337,2022년 5월 10일 14시,화요일,경상남도 창원시 마산합포구 신포동1가,경상사고,0,0,1,0,차대사람 - 횡단중,신호위반,건조,맑음,교차로 - 교차로횡단보도내,이륜,남,60세,상해없음,보행자,여,67세,경상
2022051000100369,2022년 5월 10일 15시,화요일,경상남도 창원시 진해구 석동,경상사고,0,0,2,0,차대차 - 기타,신호위반,건조,맑음,교차로 - 교차로부근,승용,여,67세,경상,승용,남,49세,경상
2022051000100370,2022년 5월 10일 15시,화요일,경상남도 합천군 초계면,중상사고,0,1,0,0,차대차 - 정면충돌,안전운전불이행,건조,맑음,단일로 - 기타,건설기계,남,61세,상해없음,승용,여,61세,중상
2022051000100371,2022년 5월 10일 15시,화요일,경상남도 양산시 북정동,중상사고,0,1,0,0,차대차 - 측면충돌,안전운전불이행,건조,맑음,교차로 - 교차로부근,승용,남,56세,상해없음,이륜,남,51세,중상
2022051000100372,2022년 5월 10일 15시,화요일,경상남도 창원시 의창구 동읍,경상사고,0,0,1,0,차대사람 - 기타,안전운전불이행,건조,맑음,교차로 - 교차로안,승용,남,58세,상해없음,보행자,남,42세,경상
2022051000100419,2022년 5월 10일 16시,화요일,경상남도 진주시 금산면,중상사고,0,1,0,0,차대차 - 측면충돌,교차로운행방법위반,건조,맑음,교차로 - 교차로안,승용,남,32세,상해없음,승용,남,51세,중상
2022051000100420,2022년 5월 10일 16시,화요일,경상남도 밀양시 상남면,중상사고,0,1,0,0,차대차 - 측면충돌,교차로운행방법위반,건조,맑음,교차로 - 교차로안,승용,여,62세,상해없음,이륜,여,59세,중상
2022051000100464,2022년 5월 10일 17시,화요일,경상남도 거제시 장목면,중상사고,0,1,0,0,차량단독 - 전도전복 - 전도,안전운전불이행,건조,맑음,단일로 - 기타,사륜오토바이(ATV),남,69세,중상,,,,
2022051000100498,2022년 5월 10일 18시,화요일,경상남도 거제시 사등면,경상사고,0,0,2,0,차대차 - 측면충돌,안전거리미확보,건조,맑음,단일로 - 기타,승용,남,59세,상해없음,승용,여,53세,경상
2022051000100529,2022년 5월 10일 19시,화요일,경상남도 양산시 물금읍,경상사고,0,0,1,0,차대사람 - 기타,안전운전불이행,건조,맑음,단일로 - 기타,개인형이동수단(PM),남,28세,상해없음,보행자,여,58세,경상
2022051000100530,2022년 5월 10일 19시,화요일,경상남도 양산시 남부동,중상사고,0,1,0,0,차대차 - 측면충돌,중앙선침범,건조,맑음,단일로 - 기타,승용,여,49세,상해없음,자전거,남,41세,중상
2022051000100531,2022년 5월 10일 19시,화요일,경상남도 양산시 물금읍,경상사고,0,0,1,0,차대차 - 기타,신호위반,건조,맑음,교차로 - 교차로안,자전거,남,78세,경상,승용,여,47세,상해없음
2022051000100532,2022년 5월 10일 19시,화요일,경상남도 고성군 고성읍,중상사고,0,1,0,0,차대차 - 기타,중앙선침범,건조,맑음,단일로 - 기타,승용,여,39세,상해없음,승용,여,64세,중상
2022051000100533,2022년 5월 10일 19시,화요일,경상남도 거제시 아주동,경상사고,0,0,2,0,차대차 - 측면충돌,안전운전불이행,건조,맑음,단일로 - 기타,화물,남,58세,경상,승용,여,33세,경상
2022051000100559,2022년 5월 10일 20시,화요일,경상남도 창녕군 유어면,중상사고,0,1,0,0,차량단독 - 기타,안전운전불이행,건조,맑음,기타 - 기타,자전거,남,74세,중상,,,,
2022051000100560,2022년 5월 10일 20시,화요일,경상남도 양산시 중부동,중상사고,0,1,0,0,차대차 - 추돌,안전운전불이행,건조,맑음,교차로 - 교차로부근,자전거,남,56세,중상,승용,여,35세,기타불명
2022051000100600,2022년 5월 10일 22시,화요일,경상남도 통영시 무전동,중상사고,0,1,0,0,차량단독 - 공작물충돌,안전운전불이행,젖음/습기,비,기타 - 기타,승용,여,61세,상해없음,,,,
2022051100100006,2022년 5월 11일 00시,수요일,경상남도 고성군 회화면,경상사고,0,0,2,0,차대차 - 추돌,기타,건조,맑음,단일로 - 터널,승용,여,24세,상해없음,화물,남,55세,경상
2022051100100024,2022년 5월 11일 03시,수요일,경상남도 양산시 물금읍,중상사고,0,1,1,0,차대차 - 추돌,안전운전불이행,건조,맑음,교차로 - 교차로안,승용,남,70세,기타불명,승용,남,63세,경상
2022051100100044,2022년 5월 11일 06시,수요일,경상남도 창원시 진해구 마천동,사망사고,1,0,0,0,차량단독 - 공작물충돌,안전운전불이행,건조,맑음,단일로 - 기타,승용,남,67세,사망,,,,
2022051100100045,2022년 5월 11일 06시,수요일,경상남도 거창군 남상면,중상사고,0,1,0,0,차대차 - 측면충돌,기타,건조,맑음,교차로 - 교차로안,화물,남,65세,상해없음,승용,여,55세,중상
2022051100100103,2022년 5월 11일 08시,수요일,경상남도 창원시 진해구 풍호동,경상사고,0,0,2,0,차대차 - 측면충돌,안전운전불이행,건조,맑음,교차로 - 교차로안,승용,남,65세,상해없음,승용,남,75세,경상
2022051100100104,2022년 5월 11일 08시,수요일,경상남도 함안군 가야읍,경상사고,0,0,1,0,차대차 - 측면충돌,신호위반,건조,맑음,단일로 - 기타,승용,남,46세,상해없음,승용,여,52세,경상
2022051100100105,2022년 5월 11일 08시,수요일,경상남도 창원시 의창구 북면,중상사고,0,1,2,0,차대차 - 측면충돌,신호위반,건조,맑음,교차로 - 교차로안,농기계,남,83세,상해없음,승용,여,36세,경상
2022051100100106,2022년 5월 11일 08시,수요일,경상남도 창원시 의창구 북면,경상사고,0,0,1,0,차대차 - 정면충돌,안전운전불이행,건조,맑음,교차로 - 교차로안,승용,여,46세,상해없음,승용,남,36세,경상
2022051100100140,2022년 5월 11일 09시,수요일,경상남도 창원시 의창구 도계동,중상사고,0,1,0,0,차대사람 - 횡단중,보행자보호의무위반,건조,맑음,교차로 - 교차로횡단보도내,승합,여,55세,상해없음,보행자,여,83세,중상
2022051100100167,2022년 5월 11일 10시,수요일,경상남도 사천시 사천읍,경상사고,0,0,1,0,차대차 - 측면충돌,안전운전불이행,건조,맑음,단일로 - 기타,승용,남,29세,경상,화물,남,57세,상해없음
2022051100100215,2022년 5월 11일 12시,수요일,경상남도 김해시 어방동,경상사고,0,0,1,0,차대차 - 측면충돌,안전운전불이행,건조,맑음,교차로 - 교차로부근,이륜,여,61세,상해없음,자전거,남,62세,경상
2022051100100251,2022년 5월 11일 13시,수요일,경상남도 통영시 사량면,경상사고,0,0,1,0,차대차 - 기타,안전운전불이행,건조,맑음,단일로 - 기타,승용,여,72세,경상,화물,남,59세,상해없음
2022051100100279,2022년 5월 11일 14시,수요일,경상남도 창원시 성산구 상남동,경상사고,0,0,1,0,차대사람 - 기타,보행자보호의무위반,건조,맑음,교차로 - 교차로횡단보도내,승용,남,62세,상해없음,보행자,여,38세,경상
2022051100100318,2022년 5월 11일 15시,수요일,경상남도 창녕군 영산면,중상사고,0,1,0,0,차대차 - 후진중충돌,안전운전불이행,건조,맑음,교차로 - 교차로안,화물,남,61세,상해없음,승용,남,69세,중상
2022051100100319,2022년 5월 11일 15시,수요일,경상남도 양산시 물금읍,경상사고,0,0,1,0,차대차 - 측면충돌,안전운전불이행,건조,맑음,단일로 - 기타,승용,남,44세,상해없음,이륜,남,31세,경상
2022051100100320,2022년 5월 11일 15시,수요일,경상남도 산청군 산청읍,중상사고,0,1,2,0,차대차 - 측면충돌,안전운전불이행,건조,맑음,교차로 - 교차로안,승용,여,62세,중상,승용,남,54세,경상
2022051100100350,2022년 5월 11일 16시,수요일,경상남도 거창군 거창읍,경상사고,0,0,1,0,차대차 - 추돌,신호위반,건조,맑음,교차로 - 교차로안,이륜,남,81세,경상,승용,남,28세,상해없음
2022051100100351,2022년 5월 11일 16시,수요일,경상남도 양산시 물금읍,경상사고,0,0,1,0,차대차 - 기타,안전운전불이행,건조,맑음,기타 - 기타,이륜,남,25세,상해없음,화물,남,47세,경상
2022051100100352,2022년 5월 11일 16시,수요일,경상남도 거제시 옥포동,중상사고,0,1,0,0,차대사람 - 횡단중,보행자보호의무위반,건조,맑음,교차로 - 교차로횡단보도내,승용,여,55세,상해없음,보행자,여,13세,중상
2022051100100353,2022년 5월 11일 16시,수요일,경상남도 창원시 의창구 북동,경상사고,0,0,1,0,차대차 - 측면충돌,안전운전불이행,건조,맑음,교차로 - 교차로안,승용,남,44세,상해없음,승용,여,31세,경상
2022051100100408,2022년 5월 11일 17시,수요일,경상남도 거제시 장평동,경상사고,0,0,1,0,차대사람 - 횡단중,보행자보호의무위반,건조,맑음,교차로 - 교차로횡단보도내,승용,남,67세,상해없음,보행자,남,8세,경상
2022051100100448,2022년 5월 11일 18시,수요일,경상남도 사천시 용강동,경상사고,0,0,2,0,차대차 - 추돌,안전운전불이행,건조,맑음,단일로 - 기타,승용,여,55세,경상,승용,여,55세,경상
2022051100100449,2022년 5월 11일 18시,수요일,경상남도 창녕군 도천면,경상사고,0,0,1,0,차대차 - 측면충돌,신호위반,건조,맑음,교차로 - 교차로안,화물,남,68세,경상,승용,남,50세,상해없음
2022051100100486,2022년 5월 11일 19시,수요일,경상남도 밀양시 부북면,경상사고,0,0,1,0,차대차 - 기타,안전운전불이행,건조,맑음,단일로 - 기타,화물,남,55세,상해없음,승용,남,62세,상해없음
2022051100100487,2022년 5월 11일 19시,수요일,경상남도 김해시 부원동,경상사고,0,0,1,0,차대사람 - 차도통행중,안전운전불이행,건조,맑음,교차로 - 교차로안,승용,남,60세,상해없음,보행자,남,51세,경상
2022051100100488,2022년 5월 11일 19시,수요일,경상남도 의령군 정곡면,경상사고,0,0,2,0,차대차 - 측면충돌,교차로운행방법위반,건조,맑음,교차로 - 교차로부근,승용,남,55세,경상,승용,여,57세,경상
2022051100100489,2022년 5월 11일 19시,수요일,경상남도 함안군 산인면,경상사고,0,0,2,0,차대차 - 측면충돌,안전운전불이행,건조,맑음,단일로 - 기타,승용,여,63세,상해없음,승용,남,65세,경상
2022051100100518,2022년 5월 11일 20시,수요일,경상남도 진주시 하대동,사망사고,1,0,0,0,차대사람 - 횡단중,안전운전불이행,건조,맑음,단일로 - 기타,승용,남,62세,상해없음,보행자,남,56세,사망
2022051100100573,2022년 5월 11일 23시,수요일,경상남도 양산시 중부동,경상사고,0,0,1,0,차대사람 - 차도통행중,보행자보호의무위반,건조,맑음,교차로 - 교차로안,화물,남,69세,상해없음,보행자,여,35세,경상
2022051200100013,2022년 5월 12일 00시,목요일,경상남도 창원시 성산구 내동,경상사고,0,0,1,0,차대차 - 측면충돌,안전거리미확보,건조,맑음,단일로 - 기타,승용,남,66세,상해없음,승용,남,35세,경상
2022051200100062,2022년 5월 12일 06시,목요일,경상남도 창원시 의창구 팔용동,중상사고,0,1,0,0,차량단독 - 기타,안전운전불이행,건조,맑음,단일로 - 기타,승합,남,44세,상해없음,,,,
2022051200100079,2022년 5월 12일 07시,목요일,경상남도 양산시 호계동,중상사고,0,1,0,0,차량단독 - 공작물충돌,안전운전불이행,건조,맑음,교차로 - 교차로안,승용,남,37세,중상,,,,
2022051200100080,2022년 5월 12일 07시,목요일,경상남도 창원시 마산합포구 산호동,부상신고사고,0,0,0,1,차대차 - 추돌,안전운전불이행,건조,맑음,교차로 - 교차로부근,승용,여,44세,상해없음,승용,남,37세,부상신고
2022051200100116,2022년 5월 12일 08시,목요일,경상남도 밀양시 삼문동,경상사고,0,0,1,0,차대차 - 측면충돌,안전운전불이행,건조,맑음,교차로 - 교차로안,승용,남,73세,상해없음,승용,여,34세,경상
2022051200100117,2022년 5월 12일 08시,목요일,경상남도 고성군 대가면,경상사고,0,0,1,0,차량단독 - 공작물충돌,안전운전불이행,건조,맑음,단일로 - 기타,승용,남,27세,경상,,,,
2022051200100179,2022년 5월 12일 10시,목요일,경상남도 거제시 장목면,경상사고,0,0,2,0,차대차 - 기타,안전운전불이행,건조,맑음,단일로 - 기타,승합,남,70세,상해없음,승용,여,41세,상해없음
2022051200100180,2022년 5월 12일 10시,목요일,경상남도 김해시 부곡동,경상사고,0,0,1,0,차대차 - 측면충돌,안전운전불이행,건조,맑음,교차로 - 교차로안,승용,남,59세,상해없음,화물,남,38세,경상
2022051200100205,2022년 5월 12일 11시,목요일,경상남도 합천군 묘산면,부상신고사고,0,0,0,1,차대차 - 측면충돌,중앙선침범,건조,맑음,단일로 - 기타,승용,여,48세,부상신고,건설기계,남,27세,상해없음
2022051200100206,2022년 5월 12일 11시,목요일,경상남도 양산시 평산동,경상사고,0,0,1,0,차대차 - 측면충돌,안전운전불이행,건조,맑음,교차로 - 교차로안,승용,여,41세,상해없음,승용,여,58세,경상
2022051200100236,2022년 5월 12일 12시,목요일,경상남도 통영시 봉평동,경상사고,0,0,1,0,차대차 - 후진중충돌,안전운전불이행,건조,맑음,단일로 - 기타,승용,여,49세,상해없음,승용,여,60세,경상
2022051200100237,2022년 5월 12일 12시,목요일,경상남도 양산시 물금읍,경상사고,0,0,1,0,차대차 - 측면충돌,중앙선침범,건조,맑음,단일로 - 기타,화물,남,52세,상해없음,이륜,남,33세,경상
2022051200100271,2022년 5월 12일 13시,목요일,경상남도 창원시 마산회원구 내서읍,경상사고,0,0,1,0,차대차 - 후진중충돌,안전운전불이행,건조,맑음,단일로 - 기타,화물,남,38세,상해없음,승용,남,35세,경상
2022051200100333,2022년 5월 12일 15시,목요일,경상남도 사천시 축동면,경상사고,0,0,3,0,차대차 - 기타,기타,건조,맑음,단일로 - 기타,화물,남,52세,상해없음,승용,남,56세,상해없음
2022051200100421,2022년 5월 12일 17시,목요일,경상남도 창원시 마산합포구 진동면,경상사고,0,0,1,0,차대차 - 측면충돌,안전거리미확보,건조,맑음,단일로 - 기타,화물,남,49세,상해없음,승용,남,70세,경상
2022051200100423,2022년 5월 12일 17시,목요일,경상남도 김해시 삼방동,경상사고,0,0,1,0,차대차 - 기타,안전운전불이행,건조,맑음,교차로 - 교차로안,승용,남,59세,상해없음,원동기,여,38세,경상
2022051200100424,2022년 5월 12일 17시,목요일,경상남도 김해시 외동,중상사고,0,3,4,0,차대차 - 측면충돌,신호위반,건조,맑음,교차로 - 교차로횡단보도내,승용,남,61세,상해없음,승용,여,52세,경상
2022051200100425,2022년 5월 12일 17시,목요일,경상남도 김해시 어방동,경상사고,0,0,1,0,차대차 - 측면충돌,안전운전불이행,건조,맑음,교차로 - 교차로안,승용,남,68세,상해없음,자전거,남,6세,경상
2022051200100426,2022년 5월 12일 17시,목요일,경상남도 거제시 사등면,중상사고,0,1,0,0,차대차 - 기타,안전운전불이행,건조,맑음,단일로 - 기타,화물,남,75세,상해없음,자전거,여,21세,중상
2022051200100466,2022년 5월 12일 18시,목요일,경상남도 창원시 진해구 용원동,경상사고,0,0,1,0,차대차 - 기타,안전운전불이행,건조,맑음,단일로 - 기타,승용,남,69세,상해없음,원동기,남,26세,경상
2022051200100467,2022년 5월 12일 18시,목요일,경상남도 산청군 생초면,중상사고,0,1,0,0,차량단독 - 기타,안전운전불이행,건조,맑음,단일로 - 기타,화물,남,54세,중상,,,,
2022051200100546,2022년 5월 12일 20시,목요일,경상남도 창원시 진해구 자은동,경상사고,0,0,3,0,차대차 - 추돌,안전운전불이행,건조,맑음,교차로 - 교차로부근,승용,남,53세,상해없음,화물,남,39세,경상
2022051200100563,2022년 5월 12일 21시,목요일,경상남도 밀양시 내이동,중상사고,0,1,0,0,차대차 - 측면충돌,안전운전불이행,건조,맑음,교차로 - 교차로안,승용,여,63세,상해없음,원동기,남,22세,중상
2022051200100564,2022년 5월 12일 21시,목요일,경상남도 함안군 칠서면,중상사고,0,1,0,0,차량단독 - 공작물충돌,안전운전불이행,건조,맑음,단일로 - 기타,승용,여,54세,중상,,,,
2022051200100587,2022년 5월 12일 22시,목요일,경상남도 진주시 충무공동,중상사고,0,1,0,0,차대차 - 측면충돌,신호위반,건조,맑음,교차로 - 교차로안,이륜,남,41세,상해없음,승용,남,52세,중상
2022051200100588,2022년 5월 12일 22시,목요일,경상남도 양산시 원동면,중상사고,0,1,0,0,차대차 - 추돌,안전운전불이행,건조,맑음,단일로 - 기타,승용,여,36세,상해없음,자전거,남,45세,중상
2022051200100603,2022년 5월 12일 23시,목요일,경상남도 김해시 대동면,중상사고,0,1,0,0,차대사람 - 차도통행중,안전운전불이행,건조,맑음,단일로 - 교량,승용,남,54세,상해없음,보행자,남,57세,중상
2022051200100604,2022년 5월 12일 23시,목요일,경상남도 하동군 진교면,중상사고,0,1,0,0,차대차 - 추돌,안전운전불이행,건조,맑음,단일로 - 기타,화물,남,67세,상해없음,화물,남,57세,중상
2022051300100032,2022년 5월 13일 04시,금요일,경상남도 김해시 내동,부상신고사고,0,0,0,1,차대차 - 측면충돌,안전운전불이행,건조,맑음,단일로 - 기타,이륜,남,53세,부상신고,화물,남,48세,상해없음
2022051300100033,2022년 5월 13일 04시,금요일,경상남도 창원시 성산구 신월동,중상사고,0,1,0,0,차대차 - 측면충돌,신호위반,건조,맑음,교차로 - 교차로안,이륜,남,27세,상해없음,이륜,남,25세,중상
2022051300100046,2022년 5월 13일 06시,금요일,경상남도 김해시 삼정동,중상사고,0,1,0,0,차대차 - 추돌,안전운전불이행,건조,맑음,교차로 - 교차로안,승합,여,67세,상해없음,승용,남,27세,중상
2022051300100072,2022년 5월 13일 07시,금요일,경상남도 통영시 용남면,경상사고,0,0,1,0,차대차 - 측면충돌,안전운전불이행,건조,맑음,단일로 - 기타,승용,남,30세,상해없음,화물,남,51세,경상
2022051300100073,2022년 5월 13일 07시,금요일,경상남도 거제시 옥포동,중상사고,0,1,0,0,차대차 - 측면충돌,교차로운행방법위반,건조,맑음,교차로 - 교차로안,승용,여,55세,상해없음,자전거,남,35세,중상
2022051300100074,2022년 5월 13일 07시,금요일,경상남도 김해시 주촌면,경상사고,0,0,1,0,차대차 - 측면충돌,안전운전불이행,건조,맑음,교차로 - 교차로횡단보도내,승용,남,32세,상해없음,자전거,남,52세,경상
2022051300100115,2022년 5월 13일 08시,금요일,경상남도 창원시 마산회원구 석전동,부상신고사고,0,0,0,1,차대사람 - 횡단중,보행자보호의무위반,건조,맑음,교차로 - 교차로횡단보도내,승용,여,65세,상해없음,보행자,남,6세,부상신고
2022051300100184,2022년 5월 13일 10시,금요일,경상남도 창원시 의창구 봉곡동,경상사고,0,0,1,0,차대차 - 기타,안전운전불이행,건조,맑음,교차로 - 교차로부근,승용,여,53세,상해없음,승합,남,51세,상해없음
2022051300100185,2022년 5월 13일 10시,금요일,경상남도 창원시 의창구 소답동,경상사고,0,0,1,0,차대사람 - 횡단중,안전운전불이행,건조,맑음,교차로 - 교차로안,승용,여,58세,상해없음,보행자,여,51세,경상
2022051300100223,2022년 5월 13일 11시,금요일,경상남도 양산시 어곡동,경상사고,0,0,1,0,차대차 - 측면충돌,신호위반,건조,맑음,기타 - 기타,승용,남,57세,상해없음,이륜,남,41세,경상
2022051300100262,2022년 5월 13일 12시,금요일,경상남도 사천시 용강동,경상사고,0,0,1,0,차대차 - 측면충돌,안전운전불이행,건조,맑음,교차로 - 교차로안,승용,여,61세,경상,화물,남,47세,상해없음
2022051300100332,2022년 5월 13일 14시,금요일,경상남도 창원시 진해구 경화동,경상사고,0,0,1,0,차대차 - 측면충돌,안전거리미확보,건조,맑음,교차로 - 교차로안,승용,남,66세,상해없음,승용,남,26세,경상
2022051300100333,2022년 5월 13일 14시,금요일,경상남도 의령군 봉수면,중상사고,0,1,0,0,차량단독 - 기타,안전운전불이행,건조,맑음,교차로 - 교차로부근,이륜,남,67세,중상,,,,
2022051300100441,2022년 5월 13일 17시,금요일,경상남도 진주시 미천면,중상사고,0,1,0,0,차대차 - 추돌,안전운전불이행,건조,맑음,기타 - 기타,승용,여,41세,기타불명,화물,남,58세,중상
2022051300100497,2022년 5월 13일 18시,금요일,경상남도 양산시 덕계동,경상사고,0,0,1,1,차대차 - 측면충돌,안전거리미확보,건조,맑음,단일로 - 기타,승용,남,72세,상해없음,승용,여,28세,경상
2022051300100498,2022년 5월 13일 18시,금요일,경상남도 창원시 마산회원구 석전동,경상사고,0,0,2,0,차대차 - 측면충돌,신호위반,젖음/습기,비,교차로 - 교차로안,승용,남,20세,상해없음,승용,남,59세,경상
2022051300100499,2022년 5월 13일 18시,금요일,경상남도 함안군 칠원읍,중상사고,0,1,4,0,차대차 - 추돌,안전운전불이행,서리/결빙,비,단일로 - 기타,승용,남,41세,경상,승용,남,26세,경상
2022051300100550,2022년 5월 13일 19시,금요일,경상남도 함양군 함양읍,중상사고,0,1,0,0,차대차 - 측면충돌,교차로운행방법위반,건조,맑음,교차로 - 교차로안,승용,남,48세,상해없음,이륜,남,49세,중상
2022051300100551,2022년 5월 13일 19시,금요일,경상남도 산청군 삼장면,중상사고,0,1,0,0,차대차 - 기타,안전운전불이행,건조,흐림,단일로 - 기타,화물,남,60세,상해없음,자전거,남,68세,중상
2022051300100552,2022년 5월 13일 19시,금요일,경상남도 창원시 의창구 중동,경상사고,0,0,1,0,차대차 - 기타,신호위반,건조,맑음,교차로 - 교차로안,원동기,남,22세,상해없음,자전거,남,12세,경상
2022051300100553,2022년 5월 13일 19시,금요일,경상남도 김해시 한림면,중상사고,0,1,0,0,차대사람 - 차도통행중,안전운전불이행,젖음/습기,비,교차로 - 교차로안,승용,여,43세,기타불명,보행자,여,56세,중상
2022051300100594,2022년 5월 13일 20시,금요일,경상남도 김해시 외동,경상사고,0,0,1,0,차대차 - 측면충돌,안전운전불이행,건조,맑음,교차로 - 교차로부근,개인형이동수단(PM),남,16세,상해없음,이륜,남,44세,경상
2022051300100595,2022년 5월 13일 20시,금요일,경상남도 하동군 진교면,사망사고,1,0,0,0,차대차 - 기타,중앙선침범,건조,맑음,단일로 - 기타,사륜오토바이(ATV),남,57세,사망,승용,여,49세,상해없음
2022051300100596,2022년 5월 13일 20시,금요일,경상남도 창원시 의창구 명서동,중상사고,0,1,0,0,차대차 - 정면충돌,안전운전불이행,건조,맑음,교차로 - 교차로안,승용,남,52세,상해없음,자전거,남,65세,중상
2022051300100625,2022년 5월 13일 21시,금요일,경상남도 거제시 고현동,경상사고,0,0,1,0,차대사람 - 기타,안전운전불이행,젖음/습기,흐림,단일로 - 기타,승용,남,66세,상해없음,보행자,여,22세,경상
2022051300100675,2022년 5월 13일 23시,금요일,경상남도 김해시 동상동,사망사고,1,0,0,0,차대사람 - 횡단중,안전운전불이행,젖음/습기,흐림,단일로 - 기타,화물,남,43세,상해없음,보행자,남,61세,사망
2022051400100020,2022년 5월 14일 01시,토요일,경상남도 창원시 의창구 소계동,경상사고,0,0,2,0,차대차 - 측면충돌,신호위반,건조,맑음,교차로 - 교차로안,승용,여,41세,상해없음,승용,남,25세,경상
2022051400100050,2022년 5월 14일 03시,토요일,경상남도 통영시 광도면,경상사고,0,0,2,0,차대차 - 측면충돌,안전운전불이행,건조,맑음,단일로 - 기타,승용,남,24세,상해없음,승용,남,48세,경상
2022051400100051,2022년 5월 14일 03시,토요일,경상남도 양산시 명동,사망사고,1,0,0,0,차량단독 - 공작물충돌,안전운전불이행,건조,맑음,교차로 - 교차로안,승용,남,25세,사망,,,,
2022051400100052,2022년 5월 14일 03시,토요일,경상남도 창원시 성산구 사파동,경상사고,0,0,2,0,차대차 - 측면충돌,안전운전불이행,건조,흐림,교차로 - 교차로안,이륜,남,19세,상해없음,승용,남,36세,경상
2022051400100134,2022년 5월 14일 09시,토요일,경상남도 거제시 고현동,중상사고,0,1,0,0,차대차 - 측면충돌,안전거리미확보,건조,맑음,단일로 - 기타,이륜,남,55세,중상,승용,여,33세,상해없음
2022051400100135,2022년 5월 14일 09시,토요일,경상남도 김해시 진영읍,경상사고,0,0,3,0,차대차 - 기타,신호위반,건조,맑음,교차로 - 교차로안,승용,여,62세,기타불명,승용,남,63세,경상
2022051400100164,2022년 5월 14일 10시,토요일,경상남도 사천시 정동면,경상사고,0,0,1,0,차대차 - 측면충돌,교차로운행방법위반,건조,맑음,교차로 - 교차로안,승용,여,53세,상해없음,화물,남,28세,경상
2022051400100165,2022년 5월 14일 10시,토요일,경상남도 밀양시 내이동,중상사고,0,2,0,0,차대차 - 추돌,안전운전불이행,건조,맑음,단일로 - 기타,화물,여,61세,상해없음,승용,여,57세,중상
2022051400100166,2022년 5월 14일 10시,토요일,경상남도 밀양시 삼랑진읍,중상사고,0,1,0,0,차대차 - 측면충돌,안전운전불이행,건조,맑음,교차로 - 교차로부근,이륜,남,37세,중상,승용,남,43세,상해없음
2022051400100205,2022년 5월 14일 11시,토요일,경상남도 밀양시 상동면,중상사고,0,1,0,0,차대사람 - 횡단중,보행자보호의무위반,건조,맑음,단일로 - 기타,승용,남,67세,상해없음,보행자,여,62세,중상
2022051400100206,2022년 5월 14일 11시,토요일,경상남도 밀양시 부북면,중상사고,0,1,0,0,차대차 - 측면충돌,교차로운행방법위반,건조,맑음,교차로 - 교차로안,승용,남,52세,상해없음,승용,여,49세,중상
2022051400100207,2022년 5월 14일 11시,토요일,경상남도 거제시 양정동,경상사고,0,0,1,0,차대차 - 측면충돌,교차로운행방법위반,건조,맑음,교차로 - 교차로안,승용,남,50세,기타불명,승용,남,39세,경상
2022051400100241,2022년 5월 14일 12시,토요일,경상남도 사천시 사천읍,부상신고사고,0,0,0,3,차대차 - 기타,안전운전불이행,건조,맑음,단일로 - 기타,승용,여,43세,상해없음,승용,남,43세,부상신고
2022051400100275,2022년 5월 14일 13시,토요일,경상남도 진주시 초전동,경상사고,0,0,2,0,차대차 - 정면충돌,중앙선침범,건조,맑음,단일로 - 기타,승용,여,47세,상해없음,승용,남,60세,경상
2022051400100276,2022년 5월 14일 13시,토요일,경상남도 통영시 도남동,경상사고,0,0,1,0,차대차 - 측면충돌,안전거리미확보,건조,맑음,단일로 - 기타,승합,남,29세,상해없음,이륜,남,23세,경상
2022051400100277,2022년 5월 14일 13시,토요일,경상남도 창원시 성산구 상남동,부상신고사고,0,0,0,1,차대차 - 추돌,안전운전불이행,건조,맑음,교차로 - 교차로부근,이륜,남,19세,상해없음,승용,여,43세,부상신고
2022051400100323,2022년 5월 14일 14시,토요일,경상남도 통영시 태평동,경상사고,0,0,1,0,차대차 - 추돌,안전운전불이행,건조,맑음,단일로 - 기타,화물,남,43세,상해없음,승용,여,50세,경상
2022051400100324,2022년 5월 14일 14시,토요일,경상남도 창원시 마산회원구 내서읍,경상사고,0,0,2,0,차대차 - 측면충돌,안전운전불이행,건조,맑음,단일로 - 기타,화물,남,62세,상해없음,승용,남,35세,경상
2022051400100371,2022년 5월 14일 15시,토요일,경상남도 창원시 마산합포구 신포동2가,중상사고,0,1,0,0,차대차 - 측면충돌,안전운전불이행,건조,맑음,교차로 - 교차로안,이륜,남,43세,중상,승용,여,46세,상해없음