사고번호,사고일시,요일,시군구,사고내용,사망자수,중상자수,경상자수,부상신고자수,사고유형,법규위반,노면상태,기상상태,도로형태,가해운전자 차종,가해운전자 성별,가해운전자 연령,가해운전자 상해정도,피해운전자 차종,피해운전자 성별,피해운전자 연령,피해운전자 상해정도
2022051400100372,2022년 5월 14일 15시,토요일,경상남도 통영시 광도면,경상사고,0,0,1,0,차대차 - 정면충돌,안전운전불이행,건조,맑음,교차로 - 교차로안,자전거,남,12세,경상,승용,남,41세,상해없음
2022051400100373,2022년 5월 14일 15시,토요일,경상남도 함양군 휴천면,중상사고,0,1,1,0,차대차 - 추돌,안전운전불이행,건조,맑음,단일로 - 기타,이륜,남,29세,경상,이륜,남,37세,중상
2022051400100374,2022년 5월 14일 15시,토요일,경상남도 김해시 삼문동,경상사고,0,0,2,0,차대차 - 기타,안전운전불이행,건조,맑음,교차로 - 교차로안,승합,남,58세,경상,승용,남,45세,상해없음
2022051400100419,2022년 5월 14일 16시,토요일,경상남도 밀양시 삼랑진읍,경상사고,0,0,1,0,차대차 - 측면충돌,신호위반,건조,맑음,교차로 - 교차로안,이륜,남,62세,경상,승용,남,59세,상해없음
2022051400100420,2022년 5월 14일 16시,토요일,경상남도 김해시 삼계동,중상사고,0,2,0,0,차대차 - 측면충돌,안전거리미확보,건조,맑음,기타 - 기타,승용,여,54세,상해없음,승용,남,53세,중상
2022051400100421,2022년 5월 14일 16시,토요일,경상남도 양산시 북정동,중상사고,0,1,1,0,차대차 - 기타,신호위반,건조,맑음,교차로 - 교차로안,이륜,남,58세,중상,승용,남,32세,경상
2022051400100422,2022년 5월 14일 16시,토요일,경상남도 양산시 물금읍,경상사고,0,0,1,1,차대차 - 측면충돌,안전운전불이행,건조,맑음,교차로 - 교차로횡단보도내,화물,남,47세,기타불명,승용,남,62세,상해없음
2022051400100423,2022년 5월 14일 16시,토요일,경상남도 거제시 일운면,경상사고,0,0,2,0,차대차 - 추돌,안전운전불이행,건조,맑음,단일로 - 기타,화물,남,77세,상해없음,승용,남,56세,경상
2022051400100424,2022년 5월 14일 16시,토요일,경상남도 김해시 신문동,경상사고,0,0,2,0,차대차 - 측면충돌,안전운전불이행,건조,맑음,교차로 - 교차로안,승용,남,22세,상해없음,승용,남,26세,경상
2022051400100464,2022년 5월 14일 17시,토요일,경상남도 김해시 생림면,경상사고,0,0,2,0,차대차 - 기타,안전운전불이행,건조,맑음,단일로 - 기타,승용,남,66세,경상,승용,남,65세,경상
2022051400100465,2022년 5월 14일 17시,토요일,경상남도 함안군 법수면,경상사고,0,0,2,0,차대차 - 측면충돌,교차로운행방법위반,건조,맑음,교차로 - 교차로안,승용,남,36세,경상,특수,남,25세,경상
2022051400100466,2022년 5월 14일 17시,토요일,경상남도 창원시 성산구 남양동,중상사고,0,1,0,0,차대사람 - 기타,안전운전불이행,건조,맑음,단일로 - 기타,자전거,남,29세,상해없음,보행자,여,7세,중상
2022051400100504,2022년 5월 14일 18시,토요일,경상남도 사천시 축동면,경상사고,0,0,1,0,차대차 - 측면충돌,안전운전불이행,건조,맑음,단일로 - 기타,승용,여,62세,상해없음,승용,여,49세,경상
2022051400100505,2022년 5월 14일 18시,토요일,경상남도 함안군 군북면,중상사고,0,1,0,0,차량단독 - 전도전복 - 전도,안전운전불이행,건조,맑음,단일로 - 기타,원동기,남,58세,중상,,,,
2022051400100541,2022년 5월 14일 19시,토요일,경상남도 통영시 광도면,경상사고,0,0,1,0,차대차 - 추돌,안전운전불이행,건조,맑음,단일로 - 기타,승용,남,50세,기타불명,승용,여,58세,경상
2022051400100542,2022년 5월 14일 19시,토요일,경상남도 양산시 물금읍,경상사고,0,0,2,0,차대차 - 추돌,안전운전불이행,건조,맑음,단일로 - 기타,승용,남,61세,상해없음,승용,여,51세,경상
2022051400100543,2022년 5월 14일 19시,토요일,경상남도 창원시 성산구 상남동,중상사고,0,1,0,0,차대차 - 정면충돌,신호위반,건조,맑음,교차로 - 교차로안,승용,여,54세,상해없음,승용,남,45세,중상
2022051400100544,2022년 5월 14일 19시,토요일,경상남도 창원시 성산구 성산동,경상사고,0,0,1,0,차대차 - 추돌,안전운전불이행,건조,맑음,교차로 - 교차로부근,승용,남,29세,상해없음,승용,남,58세,경상
2022051400100570,2022년 5월 14일 20시,토요일,경상남도 거창군 거창읍,경상사고,0,0,1,0,차대차 - 추돌,안전운전불이행,건조,맑음,교차로 - 교차로부근,승용,남,69세,상해없음,승용,여,61세,경상
2022051400100571,2022년 5월 14일 20시,토요일,경상남도 함양군 함양읍,경상사고,0,0,2,0,차대차 - 정면충돌,안전운전불이행,건조,맑음,단일로 - 기타,승용,여,56세,상해없음,이륜,남,24세,상해없음
2022051400100572,2022년 5월 14일 20시,토요일,경상남도 남해군 이동면,중상사고,0,1,0,0,차대사람 - 횡단중,안전운전불이행,건조,맑음,단일로 - 기타,승용,남,43세,상해없음,보행자,남,62세,중상
2022051400100626,2022년 5월 14일 22시,토요일,경상남도 창원시 성산구 남산동,중상사고,0,1,2,0,차대차 - 정면충돌,신호위반,건조,맑음,교차로 - 교차로안,승용,여,49세,상해없음,승용,남,30세,중상
2022051400100627,2022년 5월 14일 22시,토요일,경상남도 창원시 의창구 팔용동,경상사고,0,0,3,0,차대차 - 정면충돌,신호위반,건조,맑음,교차로 - 교차로안,승용,남,48세,상해없음,승용,여,51세,경상
2022051500100014,2022년 5월 15일 00시,일요일,경상남도 창원시 성산구 신촌동,경상사고,0,0,1,0,차대차 - 측면충돌,안전운전불이행,건조,맑음,교차로 - 교차로부근,승용,남,30세,상해없음,화물,남,47세,경상
2022051500100042,2022년 5월 15일 02시,일요일,경상남도 김해시 삼방동,중상사고,0,1,0,0,차대차 - 기타,안전운전불이행,건조,맑음,교차로 - 교차로안,이륜,남,60세,중상,승용,남,20세,상해없음
2022051500100043,2022년 5월 15일 02시,일요일,경상남도 김해시 어방동,경상사고,0,0,1,0,차대차 - 후진중충돌,안전운전불이행,건조,맑음,기타 - 기타,승용,남,51세,상해없음,이륜,남,16세,경상
2022051500100065,2022년 5월 15일 04시,일요일,경상남도 창원시 마산합포구 진전면,중상사고,0,2,0,0,차대차 - 정면충돌,신호위반,건조,맑음,단일로 - 기타,특수,남,70세,상해없음,승용,남,60세,중상
2022051500100116,2022년 5월 15일 09시,일요일,경상남도 김해시 부원동,중상사고,0,1,0,0,차대차 - 측면충돌,신호위반,건조,맑음,교차로 - 교차로안,화물,남,60세,상해없음,승용,여,24세,중상
2022051500100117,2022년 5월 15일 09시,일요일,경상남도 창원시 마산회원구 석전동,경상사고,0,0,1,0,차대차 - 측면충돌,신호위반,건조,맑음,교차로 - 교차로부근,승용,여,55세,상해없음,원동기,남,38세,경상
2022051500100144,2022년 5월 15일 10시,일요일,경상남도 함안군 칠원읍,경상사고,0,0,1,0,차량단독 - 기타,안전운전불이행,건조,맑음,단일로 - 기타,이륜,남,27세,경상,,,,
2022051500100170,2022년 5월 15일 11시,일요일,경상남도 진주시 상평동,중상사고,0,1,0,0,차대차 - 기타,안전운전불이행,건조,맑음,교차로 - 교차로안,승용,여,38세,상해없음,자전거,남,84세,중상
2022051500100171,2022년 5월 15일 11시,일요일,경상남도 통영시 북신동,경상사고,0,0,1,0,차량단독 - 전도전복 - 전도,안전운전불이행,건조,맑음,교차로 - 교차로안,이륜,남,48세,경상,,,,
2022051500100172,2022년 5월 15일 11시,일요일,경상남도 통영시 평림동,경상사고,0,0,2,0,차대차 - 추돌,안전거리미확보,건조,맑음,단일로 - 기타,화물,남,70세,상해없음,승용,남,33세,경상
2022051500100202,2022년 5월 15일 12시,일요일,경상남도 통영시 도남동,중상사고,0,1,1,0,차대차 - 측면충돌,신호위반,건조,맑음,교차로 - 교차로안,승용,남,62세,경상,승합,남,65세,상해없음
2022051500100231,2022년 5월 15일 13시,일요일,경상남도 남해군 미조면,경상사고,0,0,2,0,차대차 - 후진중충돌,안전운전불이행,건조,맑음,단일로 - 기타,승용,남,51세,상해없음,승용,남,61세,경상
2022051500100267,2022년 5월 15일 14시,일요일,경상남도 양산시 중부동,중상사고,0,1,0,0,차대사람 - 기타,안전운전불이행,건조,맑음,단일로 - 기타,승용,남,34세,상해없음,보행자,여,53세,중상
2022051500100296,2022년 5월 15일 15시,일요일,경상남도 밀양시 삼문동,경상사고,0,0,1,0,차대사람 - 횡단중,안전운전불이행,건조,맑음,단일로 - 기타,승용,여,32세,상해없음,보행자,여,93세,경상
2022051500100332,2022년 5월 15일 16시,일요일,경상남도 진주시 호탄동,경상사고,0,0,2,0,차대차 - 기타,중앙선침범,건조,맑음,교차로 - 교차로부근,승용,여,56세,상해없음,화물,남,65세,경상
2022051500100333,2022년 5월 15일 16시,일요일,경상남도 진주시 내동면,경상사고,0,0,2,0,차대차 - 기타,안전거리미확보,건조,맑음,기타 - 기타,승합,남,56세,상해없음,승용,남,35세,경상
2022051500100372,2022년 5월 15일 17시,일요일,경상남도 사천시 대방동,경상사고,0,0,3,0,차대차 - 추돌,안전운전불이행,건조,맑음,교차로 - 교차로부근,이륜,남,66세,경상,승용,여,53세,경상
2022051500100408,2022년 5월 15일 18시,일요일,경상남도 통영시 북신동,경상사고,0,0,1,0,차대차 - 기타,안전운전불이행,건조,맑음,단일로 - 기타,이륜,남,49세,기타불명,승용,여,42세,경상
2022051500100429,2022년 5월 15일 19시,일요일,경상남도 김해시 삼계동,중상사고,0,2,0,0,차대사람 - 기타,안전운전불이행,건조,흐림,단일로 - 기타,이륜,남,20세,중상,보행자,남,52세,중상
2022051500100430,2022년 5월 15일 19시,일요일,경상남도 양산시 동면,중상사고,0,1,0,0,차대차 - 기타,안전운전불이행,건조,맑음,기타 - 기타,자전거,남,14세,기타불명,자전거,남,14세,중상
2022051500100431,2022년 5월 15일 19시,일요일,경상남도 창원시 성산구 용호동,중상사고,0,1,0,0,차대차 - 측면충돌,신호위반,건조,맑음,교차로 - 교차로안,이륜,남,64세,상해없음,승용,남,41세,중상
2022051500100473,2022년 5월 15일 21시,일요일,경상남도 창원시 진해구 용원동,부상신고사고,0,0,0,2,차대차 - 기타,안전운전불이행,건조,맑음,단일로 - 기타,개인형이동수단(PM),여,14세,부상신고,승용,남,30세,기타불명
2022051500100487,2022년 5월 15일 22시,일요일,경상남도 사천시 사천읍,중상사고,0,1,0,0,차대차 - 정면충돌,신호위반,건조,맑음,교차로 - 교차로안,승용,남,62세,상해없음,이륜,남,30세,중상
2022051500100488,2022년 5월 15일 22시,일요일,경상남도 양산시 삼호동,경상사고,0,0,1,0,차대차 - 기타,안전운전불이행,건조,맑음,교차로 - 교차로안,승용,여,50세,상해없음,승합,남,50세,상해없음
2022051600100012,2022년 5월 16일 01시,월요일,경상남도 양산시 동면,중상사고,0,1,0,0,차대차 - 추돌,안전운전불이행,건조,맑음,단일로 - 기타,화물,남,39세,상해없음,승용,남,23세,중상
2022051600100026,2022년 5월 16일 05시,월요일,경상남도 김해시 대동면,경상사고,0,0,1,0,차대차 - 측면충돌,안전거리미확보,건조,맑음,단일로 - 기타,화물,남,64세,상해없음,승용,남,27세,경상
2022051600100045,2022년 5월 16일 06시,월요일,경상남도 양산시 유산동,중상사고,0,1,0,0,차대차 - 측면충돌,신호위반,건조,맑음,교차로 - 교차로안,승용,남,38세,상해없음,이륜,남,49세,중상
2022051600100068,2022년 5월 16일 07시,월요일,경상남도 거제시 연초면,중상사고,0,1,0,0,차대차 - 측면충돌,중앙선침범,건조,맑음,단일로 - 기타,승합,남,50세,상해없음,승용,남,51세,중상
2022051600100114,2022년 5월 16일 08시,월요일,경상남도 김해시 어방동,경상사고,0,0,1,0,차대차 - 후진중충돌,안전운전불이행,건조,맑음,교차로 - 교차로안,승용,남,52세,상해없음,자전거,남,18세,경상
2022051600100115,2022년 5월 16일 08시,월요일,경상남도 하동군 적량면,중상사고,0,1,0,0,차대차 - 정면충돌,중앙선침범,건조,맑음,교차로 - 교차로안,화물,남,37세,상해없음,승용,남,72세,중상
2022051600100137,2022년 5월 16일 09시,월요일,경상남도 김해시 대동면,경상사고,0,0,1,0,차대차 - 기타,기타,건조,맑음,단일로 - 기타,화물,남,75세,상해없음,승용,남,37세,경상
2022051600100157,2022년 5월 16일 09시,월요일,경상남도 진주시 주약동,경상사고,0,0,1,0,차대사람 - 기타,보행자보호의무위반,건조,맑음,교차로 - 교차로횡단보도내,승용,남,70세,상해없음,보행자,여,36세,경상
2022051600100158,2022년 5월 16일 09시,월요일,경상남도 사천시 용현면,경상사고,0,0,1,0,차량단독 - 도로외이탈 - 추락,안전운전불이행,건조,맑음,단일로 - 기타,건설기계,남,61세,경상,,,,
2022051600100193,2022년 5월 16일 10시,월요일,경상남도 김해시 어방동,경상사고,0,0,1,0,차대차 - 추돌,안전운전불이행,건조,맑음,단일로 - 기타,승용,여,49세,상해없음,승용,남,64세,경상
2022051600100194,2022년 5월 16일 10시,월요일,경상남도 거제시 상동동,경상사고,0,0,2,0,차대차 - 기타,교차로운행방법위반,건조,맑음,교차로 - 교차로안,승용,남,27세,상해없음,승용,남,25세,경상
2022051600100221,2022년 5월 16일 11시,월요일,경상남도 합천군 합천읍,부상신고사고,0,0,0,1,차대차 - 측면충돌,신호위반,건조,맑음,교차로 - 교차로부근,이륜,남,81세,부상신고,화물,여,71세,상해없음
2022051600100222,2022년 5월 16일 11시,월요일,경상남도 고성군 고성읍,중상사고,0,1,0,0,차대사람 - 횡단중,보행자보호의무위반,건조,맑음,단일로 - 기타,승용,남,25세,상해없음,보행자,남,82세,중상
2022051600100223,2022년 5월 16일 11시,월요일,경상남도 김해시 내덕동,중상사고,0,1,0,0,차대사람 - 차도통행중,안전운전불이행,건조,맑음,단일로 - 기타,승용,여,62세,상해없음,보행자,여,67세,중상
2022051600100255,2022년 5월 16일 12시,월요일,경상남도 진주시 신안동,중상사고,0,2,0,0,차대차 - 기타,직진우회전진행방해,건조,맑음,단일로 - 기타,승용,여,27세,상해없음,승용,남,64세,중상
2022051600100288,2022년 5월 16일 13시,월요일,경상남도 밀양시 내이동,중상사고,0,1,0,0,차대차 - 측면충돌,안전운전불이행,건조,맑음,교차로 - 교차로부근,승용,여,64세,상해없음,이륜,남,34세,중상
2022051600100323,2022년 5월 16일 14시,월요일,경상남도 사천시 용강동,중상사고,0,1,0,0,차대차 - 측면충돌,신호위반,건조,맑음,교차로 - 교차로안,화물,남,43세,상해없음,승용,남,72세,중상
2022051600100324,2022년 5월 16일 14시,월요일,경상남도 양산시 용당동,중상사고,0,1,0,0,차대사람 - 횡단중,신호위반,건조,맑음,단일로 - 기타,화물,남,37세,상해없음,보행자,여,59세,중상
2022051600100325,2022년 5월 16일 14시,월요일,경상남도 창원시 의창구 팔용동,경상사고,0,0,1,0,차대차 - 기타,안전거리미확보,건조,맑음,교차로 - 교차로안,승합,남,53세,상해없음,승용,남,37세,상해없음
2022051600100345,2022년 5월 16일 15시,월요일,경상남도 양산시 상북면,경상사고,0,0,1,0,차대차 - 기타,안전거리미확보,건조,맑음,단일로 - 기타,승용,남,18세,상해없음,승용,남,28세,경상
2022051600100364,2022년 5월 16일 15시,월요일,경상남도 양산시 상북면,경상사고,0,0,1,0,차대차 - 측면충돌,교차로운행방법위반,건조,맑음,교차로 - 교차로부근,승용,여,76세,경상,승용,여,68세,상해없음
2022051600100365,2022년 5월 16일 15시,월요일,경상남도 양산시 명동,경상사고,0,0,1,0,차대차 - 측면충돌,안전운전불이행,건조,맑음,교차로 - 교차로안,승용,여,68세,상해없음,승용,여,39세,경상
2022051600100366,2022년 5월 16일 15시,월요일,경상남도 양산시 삼호동,경상사고,0,0,1,0,차대차 - 추돌,안전운전불이행,건조,맑음,교차로 - 교차로부근,화물,남,47세,상해없음,승용,남,42세,경상
2022051600100367,2022년 5월 16일 15시,월요일,경상남도 김해시 부곡동,중상사고,0,1,1,0,차대차 - 측면충돌,안전운전불이행,건조,맑음,교차로 - 교차로부근,승용,남,66세,상해없음,화물,남,38세,상해없음
2022051600100399,2022년 5월 16일 16시,월요일,경상남도 창원시 의창구 도계동,경상사고,0,0,1,0,차대차 - 측면충돌,교차로운행방법위반,건조,맑음,교차로 - 교차로안,이륜,남,31세,상해없음,승용,남,29세,경상
2022051600100449,2022년 5월 16일 17시,월요일,경상남도 창원시 마산합포구 월영동,경상사고,0,0,1,0,차량단독 - 기타,안전운전불이행,건조,맑음,단일로 - 기타,승합,남,57세,상해없음,,,,
2022051600100450,2022년 5월 16일 17시,월요일,경상남도 창원시 의창구 중동,경상사고,0,0,1,0,차대차 - 측면충돌,중앙선침범,건조,맑음,단일로 - 기타,승용,남,28세,상해없음,승용,남,44세,경상
2022051600100451,2022년 5월 16일 17시,월요일,경상남도 김해시 신문동,경상사고,0,0,1,0,차대차 - 측면충돌,안전운전불이행,건조,맑음,교차로 - 교차로안,승용,남,61세,상해없음,승용,남,24세,경상
2022051600100486,2022년 5월 16일 18시,월요일,경상남도 김해시 구산동,경상사고,0,0,1,0,차대차 - 측면충돌,안전운전불이행,건조,맑음,교차로 - 교차로횡단보도내,화물,남,35세,상해없음,자전거,남,67세,경상
2022051600100487,2022년 5월 16일 18시,월요일,경상남도 함양군 안의면,경상사고,0,0,1,0,차대차 - 추돌,안전운전불이행,건조,맑음,교차로 - 교차로부근,승용,여,24세,상해없음,승용,여,47세,경상
2022051600100488,2022년 5월 16일 18시,월요일,경상남도 거제시 양정동,경상사고,0,0,1,0,차대차 - 기타,기타,건조,맑음,교차로 - 교차로안,이륜,남,37세,경상,승용,남,38세,상해없음
2022051600100527,2022년 5월 16일 19시,월요일,경상남도 진주시 봉곡동,경상사고,0,0,1,0,차대사람 - 기타,안전운전불이행,건조,맑음,단일로 - 기타,승용,남,39세,상해없음,보행자,남,18세,경상
2022051600100558,2022년 5월 16일 20시,월요일,경상남도 진주시 충무공동,경상사고,0,0,2,0,차대차 - 측면충돌,중앙선침범,건조,맑음,단일로 - 기타,승용,남,31세,상해없음,이륜,남,31세,경상
2022051600100559,2022년 5월 16일 20시,월요일,경상남도 사천시 정동면,경상사고,0,0,1,0,차대차 - 측면충돌,교차로운행방법위반,건조,맑음,교차로 - 교차로안,승용,여,62세,상해없음,승용,남,31세,경상
2022051600100560,2022년 5월 16일 20시,월요일,경상남도 양산시 북정동,경상사고,0,0,1,0,차대차 - 추돌,안전운전불이행,건조,맑음,단일로 - 기타,승용,여,49세,경상,승용,남,45세,기타불명
2022051700100007,2022년 5월 17일 00시,화요일,경상남도 거창군 거창읍,경상사고,0,0,1,0,차량단독 - 전도전복 - 전도,안전운전불이행,건조,맑음,교차로 - 교차로안,이륜,남,41세,경상,,,,
2022051700100021,2022년 5월 17일 02시,화요일,경상남도 창원시 진해구 석동,중상사고,0,1,3,0,차대차 - 추돌,안전운전불이행,건조,맑음,교차로 - 교차로부근,승용,남,39세,상해없음,승용,남,62세,중상
2022051700100028,2022년 5월 17일 03시,화요일,경상남도 김해시 대성동,중상사고,0,1,1,0,차대차 - 측면충돌,기타,건조,맑음,단일로 - 기타,승용,남,35세,경상,승합,여,58세,중상
2022051700100040,2022년 5월 17일 06시,화요일,경상남도 김해시 대동면,사망사고,1,0,0,0,차대차 - 기타,안전운전불이행,건조,맑음,단일로 - 기타,화물,남,44세,사망,화물,남,53세,기타불명
2022051700100065,2022년 5월 17일 07시,화요일,경상남도 거창군 거창읍,경상사고,0,0,2,0,차대차 - 측면충돌,기타,건조,맑음,교차로 - 교차로안,승용,여,27세,상해없음,화물,남,72세,경상
2022051700100066,2022년 5월 17일 07시,화요일,경상남도 양산시 물금읍,중상사고,0,1,1,0,차대차 - 측면충돌,안전운전불이행,건조,맑음,교차로 - 교차로안,승용,남,63세,경상,승용,남,47세,중상
2022051700100067,2022년 5월 17일 07시,화요일,경상남도 고성군 동해면,경상사고,0,0,2,0,차대차 - 측면충돌,안전운전불이행,건조,맑음,교차로 - 교차로안,승용,남,45세,상해없음,승용,남,45세,경상
2022051700100111,2022년 5월 17일 08시,화요일,경상남도 밀양시 내이동,중상사고,0,1,0,0,차대사람 - 횡단중,안전운전불이행,건조,맑음,교차로 - 교차로안,승용,여,39세,상해없음,보행자,여,66세,중상
2022051700100112,2022년 5월 17일 08시,화요일,경상남도 창원시 마산회원구 두척동,중상사고,0,1,0,0,차대차 - 정면충돌,신호위반,건조,맑음,교차로 - 교차로안,승용,남,59세,상해없음,승용,여,25세,중상
2022051700100138,2022년 5월 17일 09시,화요일,경상남도 창원시 진해구 충무동,중상사고,0,1,0,0,차대차 - 기타,안전운전불이행,건조,맑음,단일로 - 기타,승용,남,19세,상해없음,승용,여,50세,중상
2022051700100139,2022년 5월 17일 09시,화요일,경상남도 고성군 영오면,중상사고,0,1,0,0,차대사람 - 차도통행중,안전운전불이행,건조,맑음,단일로 - 기타,화물,남,70세,상해없음,보행자,여,85세,중상
2022051700100140,2022년 5월 17일 09시,화요일,경상남도 창원시 의창구 사화동,경상사고,0,0,2,0,차대차 - 추돌,안전운전불이행,건조,맑음,단일로 - 기타,화물,남,57세,경상,화물,남,41세,경상
2022051700100175,2022년 5월 17일 10시,화요일,경상남도 창원시 마산합포구 신포동1가,경상사고,0,0,2,0,차대차 - 측면충돌,신호위반,건조,맑음,교차로 - 교차로안,승용,남,47세,상해없음,승용,남,70세,경상
2022051700100176,2022년 5월 17일 10시,화요일,경상남도 김해시 대동면,중상사고,0,1,1,0,차대차 - 측면충돌,중앙선침범,건조,맑음,단일로 - 기타,화물,여,60세,상해없음,승용,남,75세,경상
2022051700100177,2022년 5월 17일 10시,화요일,경상남도 김해시 안동,중상사고,0,1,0,0,차대차 - 측면충돌,신호위반,건조,맑음,교차로 - 교차로안,승용,남,31세,상해없음,승용,남,67세,중상
2022051700100178,2022년 5월 17일 10시,화요일,경상남도 함안군 군북면,중상사고,0,1,0,0,차대차 - 측면충돌,안전운전불이행,건조,맑음,교차로 - 교차로안,이륜,남,72세,중상,승용,남,73세,상해없음
2022051700100201,2022년 5월 17일 11시,화요일,경상남도 창원시 마산합포구 상남동,경상사고,0,0,1,0,차대차 - 추돌,안전운전불이행,건조,맑음,교차로 - 교차로부근,승용,여,52세,상해없음,승용,여,68세,경상
2022051700100202,2022년 5월 17일 11시,화요일,경상남도 사천시 사천읍,경상사고,0,0,1,0,차대차 - 측면충돌,직진우회전진행방해,건조,맑음,교차로 - 교차로안,승용,남,60세,상해없음,이륜,남,56세,경상
2022051700100203,2022년 5월 17일 11시,화요일,경상남도 김해시 내덕동,중상사고,0,1,0,0,차대차 - 추돌,안전운전불이행,건조,맑음,단일로 - 기타,승용,남,57세,상해없음,화물,남,69세,중상
2022051700100241,2022년 5월 17일 12시,화요일,경상남도 함안군 칠서면,중상사고,0,1,1,0,차대차 - 측면충돌,기타,건조,맑음,교차로 - 교차로안,승용,여,55세,중상,승용,여,42세,경상
2022051700100308,2022년 5월 17일 14시,화요일,경상남도 진주시 중안동,경상사고,0,0,1,0,차대차 - 측면충돌,직진우회전진행방해,건조,맑음,교차로 - 교차로안,승합,남,40세,상해없음,이륜,남,51세,경상
2022051700100309,2022년 5월 17일 14시,화요일,경상남도 진주시 문산읍,중상사고,0,3,0,0,차대차 - 추돌,안전운전불이행,건조,맑음,교차로 - 교차로부근,화물,남,64세,상해없음,승용,여,50세,중상
2022051700100310,2022년 5월 17일 14시,화요일,경상남도 김해시 어방동,중상사고,0,1,0,0,차대차 - 추돌,안전운전불이행,건조,맑음,단일로 - 기타,승용,여,42세,상해없음,승용,여,61세,중상
2022051700100311,2022년 5월 17일 14시,화요일,경상남도 김해시 구산동,경상사고,0,0,1,0,차대차 - 측면충돌,차로위반,건조,맑음,단일로 - 기타,승용,남,67세,상해없음,화물,남,48세,경상
2022051700100312,2022년 5월 17일 14시,화요일,경상남도 김해시 한림면,경상사고,0,0,2,0,차대차 - 추돌,안전운전불이행,건조,맑음,단일로 - 기타,승용,남,67세,상해없음,승합,남,67세,상해없음
2022051700100382,2022년 5월 17일 16시,화요일,경상남도 거제시 일운면,경상사고,0,0,1,0,차대차 - 기타,중앙선침범,건조,맑음,단일로 - 기타,승용,남,75세,상해없음,화물,남,55세,경상
2022051700100383,2022년 5월 17일 16시,화요일,경상남도 창원시 의창구 동읍,경상사고,0,0,4,0,차대차 - 측면충돌,신호위반,건조,맑음,교차로 - 교차로안,승용,남,33세,경상,승용,여,38세,경상
2022051700100433,2022년 5월 17일 17시,화요일,경상남도 창원시 의창구 도계동,경상사고,0,0,1,0,차대차 - 측면충돌,안전운전불이행,건조,맑음,교차로 - 교차로안,승용,남,29세,상해없음,자전거,남,9세,경상
2022051700100434,2022년 5월 17일 17시,화요일,경상남도 김해시 율하동,경상사고,0,0,1,0,차대사람 - 횡단중,안전운전불이행,건조,맑음,교차로 - 교차로부근,화물,남,47세,상해없음,보행자,남,51세,경상
2022051700100483,2022년 5월 17일 18시,화요일,경상남도 창원시 진해구 안골동,경상사고,0,0,2,0,차대차 - 기타,교차로운행방법위반,건조,맑음,교차로 - 교차로안,승용,남,47세,상해없음,승용,남,21세,경상
2022051700100484,2022년 5월 17일 18시,화요일,경상남도 김해시 삼정동,경상사고,0,0,4,0,차대차 - 추돌,안전거리미확보,건조,맑음,단일로 - 기타,승용,여,42세,경상,승용,여,46세,경상
2022051700100485,2022년 5월 17일 18시,화요일,경상남도 창원시 의창구 서상동,경상사고,0,0,1,0,차대차 - 측면충돌,신호위반,건조,맑음,교차로 - 교차로횡단보도내,승용,여,52세,상해없음,자전거,남,28세,경상
2022051700100486,2022년 5월 17일 18시,화요일,경상남도 김해시 대청동,경상사고,0,0,1,0,차대차 - 기타,안전운전불이행,건조,맑음,교차로 - 교차로부근,승용,여,22세,상해없음,이륜,남,18세,경상
2022051700100517,2022년 5월 17일 19시,화요일,경상남도 통영시 용남면,경상사고,0,0,1,0,차대차 - 측면충돌,안전운전불이행,건조,맑음,기타 - 기타,승용,남,22세,상해없음,승용,여,49세,경상
2022051700100518,2022년 5월 17일 19시,화요일,경상남도 산청군 신안면,중상사고,0,1,0,0,차대사람 - 기타,안전운전불이행,건조,맑음,단일로 - 기타,승용,남,59세,상해없음,보행자,남,50세,중상
2022051700100544,2022년 5월 17일 20시,화요일,경상남도 창원시 진해구 석동,경상사고,0,0,2,0,차대차 - 추돌,안전운전불이행,건조,맑음,단일로 - 기타,승용,남,54세,상해없음,승용,여,49세,경상
2022051700100545,2022년 5월 17일 20시,화요일,경상남도 창원시 마산회원구 양덕동,경상사고,0,0,2,0,차대차 - 추돌,안전운전불이행,건조,맑음,교차로 - 교차로안,승합,남,58세,상해없음,승용,남,31세,경상
2022051700100570,2022년 5월 17일 21시,화요일,경상남도 창원시 마산회원구 회원동,중상사고,0,1,0,0,차대차 - 추돌,안전운전불이행,건조,맑음,교차로 - 교차로부근,화물,남,55세,상해없음,승용,남,37세,중상
2022051700100591,2022년 5월 17일 22시,화요일,경상남도 양산시 물금읍,경상사고,0,0,1,0,차대차 - 측면충돌,안전운전불이행,건조,맑음,교차로 - 교차로부근,이륜,남,28세,상해없음,원동기,남,25세,경상
2022051700100614,2022년 5월 17일 23시,화요일,경상남도 김해시 안동,경상사고,0,0,1,0,차량단독 - 공작물충돌,안전운전불이행,건조,맑음,단일로 - 기타,이륜,남,31세,경상,,,,
2022051700100615,2022년 5월 17일 23시,화요일,경상남도 남해군 남해읍,부상신고사고,0,0,0,1,차대사람 - 기타,안전운전불이행,건조,맑음,단일로 - 기타,승용,남,29세,상해없음,보행자,남,71세,부상신고