사고번호,사고일시,요일,시군구,사고내용,사망자수,중상자수,경상자수,부상신고자수,사고유형,법규위반,노면상태,기상상태,도로형태,가해운전자 차종,가해운전자 성별,가해운전자 연령,가해운전자 상해정도,피해운전자 차종,피해운전자 성별,피해운전자 연령,피해운전자 상해정도
2022052100100565,2022년 5월 21일 21시,토요일,경상남도 김해시 외동,중상사고,0,1,0,0,차대사람 - 차도통행중,안전운전불이행,건조,맑음,단일로 - 기타,승용,남,57세,상해없음,보행자,남,64세,중상
2022052100100566,2022년 5월 21일 21시,토요일,경상남도 김해시 동상동,경상사고,0,0,1,0,차대사람 - 차도통행중,기타,건조,맑음,단일로 - 기타,승용,남,24세,상해없음,보행자,남,24세,경상
2022052200100043,2022년 5월 22일 04시,일요일,경상남도 창원시 마산합포구 산호동,중상사고,0,1,0,1,차대차 - 측면충돌,기타,건조,맑음,교차로 - 교차로안,승용,남,19세,상해없음,승합,남,64세,중상
2022052200100078,2022년 5월 22일 08시,일요일,경상남도 의령군 지정면,중상사고,0,1,0,0,차대차 - 측면충돌,중앙선침범,건조,맑음,단일로 - 기타,농기계,남,63세,상해없음,이륜,여,66세,중상
2022052200100171,2022년 5월 22일 12시,일요일,경상남도 거제시 옥포동,경상사고,0,0,1,0,차대차 - 측면충돌,안전운전불이행,건조,맑음,교차로 - 교차로안,개인형이동수단(PM),여,14세,상해없음,승용,여,52세,경상
2022052200100204,2022년 5월 22일 13시,일요일,경상남도 밀양시 하남읍,중상사고,0,1,0,0,차대차 - 추돌,안전운전불이행,건조,맑음,단일로 - 기타,승용,남,30세,상해없음,화물,남,68세,상해없음
2022052200100205,2022년 5월 22일 13시,일요일,경상남도 양산시 북부동,부상신고사고,0,0,0,1,차대차 - 추돌,안전운전불이행,건조,맑음,교차로 - 교차로안,승용,여,75세,상해없음,승용,남,26세,부상신고
2022052200100206,2022년 5월 22일 13시,일요일,경상남도 함안군 가야읍,경상사고,0,0,1,0,차대차 - 측면충돌,안전운전불이행,건조,맑음,교차로 - 교차로안,승용,남,56세,상해없음,이륜,남,39세,경상
2022052200100207,2022년 5월 22일 13시,일요일,경상남도 창원시 마산회원구 내서읍,경상사고,0,0,2,0,차대차 - 추돌,안전운전불이행,건조,맑음,교차로 - 교차로부근,승합,남,45세,상해없음,승합,남,62세,경상
2022052200100272,2022년 5월 22일 15시,일요일,경상남도 창원시 진해구 여좌동,중상사고,0,1,0,0,차대사람 - 차도통행중,안전운전불이행,건조,맑음,단일로 - 기타,승용,여,46세,상해없음,보행자,남,4세,중상
2022052200100311,2022년 5월 22일 16시,일요일,경상남도 통영시 평림동,중상사고,0,3,3,0,차대차 - 정면충돌,중앙선침범,건조,맑음,단일로 - 기타,승용,남,43세,중상,승용,남,41세,중상
2022052200100312,2022년 5월 22일 16시,일요일,경상남도 창원시 마산회원구 내서읍,중상사고,0,1,0,0,차대차 - 측면충돌,안전운전불이행,건조,맑음,교차로 - 교차로안,승용,남,64세,상해없음,화물,남,52세,중상
2022052200100355,2022년 5월 22일 17시,일요일,경상남도 창녕군 유어면,경상사고,0,0,1,0,차대차 - 후진중충돌,안전운전불이행,건조,맑음,단일로 - 기타,승합,여,41세,상해없음,승용,여,56세,경상
2022052200100357,2022년 5월 22일 17시,일요일,경상남도 김해시 율하동,중상사고,0,1,0,0,차대사람 - 횡단중,안전운전불이행,건조,맑음,단일로 - 기타,이륜,남,40세,상해없음,보행자,남,23세,중상
2022052200100389,2022년 5월 22일 18시,일요일,경상남도 김해시 주촌면,경상사고,0,0,1,0,차대차 - 측면충돌,안전운전불이행,건조,맑음,교차로 - 교차로안,화물,남,67세,상해없음,승용,여,41세,경상
2022052200100409,2022년 5월 22일 19시,일요일,경상남도 밀양시 교동,경상사고,0,0,1,0,차대차 - 측면충돌,안전운전불이행,건조,흐림,교차로 - 교차로안,승용,여,30세,상해없음,이륜,남,55세,경상
2022052200100410,2022년 5월 22일 19시,일요일,경상남도 김해시 어방동,경상사고,0,0,6,0,차대차 - 추돌,안전운전불이행,건조,맑음,단일로 - 기타,화물,남,68세,상해없음,승용,남,22세,경상
2022052200100453,2022년 5월 22일 21시,일요일,경상남도 진주시 금곡면,중상사고,0,1,0,0,차대사람 - 차도통행중,안전운전불이행,건조,맑음,단일로 - 기타,승용,남,34세,상해없음,보행자,남,78세,중상
2022052200100476,2022년 5월 22일 22시,일요일,경상남도 창원시 마산회원구 구암동,경상사고,0,0,2,0,차대차 - 추돌,안전운전불이행,건조,맑음,교차로 - 교차로부근,승용,남,62세,상해없음,승용,남,54세,경상
2022052300100034,2022년 5월 23일 05시,월요일,경상남도 진주시 상봉동,중상사고,0,1,0,0,차대차 - 기타,안전운전불이행,건조,맑음,교차로 - 교차로안,승용,남,33세,상해없음,승용,남,60세,중상
2022052300100035,2022년 5월 23일 05시,월요일,경상남도 김해시 어방동,중상사고,0,1,0,0,차대사람 - 횡단중,안전운전불이행,건조,맑음,교차로 - 교차로횡단보도내,승용,남,52세,상해없음,보행자,여,80세,중상
2022052300100073,2022년 5월 23일 07시,월요일,경상남도 거창군 북상면,중상사고,0,1,0,0,차대차 - 측면충돌,안전운전불이행,건조,맑음,단일로 - 기타,승용,남,51세,상해없음,농기계,남,84세,중상
2022052300100088,2022년 5월 23일 08시,월요일,경상남도 김해시 대동면,경상사고,0,0,1,0,차대차 - 기타,차로위반,건조,맑음,단일로 - 기타,화물,남,66세,상해없음,승용,남,32세,경상
2022052300100111,2022년 5월 23일 08시,월요일,경상남도 김해시 외동,경상사고,0,0,1,0,차대사람 - 횡단중,보행자보호의무위반,건조,맑음,단일로 - 기타,승용,남,60세,상해없음,보행자,여,24세,경상
2022052300100112,2022년 5월 23일 08시,월요일,경상남도 김해시 구산동,중상사고,0,1,0,0,차대사람 - 횡단중,안전운전불이행,건조,맑음,교차로 - 교차로안,승용,남,63세,상해없음,보행자,여,73세,중상
2022052300100113,2022년 5월 23일 08시,월요일,경상남도 고성군 고성읍,경상사고,0,0,1,0,차대차 - 측면충돌,안전운전불이행,건조,맑음,교차로 - 교차로횡단보도내,승용,여,61세,상해없음,자전거,남,35세,경상
2022052300100114,2022년 5월 23일 08시,월요일,경상남도 창원시 의창구 도계동,경상사고,0,0,2,0,차대차 - 측면충돌,차로위반,건조,맑음,교차로 - 교차로안,승용,여,39세,상해없음,승합,남,31세,경상
2022052300100150,2022년 5월 23일 09시,월요일,경상남도 통영시 무전동,중상사고,0,1,0,0,차대차 - 측면충돌,안전운전불이행,건조,맑음,교차로 - 교차로안,승용,남,67세,상해없음,이륜,남,26세,중상
2022052300100220,2022년 5월 23일 11시,월요일,경상남도 창원시 마산합포구 월남동1가,경상사고,0,0,2,0,차대차 - 측면충돌,신호위반,건조,맑음,교차로 - 교차로안,승용,남,78세,상해없음,승용,여,37세,경상
2022052300100221,2022년 5월 23일 11시,월요일,경상남도 김해시 삼방동,경상사고,0,0,1,0,차대차 - 측면충돌,기타,건조,맑음,교차로 - 교차로안,승용,남,31세,상해없음,이륜,남,50세,경상
2022052300100222,2022년 5월 23일 11시,월요일,경상남도 함안군 칠원읍,중상사고,0,1,0,0,차대사람 - 기타,안전운전불이행,건조,맑음,기타 - 기타,승합,남,46세,상해없음,보행자,여,77세,중상
2022052300100254,2022년 5월 23일 12시,월요일,경상남도 통영시 무전동,중상사고,0,1,1,0,차량단독 - 공작물충돌,안전운전불이행,건조,맑음,교차로 - 교차로부근,승용,남,70세,경상,,,,
2022052300100255,2022년 5월 23일 12시,월요일,경상남도 함안군 산인면,경상사고,0,0,1,0,차대차 - 측면충돌,안전운전불이행,건조,흐림,기타 - 기타,승용,남,71세,경상,화물,남,56세,상해없음
2022052300100256,2022년 5월 23일 12시,월요일,경상남도 창원시 성산구 중앙동,경상사고,0,0,1,0,차대사람 - 기타,안전운전불이행,건조,맑음,단일로 - 기타,승용,남,31세,상해없음,보행자,남,48세,경상
2022052300100288,2022년 5월 23일 13시,월요일,경상남도 사천시 사천읍,경상사고,0,0,1,0,차대차 - 추돌,안전운전불이행,건조,맑음,교차로 - 교차로부근,건설기계,남,64세,상해없음,승용,남,43세,경상
2022052300100289,2022년 5월 23일 13시,월요일,경상남도 밀양시 상남면,경상사고,0,0,1,0,차대차 - 추돌,안전거리미확보,건조,맑음,교차로 - 교차로안,승용,남,69세,상해없음,승용,남,48세,경상
2022052300100290,2022년 5월 23일 13시,월요일,경상남도 거제시 고현동,경상사고,0,0,1,0,차대차 - 기타,직진우회전진행방해,건조,맑음,교차로 - 교차로안,승용,남,77세,상해없음,승합,남,59세,경상
2022052300100291,2022년 5월 23일 13시,월요일,경상남도 산청군 산청읍,경상사고,0,0,1,0,차량단독 - 도로외이탈 - 기타,안전운전불이행,건조,맑음,단일로 - 기타,승용,여,61세,경상,,,,
2022052300100292,2022년 5월 23일 13시,월요일,경상남도 창원시 의창구 팔용동,경상사고,0,0,1,0,차대차 - 측면충돌,차로위반,건조,맑음,단일로 - 기타,화물,남,51세,상해없음,승용,남,39세,경상
2022052300100359,2022년 5월 23일 15시,월요일,경상남도 창원시 진해구 용원동,부상신고사고,0,0,0,1,차대차 - 측면충돌,신호위반,건조,맑음,교차로 - 교차로안,자전거,남,14세,부상신고,승용,남,69세,상해없음
2022052300100360,2022년 5월 23일 15시,월요일,경상남도 밀양시 삼문동,경상사고,0,0,1,0,차대차 - 추돌,안전운전불이행,건조,맑음,교차로 - 교차로안,승용,여,63세,상해없음,승용,남,47세,경상
2022052300100361,2022년 5월 23일 15시,월요일,경상남도 김해시 한림면,중상사고,0,1,0,0,차대차 - 측면충돌,안전거리미확보,건조,맑음,교차로 - 교차로부근,화물,남,52세,기타불명,승용,남,26세,중상
2022052300100411,2022년 5월 23일 16시,월요일,경상남도 함양군 휴천면,중상사고,0,1,0,0,차대사람 - 기타,안전운전불이행,건조,맑음,교차로 - 교차로안,농기계,남,51세,상해없음,보행자,여,79세,중상
2022052300100412,2022년 5월 23일 16시,월요일,경상남도 거제시 고현동,경상사고,0,0,1,0,차대사람 - 보도통행중,안전운전불이행,건조,맑음,주차장 - 주차장,승용,여,52세,상해없음,보행자,남,7세,경상
2022052300100413,2022년 5월 23일 16시,월요일,경상남도 김해시 진영읍,경상사고,0,0,1,0,차대사람 - 횡단중,보행자보호의무위반,건조,맑음,교차로 - 교차로안,승용,남,28세,상해없음,보행자,여,7세,경상
2022052300100456,2022년 5월 23일 17시,월요일,경상남도 거창군 거창읍,중상사고,0,1,0,0,차대차 - 추돌,안전운전불이행,건조,맑음,교차로 - 교차로안,승용,여,40세,상해없음,원동기,여,64세,중상
2022052300100457,2022년 5월 23일 17시,월요일,경상남도 양산시 덕계동,경상사고,0,0,1,0,차대차 - 측면충돌,안전운전불이행,건조,맑음,교차로 - 교차로안,승용,여,66세,상해없음,승용,여,38세,경상
2022052300100502,2022년 5월 23일 18시,월요일,경상남도 창원시 성산구 상남동,경상사고,0,0,1,0,차대차 - 측면충돌,안전거리미확보,건조,맑음,단일로 - 기타,승용,여,45세,상해없음,승용,남,27세,경상
2022052300100533,2022년 5월 23일 19시,월요일,경상남도 하동군 악양면,사망사고,1,0,0,0,차량단독 - 전도전복 - 전도,안전운전불이행,건조,맑음,교차로 - 교차로부근,농기계,남,70세,사망,,,,
2022052300100562,2022년 5월 23일 20시,월요일,경상남도 진주시 가좌동,중상사고,0,1,0,0,차대사람 - 기타,안전운전불이행,건조,맑음,교차로 - 교차로횡단보도내,이륜,남,21세,상해없음,보행자,여,52세,중상
2022052300100563,2022년 5월 23일 20시,월요일,경상남도 창원시 진해구 풍호동,중상사고,0,1,0,0,차대사람 - 횡단중,안전운전불이행,건조,맑음,교차로 - 교차로부근,승용,남,29세,상해없음,보행자,여,69세,중상
2022052300100564,2022년 5월 23일 20시,월요일,경상남도 김해시 삼문동,중상사고,0,1,0,0,차대차 - 측면충돌,신호위반,건조,맑음,교차로 - 교차로안,이륜,남,19세,상해없음,이륜,남,36세,중상
2022052400100007,2022년 5월 24일 00시,화요일,경상남도 사천시 동금동,경상사고,0,0,1,0,차대차 - 추돌,안전운전불이행,건조,맑음,단일로 - 기타,승용,여,49세,경상,화물,남,42세,상해없음
2022052400100018,2022년 5월 24일 02시,화요일,경상남도 고성군 고성읍,경상사고,0,0,1,0,차대차 - 측면충돌,직진우회전진행방해,건조,맑음,교차로 - 교차로안,승용,남,52세,상해없음,승용,남,37세,상해없음
2022052400100031,2022년 5월 24일 05시,화요일,경상남도 하동군 진교면,사망사고,1,1,1,0,차대차 - 추돌,안전운전불이행,건조,맑음,단일로 - 기타,승용,남,47세,상해없음,농기계,남,60세,사망
2022052400100101,2022년 5월 24일 08시,화요일,경상남도 양산시 주진동,경상사고,0,0,2,0,차대차 - 측면충돌,안전거리미확보,건조,맑음,교차로 - 교차로부근,화물,남,65세,경상,승용,남,49세,경상
2022052400100152,2022년 5월 24일 09시,화요일,경상남도 진주시 문산읍,중상사고,0,1,0,0,차대차 - 측면충돌,안전운전불이행,건조,맑음,단일로 - 기타,자전거,남,77세,중상,승합,남,79세,상해없음
2022052400100153,2022년 5월 24일 09시,화요일,경상남도 김해시 삼계동,경상사고,0,0,2,0,차대차 - 추돌,안전운전불이행,건조,맑음,기타 - 기타,건설기계,남,51세,상해없음,화물,남,65세,경상
2022052400100223,2022년 5월 24일 11시,화요일,경상남도 김해시 삼정동,중상사고,0,1,0,0,차량단독 - 공작물충돌,안전운전불이행,건조,맑음,기타 - 기타,승용,남,72세,중상,,,,
2022052400100224,2022년 5월 24일 11시,화요일,경상남도 거제시 옥포동,부상신고사고,0,0,0,1,차대차 - 정면충돌,신호위반,건조,맑음,교차로 - 교차로안,이륜,남,33세,부상신고,승용,남,33세,상해없음
2022052400100225,2022년 5월 24일 11시,화요일,경상남도 창원시 성산구 중앙동,경상사고,0,0,1,0,차대차 - 측면충돌,신호위반,건조,맑음,교차로 - 교차로안,승용,여,44세,상해없음,승용,여,33세,경상
2022052400100256,2022년 5월 24일 12시,화요일,경상남도 창원시 성산구 상남동,부상신고사고,0,0,0,2,차대차 - 추돌,안전운전불이행,건조,맑음,교차로 - 교차로부근,승용,남,33세,상해없음,원동기,남,73세,부상신고
2022052400100317,2022년 5월 24일 14시,화요일,경상남도 합천군 용주면,중상사고,0,1,0,1,차대차 - 정면충돌,안전운전불이행,건조,맑음,단일로 - 기타,화물,남,79세,부상신고,승용,남,52세,상해없음
2022052400100318,2022년 5월 24일 14시,화요일,경상남도 창녕군 유어면,경상사고,0,0,1,0,차대차 - 정면충돌,안전운전불이행,건조,맑음,단일로 - 기타,이륜,여,71세,경상,화물,남,77세,기타불명
2022052400100359,2022년 5월 24일 15시,화요일,경상남도 김해시 어방동,경상사고,0,0,3,0,차대차 - 기타,신호위반,건조,맑음,교차로 - 교차로안,승용,여,32세,경상,화물,남,57세,경상
2022052400100398,2022년 5월 24일 16시,화요일,경상남도 진주시 대안동,경상사고,0,0,1,0,차대사람 - 횡단중,안전운전불이행,건조,맑음,단일로 - 기타,승용,여,65세,상해없음,보행자,남,87세,경상
2022052400100399,2022년 5월 24일 16시,화요일,경상남도 창원시 진해구 용원동,경상사고,0,0,1,0,차대사람 - 횡단중,보행자보호의무위반,건조,맑음,교차로 - 교차로횡단보도내,승용,여,28세,상해없음,보행자,여,39세,경상
2022052400100440,2022년 5월 24일 17시,화요일,경상남도 고성군 동해면,경상사고,0,0,1,0,차대차 - 측면충돌,신호위반,건조,맑음,교차로 - 교차로안,승용,여,55세,상해없음,승용,여,43세,경상
2022052400100518,2022년 5월 24일 19시,화요일,경상남도 함안군 칠서면,경상사고,0,0,1,0,차대차 - 측면충돌,직진우회전진행방해,건조,맑음,교차로 - 교차로안,승용,남,56세,상해없음,원동기,남,42세,경상
2022052400100569,2022년 5월 24일 21시,화요일,경상남도 사천시 벌리동,중상사고,0,1,0,0,차대사람 - 기타,안전운전불이행,건조,맑음,주차장 - 주차장,승용,남,51세,상해없음,보행자,여,26세,중상
2022052400100570,2022년 5월 24일 21시,화요일,경상남도 양산시 동면,경상사고,0,0,3,0,차대차 - 기타,안전운전불이행,건조,맑음,교차로 - 교차로안,승용,여,63세,상해없음,승용,남,46세,경상
2022052400100587,2022년 5월 24일 22시,화요일,경상남도 밀양시 상남면,경상사고,0,0,1,0,차대차 - 기타,안전거리미확보,건조,맑음,단일로 - 기타,특수,남,61세,상해없음,승용,남,29세,경상
2022052400100610,2022년 5월 24일 23시,화요일,경상남도 사천시 사천읍,경상사고,0,0,1,0,차대차 - 기타,안전운전불이행,건조,맑음,단일로 - 기타,승용,남,38세,상해없음,승용,여,23세,경상
2022052400100611,2022년 5월 24일 23시,화요일,경상남도 남해군 남해읍,부상신고사고,0,0,0,1,차대차 - 추돌,안전운전불이행,건조,맑음,교차로 - 교차로안,개인형이동수단(PM),여,20세,부상신고,승용,남,56세,상해없음
2022052500100012,2022년 5월 25일 01시,수요일,경상남도 창원시 마산합포구 해운동,경상사고,0,0,1,0,차대차 - 측면충돌,안전운전불이행,건조,맑음,단일로 - 기타,이륜,기타불명,미분류,기타불명,자전거,여,22세,경상
2022052500100030,2022년 5월 25일 04시,수요일,경상남도 통영시 중앙동,중상사고,0,1,3,0,차대차 - 측면충돌,신호위반,건조,맑음,교차로 - 교차로안,승용,남,69세,경상,승용,여,67세,경상
2022052500100031,2022년 5월 25일 04시,수요일,경상남도 김해시 진례면,경상사고,0,0,1,0,차대차 - 측면충돌,교차로운행방법위반,건조,맑음,교차로 - 교차로안,농기계,남,75세,상해없음,승용,남,65세,경상
2022052500100037,2022년 5월 25일 05시,수요일,경상남도 고성군 고성읍,경상사고,0,0,3,0,차대차 - 측면충돌,신호위반,건조,맑음,교차로 - 교차로안,승용,여,62세,상해없음,승합,남,58세,경상
2022052500100048,2022년 5월 25일 06시,수요일,경상남도 창원시 진해구 마천동,중상사고,0,1,1,0,차대차 - 추돌,안전운전불이행,건조,맑음,단일로 - 기타,이륜,남,45세,중상,승용,남,60세,경상
2022052500100068,2022년 5월 25일 07시,수요일,경상남도 창녕군 영산면,중상사고,0,2,0,0,차대차 - 측면충돌,교차로운행방법위반,건조,맑음,교차로 - 교차로안,승용,남,53세,상해없음,승용,여,62세,중상
2022052500100069,2022년 5월 25일 07시,수요일,경상남도 창원시 마산회원구 양덕동,중상사고,0,1,0,0,차대사람 - 횡단중,안전운전불이행,건조,맑음,교차로 - 교차로부근,승용,여,41세,상해없음,보행자,여,65세,중상
2022052500100114,2022년 5월 25일 08시,수요일,경상남도 양산시 유산동,경상사고,0,0,1,0,차대차 - 측면충돌,신호위반,건조,맑음,교차로 - 교차로안,화물,남,59세,상해없음,승용,여,36세,경상
2022052500100184,2022년 5월 25일 10시,수요일,경상남도 창원시 진해구 소사동,경상사고,0,0,4,0,차대차 - 추돌,안전운전불이행,건조,맑음,단일로 - 기타,승용,남,72세,경상,승용,여,50세,상해없음
2022052500100216,2022년 5월 25일 11시,수요일,경상남도 창원시 의창구 명서동,경상사고,0,0,2,0,차대차 - 추돌,안전운전불이행,건조,맑음,단일로 - 기타,승용,남,47세,상해없음,승용,남,55세,상해없음
2022052500100254,2022년 5월 25일 12시,수요일,경상남도 창원시 의창구 명서동,경상사고,0,0,1,0,차대사람 - 기타,안전운전불이행,건조,맑음,단일로 - 기타,승용,남,67세,상해없음,보행자,남,48세,경상
2022052500100255,2022년 5월 25일 12시,수요일,경상남도 김해시 대청동,중상사고,0,1,0,0,차대사람 - 횡단중,안전운전불이행,건조,맑음,단일로 - 기타,승용,여,24세,상해없음,보행자,남,63세,중상
2022052500100256,2022년 5월 25일 12시,수요일,경상남도 김해시 율하동,중상사고,0,1,1,0,차대차 - 측면충돌,신호위반,건조,맑음,교차로 - 교차로안,승용,여,51세,경상,승용,여,49세,중상
2022052500100330,2022년 5월 25일 14시,수요일,경상남도 양산시 명동,경상사고,0,0,2,0,차대차 - 측면충돌,직진우회전진행방해,건조,맑음,교차로 - 교차로안,화물,남,75세,상해없음,승용,여,43세,경상
2022052500100331,2022년 5월 25일 14시,수요일,경상남도 김해시 주촌면,경상사고,0,0,3,0,차대차 - 정면충돌,안전운전불이행,건조,맑음,교차로 - 교차로안,건설기계,남,51세,기타불명,승용,남,56세,경상
2022052500100372,2022년 5월 25일 15시,수요일,경상남도 김해시 내동,경상사고,0,0,1,0,차대차 - 측면충돌,안전운전불이행,건조,맑음,교차로 - 교차로안,승용,여,50세,상해없음,승용,남,27세,경상
2022052500100373,2022년 5월 25일 15시,수요일,경상남도 김해시 안동,경상사고,0,0,1,0,차대차 - 추돌,안전운전불이행,건조,맑음,교차로 - 교차로안,승용,여,30세,상해없음,승용,여,55세,경상
2022052500100374,2022년 5월 25일 15시,수요일,경상남도 창원시 의창구 팔용동,경상사고,0,0,1,0,차대사람 - 기타,안전운전불이행,건조,맑음,교차로 - 교차로부근,화물,남,47세,상해없음,보행자,남,74세,경상
2022052500100412,2022년 5월 25일 16시,수요일,경상남도 창원시 마산합포구 중앙동1가,사망사고,1,0,0,0,차대사람 - 횡단중,신호위반,건조,맑음,교차로 - 교차로횡단보도내,승용,여,67세,상해없음,보행자,여,13세,사망
2022052500100413,2022년 5월 25일 16시,수요일,경상남도 진주시 충무공동,중상사고,0,1,0,0,차대차 - 추돌,안전운전불이행,건조,맑음,교차로 - 교차로안,승용,여,44세,상해없음,승용,남,48세,중상
2022052500100414,2022년 5월 25일 16시,수요일,경상남도 창원시 진해구 이동,중상사고,0,1,0,0,차대차 - 기타,직진우회전진행방해,건조,맑음,교차로 - 교차로안,승용,남,31세,상해없음,이륜,남,27세,중상
2022052500100415,2022년 5월 25일 16시,수요일,경상남도 창원시 성산구 상남동,경상사고,0,0,1,0,차대사람 - 차도통행중,안전운전불이행,건조,맑음,단일로 - 기타,승용,여,28세,상해없음,보행자,여,15세,경상
2022052500100458,2022년 5월 25일 17시,수요일,경상남도 창원시 성산구 중앙동,경상사고,0,0,1,0,차대차 - 기타,신호위반,건조,맑음,교차로 - 교차로안,기타불명,기타불명,미분류,기타불명,자전거,여,23세,경상
2022052500100497,2022년 5월 25일 18시,수요일,경상남도 통영시 광도면,경상사고,0,0,1,0,차대차 - 측면충돌,신호위반,건조,맑음,기타 - 기타,이륜,남,18세,상해없음,승용,여,33세,경상
2022052500100498,2022년 5월 25일 18시,수요일,경상남도 양산시 물금읍,경상사고,0,0,1,0,차대차 - 측면충돌,안전운전불이행,건조,맑음,단일로 - 기타,승용,남,67세,상해없음,승용,남,25세,경상
2022052500100499,2022년 5월 25일 18시,수요일,경상남도 창원시 마산합포구 산호동,경상사고,0,0,1,0,차대사람 - 횡단중,보행자보호의무위반,건조,맑음,단일로 - 기타,이륜,남,49세,상해없음,보행자,여,7세,경상
2022052500100500,2022년 5월 25일 18시,수요일,경상남도 창원시 마산합포구 산호동,중상사고,0,1,0,0,차대사람 - 기타,안전운전불이행,건조,맑음,단일로 - 기타,승용,여,28세,상해없음,보행자,여,56세,중상
2022052500100645,2022년 5월 25일 22시,수요일,경상남도 거창군 거창읍,경상사고,0,0,1,0,차대차 - 정면충돌,안전운전불이행,건조,맑음,교차로 - 교차로부근,이륜,남,19세,경상,승용,여,26세,기타불명
2022052600100012,2022년 5월 26일 00시,목요일,경상남도 창원시 마산합포구 월영동,중상사고,0,1,0,0,차량단독 - 공작물충돌,안전운전불이행,건조,맑음,단일로 - 기타,이륜,남,39세,중상,,,,
2022052600100013,2022년 5월 26일 00시,목요일,경상남도 창원시 진해구 이동,부상신고사고,0,0,0,1,차량단독 - 전도전복 - 전도,안전운전불이행,건조,맑음,단일로 - 기타,이륜,남,26세,부상신고,,,,
2022052600100014,2022년 5월 26일 00시,목요일,경상남도 창원시 성산구 내동,중상사고,0,1,0,0,차대차 - 측면충돌,신호위반,건조,맑음,교차로 - 교차로안,승용,남,29세,상해없음,이륜,남,24세,중상
2022052600100057,2022년 5월 26일 05시,목요일,경상남도 창원시 마산합포구 자산동,중상사고,0,1,0,0,차량단독 - 전도전복 - 전도,안전운전불이행,건조,맑음,교차로 - 교차로부근,이륜,남,65세,중상,,,,
2022052600100076,2022년 5월 26일 06시,목요일,경상남도 창녕군 부곡면,중상사고,0,1,0,0,차대차 - 기타,신호위반,건조,맑음,교차로 - 교차로안,화물,남,64세,상해없음,승용,남,66세,중상
2022052600100135,2022년 5월 26일 08시,목요일,경상남도 통영시 용남면,중상사고,0,1,3,0,차대차 - 추돌,안전거리미확보,건조,맑음,기타 - 기타,승용,남,52세,상해없음,승용,남,63세,중상
2022052600100136,2022년 5월 26일 08시,목요일,경상남도 김해시 관동동,중상사고,0,3,0,0,차대차 - 추돌,안전운전불이행,건조,맑음,교차로 - 교차로안,승용,남,62세,상해없음,승용,여,60세,중상
2022052600100204,2022년 5월 26일 10시,목요일,경상남도 의령군 화정면,경상사고,0,0,3,0,차대차 - 측면충돌,안전운전불이행,건조,맑음,교차로 - 교차로안,승용,남,57세,상해없음,화물,남,59세,경상
2022052600100233,2022년 5월 26일 11시,목요일,경상남도 사천시 사천읍,경상사고,0,0,1,0,차대차 - 기타,직진우회전진행방해,건조,맑음,교차로 - 교차로안,승용,남,52세,상해없음,자전거,남,82세,경상
2022052600100234,2022년 5월 26일 11시,목요일,경상남도 김해시 대청동,경상사고,0,0,1,0,차대차 - 측면충돌,안전운전불이행,건조,맑음,단일로 - 기타,승용,여,40세,상해없음,승용,여,50세,경상
2022052600100244,2022년 5월 26일 12시,목요일,경상남도 김해시 주촌면,경상사고,0,0,1,0,차대차 - 기타,안전거리미확보,건조,맑음,단일로 - 기타,승용,여,56세,상해없음,건설기계,남,57세,경상
2022052600100320,2022년 5월 26일 14시,목요일,경상남도 사천시 축동면,경상사고,0,0,1,0,차대차 - 측면충돌,안전운전불이행,건조,맑음,단일로 - 기타,승용,여,68세,상해없음,승용,남,49세,경상
2022052600100321,2022년 5월 26일 14시,목요일,경상남도 양산시 물금읍,경상사고,0,0,1,1,차대차 - 기타,안전운전불이행,건조,맑음,교차로 - 교차로횡단보도내,승용,남,63세,부상신고,자전거,남,11세,경상
2022052600100322,2022년 5월 26일 14시,목요일,경상남도 창원시 마산회원구 양덕동,경상사고,0,0,1,0,차대사람 - 횡단중,보행자보호의무위반,기타,기타,교차로 - 교차로횡단보도내,화물,남,41세,상해없음,보행자,남,36세,경상
2022052600100362,2022년 5월 26일 15시,목요일,경상남도 진주시 지수면,중상사고,0,1,1,0,차대차 - 추돌,안전운전불이행,건조,맑음,단일로 - 기타,승용,여,45세,상해없음,농기계,남,77세,중상
2022052600100363,2022년 5월 26일 15시,목요일,경상남도 고성군 영오면,중상사고,0,1,0,0,차대차 - 측면충돌,기타,건조,맑음,교차로 - 교차로안,승용,남,54세,상해없음,농기계,남,66세,중상
2022052600100464,2022년 5월 26일 17시,목요일,경상남도 밀양시 삼문동,중상사고,0,1,0,0,차대차 - 기타,안전운전불이행,건조,맑음,기타 - 기타,자전거,남,77세,중상,승용,여,41세,상해없음
2022052600100465,2022년 5월 26일 17시,목요일,경상남도 김해시 외동,경상사고,0,0,1,0,차대차 - 기타,안전운전불이행,건조,맑음,단일로 - 기타,승용,남,50세,상해없음,이륜,남,48세,경상
2022052600100466,2022년 5월 26일 17시,목요일,경상남도 고성군 영오면,중상사고,0,1,0,0,차대차 - 측면충돌,안전운전불이행,건조,맑음,단일로 - 기타,승용,여,45세,상해없음,자전거,여,74세,중상
2022052600100467,2022년 5월 26일 17시,목요일,경상남도 창원시 성산구 가음정동,경상사고,0,0,1,0,차대차 - 측면충돌,안전운전불이행,건조,맑음,단일로 - 기타,승용,남,44세,상해없음,승용,남,34세,경상