사고번호,사고일시,요일,시군구,사고내용,사망자수,중상자수,경상자수,부상신고자수,사고유형,법규위반,노면상태,기상상태,도로형태,가해운전자 차종,가해운전자 성별,가해운전자 연령,가해운전자 상해정도,피해운전자 차종,피해운전자 성별,피해운전자 연령,피해운전자 상해정도
2022052600100468,2022년 5월 26일 17시,목요일,경상남도 창원시 의창구 용동,경상사고,0,0,1,0,차대차 - 추돌,안전운전불이행,건조,맑음,단일로 - 터널,승용,남,33세,상해없음,승용,남,34세,경상
2022052600100469,2022년 5월 26일 17시,목요일,경상남도 창원시 의창구 북면,경상사고,0,0,1,0,차대사람 - 기타,안전운전불이행,건조,맑음,교차로 - 교차로횡단보도내,승용,여,65세,상해없음,보행자,남,7세,경상
2022052600100521,2022년 5월 26일 18시,목요일,경상남도 거제시 양정동,경상사고,0,0,1,0,차대사람 - 횡단중,보행자보호의무위반,건조,맑음,단일로 - 기타,이륜,남,33세,상해없음,보행자,여,8세,경상
2022052600100567,2022년 5월 26일 19시,목요일,경상남도 진주시 평거동,경상사고,0,0,1,0,차대차 - 기타,중앙선침범,건조,맑음,단일로 - 기타,승용,남,55세,상해없음,승용,여,56세,경상
2022052600100568,2022년 5월 26일 19시,목요일,경상남도 거제시 고현동,경상사고,0,0,1,0,차대차 - 기타,중앙선침범,건조,맑음,교차로 - 교차로횡단보도내,이륜,남,48세,상해없음,자전거,남,48세,경상
2022052600100569,2022년 5월 26일 19시,목요일,경상남도 창원시 성산구 반지동,부상신고사고,0,0,0,1,차대사람 - 횡단중,안전운전불이행,건조,맑음,교차로 - 교차로안,승용,남,35세,상해없음,보행자,여,68세,부상신고
2022052600100598,2022년 5월 26일 20시,목요일,경상남도 창원시 진해구 용원동,중상사고,0,1,0,0,차대차 - 기타,안전운전불이행,건조,맑음,단일로 - 기타,이륜,남,50세,중상,승용,남,43세,상해없음
2022052600100643,2022년 5월 26일 22시,목요일,경상남도 창원시 진해구 용원동,경상사고,0,0,1,0,차대차 - 기타,안전운전불이행,건조,맑음,단일로 - 기타,승용,남,50세,상해없음,승용,남,39세,경상
2022052600100660,2022년 5월 26일 23시,목요일,경상남도 사천시 정동면,부상신고사고,0,0,0,1,차대차 - 추돌,안전운전불이행,건조,맑음,단일로 - 기타,승용,남,27세,부상신고,승용,남,45세,상해없음
2022052600100661,2022년 5월 26일 23시,목요일,경상남도 창원시 마산회원구 석전동,경상사고,0,0,1,0,차대차 - 기타,안전운전불이행,건조,맑음,단일로 - 기타,기타불명,기타불명,미분류,기타불명,승용,남,42세,경상
2022052700100010,2022년 5월 27일 00시,금요일,경상남도 사천시 사천읍,부상신고사고,0,0,0,1,차대차 - 추돌,안전운전불이행,건조,맑음,교차로 - 교차로부근,승용,남,25세,부상신고,승용,남,44세,상해없음
2022052700100034,2022년 5월 27일 03시,금요일,경상남도 양산시 물금읍,중상사고,0,2,1,0,차대차 - 정면충돌,안전운전불이행,건조,맑음,단일로 - 기타,승용,남,68세,중상,화물,남,39세,경상
2022052700100082,2022년 5월 27일 07시,금요일,경상남도 하동군 하동읍,중상사고,0,1,0,0,차대사람 - 기타,안전운전불이행,건조,맑음,단일로 - 기타,화물,남,51세,상해없음,보행자,남,75세,중상
2022052700100083,2022년 5월 27일 07시,금요일,경상남도 김해시 진례면,경상사고,0,0,1,0,차대차 - 측면충돌,안전운전불이행,건조,맑음,교차로 - 교차로안,승용,남,31세,상해없음,이륜,남,24세,경상
2022052700100123,2022년 5월 27일 08시,금요일,경상남도 진주시 충무공동,경상사고,0,0,2,0,차대차 - 기타,안전운전불이행,건조,맑음,교차로 - 교차로안,승용,여,21세,경상,승용,여,56세,경상
2022052700100124,2022년 5월 27일 08시,금요일,경상남도 양산시 주진동,부상신고사고,0,0,0,1,차대차 - 기타,안전운전불이행,건조,맑음,교차로 - 교차로부근,자전거,여,15세,부상신고,승합,남,50세,상해없음
2022052700100125,2022년 5월 27일 08시,금요일,경상남도 함안군 산인면,중상사고,0,1,0,0,차대차 - 추돌,안전운전불이행,건조,맑음,단일로 - 기타,이륜,남,56세,중상,승용,남,61세,상해없음
2022052700100159,2022년 5월 27일 09시,금요일,경상남도 함양군 함양읍,부상신고사고,0,0,0,1,차대차 - 측면충돌,교차로운행방법위반,건조,맑음,교차로 - 교차로안,이륜,남,82세,부상신고,승용,여,67세,상해없음
2022052700100187,2022년 5월 27일 10시,금요일,경상남도 진주시 강남동,중상사고,0,1,0,0,차대사람 - 횡단중,보행자보호의무위반,건조,맑음,교차로 - 교차로횡단보도내,승용,남,44세,상해없음,보행자,여,49세,중상
2022052700100188,2022년 5월 27일 10시,금요일,경상남도 양산시 물금읍,경상사고,0,0,1,0,차대차 - 측면충돌,안전운전불이행,건조,맑음,교차로 - 교차로안,승용,남,78세,상해없음,승용,남,42세,경상
2022052700100224,2022년 5월 27일 11시,금요일,경상남도 김해시 대동면,경상사고,0,0,1,0,차대차 - 측면충돌,안전운전불이행,건조,맑음,교차로 - 교차로안,화물,남,25세,상해없음,승용,남,60세,경상
2022052700100251,2022년 5월 27일 12시,금요일,경상남도 창원시 마산회원구 구암동,중상사고,0,1,0,0,차대사람 - 기타,안전운전불이행,건조,맑음,단일로 - 기타,이륜,남,21세,상해없음,보행자,남,38세,중상
2022052700100280,2022년 5월 27일 13시,금요일,경상남도 진주시 상대동,중상사고,0,1,0,0,차대차 - 측면충돌,중앙선침범,건조,맑음,교차로 - 교차로부근,승용,여,33세,상해없음,이륜,남,26세,중상
2022052700100281,2022년 5월 27일 13시,금요일,경상남도 창원시 진해구 이동,중상사고,0,1,0,0,차대차 - 기타,직진우회전진행방해,건조,맑음,교차로 - 교차로안,화물,남,67세,상해없음,승용,남,68세,상해없음
2022052700100282,2022년 5월 27일 13시,금요일,경상남도 양산시 남부동,경상사고,0,0,1,0,차대차 - 측면충돌,중앙선침범,건조,맑음,교차로 - 교차로안,승용,남,24세,상해없음,화물,남,40세,경상
2022052700100312,2022년 5월 27일 14시,금요일,경상남도 밀양시 교동,중상사고,0,1,2,0,차대차 - 정면충돌,안전운전불이행,건조,맑음,단일로 - 기타,승합,남,65세,상해없음,화물,남,64세,경상
2022052700100355,2022년 5월 27일 15시,금요일,경상남도 통영시 항남동,경상사고,0,0,1,0,차대차 - 추돌,안전운전불이행,건조,맑음,교차로 - 교차로안,원동기,남,76세,상해없음,자전거,남,77세,경상
2022052700100356,2022년 5월 27일 15시,금요일,경상남도 함양군 함양읍,중상사고,0,1,0,0,차대사람 - 기타,안전운전불이행,건조,맑음,단일로 - 기타,승용,여,57세,상해없음,보행자,여,91세,중상
2022052700100357,2022년 5월 27일 15시,금요일,경상남도 양산시 하북면,중상사고,0,1,0,0,차대차 - 측면충돌,안전운전불이행,건조,맑음,교차로 - 교차로안,자전거,남,52세,중상,승용,여,37세,상해없음
2022052700100358,2022년 5월 27일 15시,금요일,경상남도 하동군 화개면,중상사고,0,2,0,0,차량단독 - 도로외이탈 - 추락,안전운전불이행,건조,맑음,단일로 - 기타,승용,여,52세,중상,,,,
2022052700100359,2022년 5월 27일 15시,금요일,경상남도 창원시 성산구 상남동,중상사고,0,1,0,0,차대차 - 측면충돌,교차로운행방법위반,건조,맑음,교차로 - 교차로안,승용,남,49세,상해없음,승용,여,39세,중상
2022052700100406,2022년 5월 27일 16시,금요일,경상남도 밀양시 상남면,경상사고,0,0,1,0,차대차 - 추돌,안전운전불이행,건조,맑음,단일로 - 기타,승용,남,43세,상해없음,화물,남,28세,경상
2022052700100407,2022년 5월 27일 16시,금요일,경상남도 고성군 고성읍,경상사고,0,0,3,0,차대차 - 추돌,안전운전불이행,건조,맑음,단일로 - 기타,승용,여,40세,상해없음,승용,남,64세,경상
2022052700100482,2022년 5월 27일 17시,금요일,경상남도 진주시 충무공동,부상신고사고,0,0,0,1,차대차 - 측면충돌,안전거리미확보,건조,맑음,교차로 - 교차로부근,승용,남,36세,상해없음,이륜,남,51세,부상신고
2022052700100483,2022년 5월 27일 17시,금요일,경상남도 통영시 광도면,경상사고,0,0,2,0,차대차 - 정면충돌,중앙선침범,건조,맑음,단일로 - 기타,승합,남,63세,경상,화물,남,40세,경상
2022052700100484,2022년 5월 27일 17시,금요일,경상남도 김해시 대동면,경상사고,0,0,3,0,차대차 - 후진중충돌,안전운전불이행,건조,맑음,단일로 - 기타,화물,남,60세,상해없음,승용,남,67세,경상
2022052700100485,2022년 5월 27일 17시,금요일,경상남도 함양군 함양읍,경상사고,0,0,1,0,차대차 - 추돌,안전운전불이행,건조,맑음,단일로 - 기타,화물,남,61세,상해없음,승용,여,47세,경상
2022052700100486,2022년 5월 27일 17시,금요일,경상남도 창원시 성산구 양곡동,경상사고,0,0,1,0,차대차 - 추돌,안전운전불이행,건조,맑음,단일로 - 기타,승용,남,63세,상해없음,승용,남,25세,경상
2022052700100544,2022년 5월 27일 18시,금요일,경상남도 밀양시 내이동,경상사고,0,0,2,0,차대차 - 측면충돌,신호위반,건조,맑음,교차로 - 교차로안,이륜,여,68세,경상,승용,여,43세,경상
2022052700100545,2022년 5월 27일 18시,금요일,경상남도 김해시 봉황동,경상사고,0,0,1,0,차대차 - 측면충돌,안전운전불이행,건조,맑음,단일로 - 기타,이륜,남,79세,경상,화물,남,44세,상해없음
2022052700100584,2022년 5월 27일 19시,금요일,경상남도 창원시 진해구 안골동,중상사고,0,1,0,0,차대사람 - 횡단중,보행자보호의무위반,건조,맑음,교차로 - 교차로횡단보도내,승용,남,27세,상해없음,보행자,남,10세,중상
2022052700100610,2022년 5월 27일 20시,금요일,경상남도 김해시 삼정동,중상사고,0,3,1,0,차대차 - 측면충돌,차로위반,건조,맑음,단일로 - 기타,승용,남,51세,중상,화물,남,43세,중상
2022052700100624,2022년 5월 27일 20시,금요일,경상남도 통영시 무전동,경상사고,0,0,3,0,차대차 - 측면충돌,안전운전불이행,건조,맑음,단일로 - 기타,승용,남,60세,상해없음,승용,남,52세,경상
2022052700100625,2022년 5월 27일 20시,금요일,경상남도 밀양시 삼문동,경상사고,0,0,1,0,차대차 - 측면충돌,교차로운행방법위반,건조,흐림,교차로 - 교차로안,승용,남,22세,상해없음,원동기,남,36세,경상
2022052700100676,2022년 5월 27일 22시,금요일,경상남도 창원시 마산합포구 해운동,경상사고,0,0,1,1,차대사람 - 횡단중,안전운전불이행,건조,맑음,단일로 - 기타,자전거,여,59세,부상신고,보행자,남,60세,경상
2022052700100677,2022년 5월 27일 22시,금요일,경상남도 창원시 성산구 신월동,중상사고,0,1,0,0,차대사람 - 기타,안전운전불이행,건조,맑음,단일로 - 기타,승용,남,42세,상해없음,보행자,여,48세,중상
2022052700100703,2022년 5월 27일 23시,금요일,경상남도 양산시 평산동,경상사고,0,0,1,0,차대사람 - 차도통행중,안전운전불이행,건조,맑음,단일로 - 기타,이륜,남,29세,상해없음,보행자,남,68세,경상
2022052800100013,2022년 5월 28일 01시,토요일,경상남도 김해시 흥동,경상사고,0,0,4,0,차대차 - 추돌,안전운전불이행,건조,맑음,교차로 - 교차로부근,승용,여,29세,상해없음,승용,여,53세,경상
2022052800100025,2022년 5월 28일 02시,토요일,경상남도 창원시 의창구 동읍,사망사고,2,2,0,0,차대차 - 추돌,안전운전불이행,건조,맑음,단일로 - 기타,승용,남,57세,중상,화물,남,57세,기타불명
2022052800100043,2022년 5월 28일 04시,토요일,경상남도 밀양시 삼문동,경상사고,0,0,1,0,차량단독 - 전도전복 - 전도,안전운전불이행,건조,맑음,교차로 - 교차로안,이륜,남,18세,경상,,,,
2022052800100092,2022년 5월 28일 08시,토요일,경상남도 김해시 내동,부상신고사고,0,0,0,1,차대사람 - 횡단중,신호위반,건조,맑음,교차로 - 교차로부근,기타불명,기타불명,미분류,기타불명,보행자,남,40세,부상신고
2022052800100093,2022년 5월 28일 08시,토요일,경상남도 창원시 의창구 팔용동,경상사고,0,0,1,0,차대차 - 측면충돌,중앙선침범,건조,맑음,단일로 - 교량,승용,남,67세,상해없음,승용,남,24세,경상
2022052800100094,2022년 5월 28일 08시,토요일,경상남도 창원시 의창구 팔용동,경상사고,0,0,1,0,차대차 - 측면충돌,안전운전불이행,건조,맑음,단일로 - 기타,건설기계,남,55세,상해없음,승용,여,67세,경상
2022052800100121,2022년 5월 28일 09시,토요일,경상남도 사천시 사천읍,경상사고,0,0,2,0,차대차 - 기타,교차로운행방법위반,건조,맑음,교차로 - 교차로안,이륜,남,27세,경상,승용,남,52세,상해없음
2022052800100122,2022년 5월 28일 09시,토요일,경상남도 창원시 마산회원구 양덕동,경상사고,0,0,1,0,차대차 - 측면충돌,안전운전불이행,건조,맑음,단일로 - 기타,화물,남,55세,상해없음,원동기,남,20세,경상
2022052800100160,2022년 5월 28일 10시,토요일,경상남도 진주시 사봉면,사망사고,1,0,0,0,차대차 - 정면충돌,중앙선침범,건조,맑음,단일로 - 기타,승합,남,56세,상해없음,자전거,남,33세,사망
2022052800100161,2022년 5월 28일 10시,토요일,경상남도 창원시 진해구 남양동,경상사고,0,0,1,0,차대차 - 기타,신호위반,건조,맑음,교차로 - 교차로안,승용,남,68세,상해없음,승용,여,51세,경상
2022052800100162,2022년 5월 28일 10시,토요일,경상남도 양산시 물금읍,중상사고,0,1,0,0,차대차 - 기타,안전운전불이행,건조,맑음,단일로 - 기타,자전거,여,68세,중상,자전거,남,34세,상해없음
2022052800100163,2022년 5월 28일 10시,토요일,경상남도 창원시 마산회원구 양덕동,경상사고,0,0,1,0,차대차 - 측면충돌,안전운전불이행,건조,맑음,단일로 - 터널,화물,남,54세,상해없음,승용,남,46세,경상
2022052800100164,2022년 5월 28일 10시,토요일,경상남도 창원시 의창구 동읍,경상사고,0,0,3,0,차대차 - 추돌,안전거리미확보,건조,맑음,단일로 - 기타,화물,남,68세,기타불명,승합,남,68세,경상
2022052800100165,2022년 5월 28일 10시,토요일,경상남도 창원시 의창구 봉곡동,경상사고,0,0,1,0,차대차 - 측면충돌,안전운전불이행,건조,맑음,교차로 - 교차로안,화물,남,64세,상해없음,승용,남,35세,경상
2022052800100199,2022년 5월 28일 11시,토요일,경상남도 창원시 진해구 여좌동,경상사고,0,0,1,0,차대차 - 측면충돌,안전운전불이행,건조,맑음,교차로 - 교차로안,화물,남,49세,상해없음,이륜,남,33세,경상
2022052800100244,2022년 5월 28일 12시,토요일,경상남도 고성군 고성읍,경상사고,0,0,1,0,차대차 - 측면충돌,직진우회전진행방해,건조,맑음,단일로 - 기타,승용,여,63세,상해없음,승용,남,24세,경상
2022052800100245,2022년 5월 28일 12시,토요일,경상남도 남해군 남해읍,부상신고사고,0,0,0,1,차대차 - 측면충돌,안전운전불이행,건조,맑음,교차로 - 교차로안,승용,여,52세,기타불명,승용,남,44세,부상신고
2022052800100247,2022년 5월 28일 12시,토요일,경상남도 김해시 관동동,중상사고,0,1,0,0,차대차 - 측면충돌,차로위반,건조,맑음,단일로 - 기타,승용,남,35세,상해없음,이륜,남,39세,중상
2022052800100285,2022년 5월 28일 13시,토요일,경상남도 사천시 사천읍,경상사고,0,0,1,0,차대차 - 측면충돌,직진우회전진행방해,건조,맑음,교차로 - 교차로안,이륜,남,61세,경상,승용,남,26세,상해없음
2022052800100286,2022년 5월 28일 13시,토요일,경상남도 창원시 마산회원구 구암동,경상사고,0,0,1,0,차대차 - 정면충돌,안전운전불이행,건조,맑음,단일로 - 기타,승용,남,56세,상해없음,승용,여,34세,경상
2022052800100318,2022년 5월 28일 14시,토요일,경상남도 사천시 사천읍,경상사고,0,0,1,0,차대차 - 측면충돌,안전운전불이행,건조,맑음,교차로 - 교차로안,승용,여,25세,상해없음,승용,남,50세,경상
2022052800100319,2022년 5월 28일 14시,토요일,경상남도 창원시 의창구 봉곡동,중상사고,0,1,0,0,차대차 - 측면충돌,신호위반,건조,맑음,교차로 - 교차로안,승용,여,60세,상해없음,이륜,남,55세,중상
2022052800100402,2022년 5월 28일 16시,토요일,경상남도 거제시 거제면,경상사고,0,0,1,0,차대차 - 측면충돌,기타,건조,맑음,단일로 - 기타,승용,남,71세,상해없음,승용,남,48세,경상
2022052800100443,2022년 5월 28일 17시,토요일,경상남도 김해시 생림면,중상사고,0,3,6,0,차대차 - 정면충돌,안전운전불이행,건조,맑음,교차로 - 교차로안,승용,남,66세,경상,승용,남,51세,경상
2022052800100444,2022년 5월 28일 17시,토요일,경상남도 김해시 어방동,경상사고,0,0,1,0,차대사람 - 보도통행중,안전운전불이행,건조,맑음,기타 - 기타,승용,남,54세,상해없음,보행자,여,48세,경상
2022052800100445,2022년 5월 28일 17시,토요일,경상남도 의령군 유곡면,중상사고,0,1,0,0,차대차 - 정면충돌,교차로운행방법위반,건조,맑음,교차로 - 교차로부근,이륜,여,48세,중상,화물,남,56세,상해없음
2022052800100476,2022년 5월 28일 18시,토요일,경상남도 진주시 수정동,경상사고,0,0,1,0,차대차 - 측면충돌,교차로운행방법위반,건조,맑음,교차로 - 교차로안,승용,여,66세,상해없음,자전거,남,61세,경상
2022052800100477,2022년 5월 28일 18시,토요일,경상남도 김해시 어방동,중상사고,0,1,0,0,차대차 - 측면충돌,안전거리미확보,건조,맑음,단일로 - 기타,승용,남,22세,상해없음,이륜,남,37세,중상
2022052800100478,2022년 5월 28일 18시,토요일,경상남도 창원시 성산구 내동,중상사고,0,1,0,0,차대사람 - 횡단중,안전운전불이행,건조,맑음,교차로 - 교차로안,승용,남,22세,상해없음,보행자,남,11세,중상
2022052800100511,2022년 5월 28일 19시,토요일,경상남도 창원시 의창구 소답동,경상사고,0,0,1,0,차대사람 - 횡단중,안전운전불이행,건조,맑음,단일로 - 기타,이륜,남,51세,상해없음,보행자,남,59세,경상
2022052800100549,2022년 5월 28일 20시,토요일,경상남도 진주시 호탄동,경상사고,0,0,2,0,차대사람 - 기타,안전운전불이행,건조,맑음,단일로 - 기타,자전거,남,45세,경상,보행자,여,54세,경상
2022052800100550,2022년 5월 28일 20시,토요일,경상남도 양산시 물금읍,중상사고,0,1,0,0,차대사람 - 횡단중,안전운전불이행,건조,맑음,단일로 - 기타,원동기,남,52세,상해없음,보행자,여,7세,중상
2022052800100606,2022년 5월 28일 22시,토요일,경상남도 창원시 성산구 남양동,경상사고,0,0,3,0,차대차 - 추돌,안전운전불이행,건조,맑음,교차로 - 교차로부근,이륜,남,16세,상해없음,이륜,남,40세,경상
2022052800100623,2022년 5월 28일 23시,토요일,경상남도 의령군 화정면,사망사고,1,0,0,0,차량단독 - 도로외이탈 - 추락,기타,건조,맑음,단일로 - 기타,이륜,여,50세,사망,,,,
2022052900100012,2022년 5월 29일 00시,일요일,경상남도 남해군 서면,경상사고,0,0,1,0,차량단독 - 도로외이탈 - 추락,안전운전불이행,건조,맑음,단일로 - 기타,승용,남,25세,경상,,,,
2022052900100064,2022년 5월 29일 05시,일요일,경상남도 창원시 성산구 신월동,경상사고,0,0,1,0,차대차 - 측면충돌,교차로운행방법위반,건조,맑음,교차로 - 교차로안,승용,남,29세,상해없음,자전거,남,67세,경상
2022052900100071,2022년 5월 29일 06시,일요일,경상남도 진주시 금산면,경상사고,0,0,1,0,차대차 - 측면충돌,신호위반,건조,맑음,교차로 - 교차로안,승용,여,66세,상해없음,승용,남,37세,경상
2022052900100090,2022년 5월 29일 08시,일요일,경상남도 통영시 도천동,경상사고,0,0,1,0,차대사람 - 기타,안전운전불이행,건조,맑음,단일로 - 기타,화물,남,64세,상해없음,보행자,남,62세,경상
2022052900100095,2022년 5월 29일 09시,일요일,경상남도 김해시 강동,경상사고,0,0,3,0,차대차 - 추돌,안전운전불이행,건조,맑음,단일로 - 기타,승용,남,70세,상해없음,승용,남,41세,경상
2022052900100125,2022년 5월 29일 10시,일요일,경상남도 사천시 용현면,경상사고,0,0,5,0,차대차 - 추돌,안전운전불이행,건조,맑음,단일로 - 기타,승용,남,60세,상해없음,승용,남,74세,경상
2022052900100126,2022년 5월 29일 10시,일요일,경상남도 밀양시 상남면,경상사고,0,0,1,0,차대차 - 기타,기타,건조,맑음,단일로 - 기타,기타불명,여,52세,경상,화물,남,38세,상해없음
2022052900100152,2022년 5월 29일 11시,일요일,경상남도 사천시 사남면,경상사고,0,0,1,0,차대차 - 기타,안전운전불이행,건조,맑음,단일로 - 기타,승용,남,39세,상해없음,승용,여,40세,경상
2022052900100153,2022년 5월 29일 11시,일요일,경상남도 창원시 의창구 명서동,경상사고,0,0,2,0,차대차 - 추돌,안전운전불이행,건조,맑음,단일로 - 기타,이륜,남,25세,상해없음,이륜,남,45세,경상
2022052900100180,2022년 5월 29일 12시,일요일,경상남도 합천군 삼가면,경상사고,0,0,1,0,차량단독 - 전도전복 - 전도,안전운전불이행,건조,맑음,단일로 - 기타,이륜,여,73세,경상,,,,
2022052900100181,2022년 5월 29일 12시,일요일,경상남도 양산시 동면,경상사고,0,0,1,0,차대차 - 측면충돌,안전운전불이행,건조,맑음,단일로 - 기타,승용,남,53세,상해없음,승용,남,26세,경상
2022052900100272,2022년 5월 29일 15시,일요일,경상남도 김해시 어방동,중상사고,0,1,0,0,차대차 - 기타,안전운전불이행,건조,맑음,단일로 - 기타,승용,남,54세,상해없음,원동기,남,38세,중상
2022052900100273,2022년 5월 29일 15시,일요일,경상남도 양산시 물금읍,경상사고,0,0,3,0,차대차 - 측면충돌,안전거리미확보,건조,맑음,단일로 - 기타,승용,남,39세,경상,승용,남,21세,경상
2022052900100339,2022년 5월 29일 17시,일요일,경상남도 김해시 구산동,중상사고,0,1,0,0,차대사람 - 횡단중,신호위반,건조,맑음,교차로 - 교차로횡단보도내,승용,여,62세,상해없음,보행자,여,63세,중상
2022052900100340,2022년 5월 29일 17시,일요일,경상남도 창원시 성산구 중앙동,중상사고,0,2,2,0,차대차 - 측면충돌,신호위반,건조,맑음,교차로 - 교차로안,승용,남,40세,상해없음,승용,남,39세,중상
2022052900100341,2022년 5월 29일 17시,일요일,경상남도 김해시 주촌면,경상사고,0,0,3,0,차대차 - 추돌,안전운전불이행,건조,맑음,단일로 - 기타,승용,여,44세,상해없음,승용,남,30세,경상
2022052900100402,2022년 5월 29일 19시,일요일,경상남도 김해시 구산동,중상사고,0,1,0,0,차대차 - 측면충돌,안전운전불이행,건조,맑음,기타 - 기타,승합,남,27세,상해없음,자전거,여,59세,중상
2022052900100427,2022년 5월 29일 20시,일요일,경상남도 창원시 마산합포구 해운동,경상사고,0,0,1,0,차대사람 - 횡단중,안전운전불이행,건조,흐림,단일로 - 기타,화물,남,54세,상해없음,보행자,남,7세,경상
2022052900100465,2022년 5월 29일 22시,일요일,경상남도 창원시 의창구 사림동,경상사고,0,0,1,0,차대차 - 후진중충돌,안전운전불이행,건조,맑음,단일로 - 기타,승합,남,61세,상해없음,화물,남,42세,경상
2022052900100466,2022년 5월 29일 22시,일요일,경상남도 창원시 마산합포구 산호동,중상사고,0,1,0,0,차대차 - 기타,안전운전불이행,건조,맑음,교차로 - 교차로안,승용,남,36세,상해없음,원동기,여,52세,중상
2022052900100479,2022년 5월 29일 23시,일요일,경상남도 창원시 의창구 도계동,경상사고,0,0,2,0,차대차 - 측면충돌,신호위반,건조,맑음,교차로 - 교차로안,이륜,남,16세,상해없음,승용,남,49세,경상
2022053000100006,2022년 5월 30일 01시,월요일,경상남도 양산시 평산동,경상사고,0,0,1,0,차대사람 - 기타,안전운전불이행,건조,맑음,교차로 - 교차로안,승용,남,19세,상해없음,보행자,남,62세,경상
2022053000100014,2022년 5월 30일 04시,월요일,경상남도 김해시 진영읍,경상사고,0,0,1,0,차대차 - 기타,안전운전불이행,건조,맑음,교차로 - 교차로부근,승용,남,24세,상해없음,승용,남,31세,경상
2022053000100029,2022년 5월 30일 06시,월요일,경상남도 창원시 진해구 용원동,중상사고,0,1,1,0,차대차 - 측면충돌,직진우회전진행방해,젖음/습기,비,교차로 - 교차로안,승용,남,58세,경상,승용,남,49세,중상
2022053000100043,2022년 5월 30일 07시,월요일,경상남도 거제시 옥포동,경상사고,0,0,1,0,차대차 - 측면충돌,안전운전불이행,건조,맑음,교차로 - 교차로안,자전거,남,41세,경상,승용,여,65세,상해없음
2022053000100082,2022년 5월 30일 08시,월요일,경상남도 창원시 마산합포구 가포동,중상사고,0,1,1,0,차대차 - 측면충돌,중앙선침범,건조,맑음,단일로 - 기타,화물,남,39세,경상,승용,여,58세,중상
2022053000100083,2022년 5월 30일 08시,월요일,경상남도 함양군 함양읍,경상사고,0,0,1,1,차대차 - 측면충돌,교차로운행방법위반,건조,맑음,교차로 - 교차로안,승용,여,40세,경상,화물,남,55세,부상신고
2022053000100084,2022년 5월 30일 08시,월요일,경상남도 거제시 고현동,경상사고,0,0,2,0,차대차 - 측면충돌,직진우회전진행방해,건조,맑음,교차로 - 교차로안,승용,남,21세,경상,승용,여,41세,경상
2022053000100085,2022년 5월 30일 08시,월요일,경상남도 거제시 상동동,경상사고,0,0,1,0,차대사람 - 차도통행중,안전운전불이행,건조,맑음,단일로 - 기타,승용,남,42세,상해없음,보행자,여,79세,경상
2022053000100086,2022년 5월 30일 08시,월요일,경상남도 남해군 남해읍,경상사고,0,0,1,0,차대차 - 측면충돌,교차로운행방법위반,건조,맑음,교차로 - 교차로안,원동기,남,88세,경상,승용,여,39세,상해없음
2022053000100087,2022년 5월 30일 08시,월요일,경상남도 창원시 마산회원구 양덕동,경상사고,0,0,1,0,차대사람 - 횡단중,신호위반,건조,맑음,단일로 - 기타,승용,여,34세,상해없음,보행자,여,9세,경상
2022053000100088,2022년 5월 30일 08시,월요일,경상남도 창원시 마산회원구 합성동,중상사고,0,1,0,0,차대사람 - 횡단중,안전운전불이행,건조,맑음,단일로 - 기타,화물,남,66세,상해없음,보행자,여,36세,중상
2022053000100123,2022년 5월 30일 09시,월요일,경상남도 거제시 사등면,중상사고,0,1,0,0,차대차 - 추돌,안전운전불이행,건조,맑음,단일로 - 기타,승용,여,52세,중상,승용,남,51세,상해없음
2022053000100137,2022년 5월 30일 10시,월요일,경상남도 사천시 대방동,중상사고,0,1,0,0,차대차 - 측면충돌,신호위반,건조,맑음,교차로 - 교차로안,화물,남,58세,상해없음,화물,남,43세,중상
2022053000100138,2022년 5월 30일 10시,월요일,경상남도 거제시 옥포동,중상사고,0,4,2,0,차대차 - 측면충돌,안전운전불이행,건조,맑음,기타 - 기타,승용,여,36세,상해없음,승합,남,59세,경상
2022053000100167,2022년 5월 30일 11시,월요일,경상남도 합천군 합천읍,중상사고,0,1,0,0,차대차 - 측면충돌,직진우회전진행방해,건조,맑음,교차로 - 교차로안,화물,남,57세,상해없음,자전거,남,62세,중상
2022053000100168,2022년 5월 30일 11시,월요일,경상남도 거제시 아주동,중상사고,0,1,0,0,차대차 - 측면충돌,교차로운행방법위반,건조,맑음,교차로 - 교차로안,승용,남,35세,상해없음,자전거,여,73세,중상
2022053000100197,2022년 5월 30일 12시,월요일,경상남도 김해시 내동,경상사고,0,0,1,0,차대차 - 측면충돌,신호위반,건조,맑음,교차로 - 교차로안,화물,남,75세,상해없음,이륜,남,32세,경상
2022053000100198,2022년 5월 30일 12시,월요일,경상남도 양산시 명동,경상사고,0,0,2,0,차대차 - 측면충돌,교차로운행방법위반,건조,맑음,교차로 - 교차로안,화물,남,77세,상해없음,화물,남,39세,경상
2022053000100239,2022년 5월 30일 13시,월요일,경상남도 창원시 진해구 자은동,경상사고,0,0,3,1,차대차 - 추돌,안전운전불이행,건조,맑음,단일로 - 기타,승용,여,62세,부상신고,승용,여,51세,경상