사고번호,사고일시,요일,시군구,사고내용,사망자수,중상자수,경상자수,부상신고자수,사고유형,법규위반,노면상태,기상상태,도로형태,가해운전자 차종,가해운전자 성별,가해운전자 연령,가해운전자 상해정도,피해운전자 차종,피해운전자 성별,피해운전자 연령,피해운전자 상해정도
2022061100100460,2022년 6월 11일 18시,토요일,경상남도 진주시 일반성면,경상사고,0,0,1,0,차량단독 - 전도전복 - 전도,안전운전불이행,건조,맑음,단일로 - 기타,이륜,남,48세,경상,,,,
2022061100100461,2022년 6월 11일 18시,토요일,경상남도 창원시 진해구 이동,경상사고,0,0,2,0,차대차 - 추돌,차로위반,건조,맑음,교차로 - 교차로안,승용,남,56세,상해없음,특수,남,45세,상해없음
2022061100100462,2022년 6월 11일 18시,토요일,경상남도 사천시 곤양면,경상사고,0,0,1,0,차대차 - 기타,직진우회전진행방해,건조,맑음,교차로 - 교차로부근,건설기계,남,53세,상해없음,이륜,남,41세,경상
2022061100100463,2022년 6월 11일 18시,토요일,경상남도 김해시 삼정동,경상사고,0,0,1,0,차대사람 - 기타,안전운전불이행,건조,맑음,교차로 - 교차로안,화물,여,60세,상해없음,보행자,남,61세,경상
2022061100100464,2022년 6월 11일 18시,토요일,경상남도 김해시 대청동,중상사고,0,1,0,0,차대차 - 측면충돌,안전운전불이행,건조,맑음,교차로 - 교차로안,승용,남,58세,상해없음,이륜,남,38세,중상
2022061100100488,2022년 6월 11일 19시,토요일,경상남도 의령군 유곡면,경상사고,0,0,1,0,차량단독 - 공작물충돌,안전운전불이행,건조,맑음,단일로 - 기타,이륜,남,60세,경상,,,,
2022061100100515,2022년 6월 11일 20시,토요일,경상남도 거제시 사등면,중상사고,0,3,2,0,차대차 - 기타,안전운전불이행,건조,맑음,단일로 - 기타,승용,남,45세,중상,승용,남,56세,중상
2022061100100552,2022년 6월 11일 22시,토요일,경상남도 사천시 사천읍,중상사고,0,1,0,0,차대사람 - 기타,안전운전불이행,건조,맑음,단일로 - 기타,원동기,남,18세,상해없음,보행자,남,59세,중상
2022061100100575,2022년 6월 11일 23시,토요일,경상남도 창원시 진해구 용원동,경상사고,0,0,1,0,차대차 - 추돌,불법유턴,건조,맑음,교차로 - 교차로부근,승용,남,52세,상해없음,승용,남,45세,경상
2022061200100011,2022년 6월 12일 00시,일요일,경상남도 김해시 내동,경상사고,0,0,1,0,차대차 - 추돌,안전운전불이행,건조,맑음,단일로 - 기타,승용,남,60세,상해없음,승용,남,28세,경상
2022061200100042,2022년 6월 12일 04시,일요일,경상남도 김해시 봉황동,경상사고,0,0,1,0,차대차 - 기타,안전운전불이행,건조,맑음,단일로 - 기타,화물,남,52세,상해없음,화물,남,64세,경상
2022061200100045,2022년 6월 12일 04시,일요일,경상남도 창원시 진해구 석동,경상사고,0,0,2,0,차대차 - 기타,직진우회전진행방해,건조,맑음,교차로 - 교차로안,승용,남,21세,상해없음,승용,남,56세,경상
2022061200100046,2022년 6월 12일 04시,일요일,경상남도 거제시 고현동,경상사고,0,0,1,0,차대사람 - 기타,보행자보호의무위반,건조,맑음,교차로 - 교차로횡단보도내,승용,남,46세,상해없음,보행자,남,66세,경상
2022061200100064,2022년 6월 12일 06시,일요일,경상남도 통영시 용남면,경상사고,0,0,2,0,차대차 - 추돌,안전운전불이행,건조,맑음,단일로 - 기타,승용,여,37세,상해없음,승용,남,50세,경상
2022061200100080,2022년 6월 12일 08시,일요일,경상남도 창녕군 이방면,사망사고,1,0,0,0,차대차 - 기타,안전운전불이행,건조,맑음,교차로 - 교차로안,화물,남,28세,상해없음,이륜,여,67세,사망
2022061200100088,2022년 6월 12일 09시,일요일,경상남도 밀양시 내이동,경상사고,0,0,1,0,차대차 - 추돌,안전운전불이행,건조,맑음,단일로 - 기타,승용,남,69세,상해없음,승용,남,55세,경상
2022061200100089,2022년 6월 12일 09시,일요일,경상남도 밀양시 무안면,중상사고,0,1,0,0,차대차 - 측면충돌,교차로운행방법위반,건조,맑음,교차로 - 교차로안,승용,남,46세,상해없음,이륜,남,86세,중상
2022061200100129,2022년 6월 12일 11시,일요일,경상남도 창원시 마산합포구 중성동,경상사고,0,0,1,0,차대차 - 측면충돌,안전거리미확보,건조,맑음,단일로 - 기타,승용,남,27세,상해없음,승용,남,64세,상해없음
2022061200100130,2022년 6월 12일 11시,일요일,경상남도 합천군 대병면,중상사고,0,2,0,0,차대차 - 정면충돌,중앙선침범,건조,맑음,단일로 - 터널,이륜,남,29세,중상,이륜,남,51세,중상
2022061200100152,2022년 6월 12일 12시,일요일,경상남도 거창군 거창읍,경상사고,0,0,1,0,차대차 - 측면충돌,안전운전불이행,건조,맑음,교차로 - 교차로부근,개인형이동수단(PM),남,61세,경상,승용,여,51세,기타불명
2022061200100153,2022년 6월 12일 12시,일요일,경상남도 창원시 마산합포구 산호동,경상사고,0,0,1,0,차대차 - 기타,안전운전불이행,건조,맑음,단일로 - 기타,승합,남,64세,상해없음,자전거,남,67세,경상
2022061200100179,2022년 6월 12일 13시,일요일,경상남도 밀양시 내이동,경상사고,0,0,2,0,차대차 - 측면충돌,안전운전불이행,건조,맑음,교차로 - 교차로안,승용,여,66세,상해없음,승용,남,34세,경상
2022061200100180,2022년 6월 12일 13시,일요일,경상남도 거창군 거창읍,부상신고사고,0,0,0,1,차대차 - 추돌,신호위반,건조,맑음,교차로 - 교차로안,승용,여,30세,상해없음,이륜,남,41세,부상신고
2022061200100181,2022년 6월 12일 13시,일요일,경상남도 고성군 거류면,중상사고,0,1,0,0,차대차 - 기타,안전운전불이행,건조,맑음,교차로 - 교차로부근,화물,여,62세,상해없음,이륜,남,72세,중상
2022061200100203,2022년 6월 12일 14시,일요일,경상남도 통영시 인평동,경상사고,0,0,1,0,차대차 - 기타,안전운전불이행,건조,맑음,단일로 - 기타,승용,남,61세,상해없음,승용,여,36세,경상
2022061200100204,2022년 6월 12일 14시,일요일,경상남도 양산시 신기동,경상사고,0,0,1,0,차대차 - 측면충돌,안전운전불이행,건조,맑음,기타 - 기타,이륜,남,19세,상해없음,이륜,남,22세,경상
2022061200100231,2022년 6월 12일 15시,일요일,경상남도 거창군 거창읍,경상사고,0,0,1,0,차대차 - 추돌,안전운전불이행,건조,맑음,교차로 - 교차로안,자전거,남,41세,경상,승용,남,78세,상해없음
2022061200100356,2022년 6월 12일 20시,일요일,경상남도 창원시 진해구 용원동,경상사고,0,0,1,0,차대차 - 기타,중앙선침범,건조,맑음,단일로 - 기타,승용,남,41세,상해없음,이륜,남,39세,경상
2022061200100357,2022년 6월 12일 20시,일요일,경상남도 함양군 휴천면,중상사고,0,1,0,0,차대사람 - 기타,안전운전불이행,건조,기타,단일로 - 기타,승용,남,68세,상해없음,보행자,남,64세,중상
2022061200100358,2022년 6월 12일 20시,일요일,경상남도 창원시 마산회원구 내서읍,중상사고,0,1,1,0,차대차 - 측면충돌,신호위반,건조,맑음,교차로 - 교차로부근,승용,여,56세,상해없음,승용,남,27세,중상
2022061200100359,2022년 6월 12일 20시,일요일,경상남도 김해시 주촌면,경상사고,0,0,1,0,차대차 - 추돌,안전운전불이행,건조,맑음,교차로 - 교차로안,승용,남,64세,상해없음,승용,남,37세,경상
2022061200100379,2022년 6월 12일 21시,일요일,경상남도 거창군 거창읍,경상사고,0,0,1,1,차량단독 - 전도전복 - 전도,안전운전불이행,건조,맑음,단일로 - 기타,승용,남,53세,부상신고,,,,
2022061200100380,2022년 6월 12일 21시,일요일,경상남도 양산시 상북면,경상사고,0,0,1,0,차대차 - 측면충돌,신호위반,건조,맑음,기타 - 기타,승용,여,60세,상해없음,승용,여,52세,경상
2022061200100381,2022년 6월 12일 21시,일요일,경상남도 양산시 중부동,경상사고,0,0,1,0,차대차 - 측면충돌,안전운전불이행,건조,맑음,기타 - 기타,승용,남,24세,기타불명,승용,남,33세,경상
2022061200100399,2022년 6월 12일 22시,일요일,경상남도 밀양시 삼문동,경상사고,0,0,1,0,차대차 - 추돌,안전운전불이행,건조,맑음,단일로 - 기타,이륜,남,53세,경상,승용,여,51세,상해없음
2022061300100051,2022년 6월 13일 07시,월요일,경상남도 창원시 마산합포구 해운동,중상사고,0,1,0,0,차대차 - 측면충돌,신호위반,건조,맑음,교차로 - 교차로안,이륜,남,24세,중상,승용,남,74세,상해없음
2022061300100052,2022년 6월 13일 07시,월요일,경상남도 함안군 칠북면,중상사고,0,1,0,0,차대차 - 정면충돌,중앙선침범,건조,맑음,단일로 - 기타,승용,남,66세,상해없음,승용,남,24세,중상
2022061300100092,2022년 6월 13일 08시,월요일,경상남도 함양군 마천면,중상사고,0,2,0,0,차량단독 - 도로외이탈 - 추락,안전운전불이행,건조,맑음,단일로 - 기타,화물,남,85세,중상,,,,
2022061300100161,2022년 6월 13일 10시,월요일,경상남도 밀양시 하남읍,경상사고,0,0,1,0,차대차 - 추돌,중앙선침범,건조,맑음,교차로 - 교차로부근,승용,남,47세,상해없음,승용,여,61세,경상
2022061300100209,2022년 6월 13일 12시,월요일,경상남도 거제시 고현동,경상사고,0,0,4,0,차대차 - 기타,교차로운행방법위반,건조,맑음,교차로 - 교차로안,승용,남,34세,경상,승용,남,40세,경상
2022061300100210,2022년 6월 13일 12시,월요일,경상남도 창원시 의창구 명서동,중상사고,0,1,0,0,차대차 - 측면충돌,신호위반,건조,맑음,교차로 - 교차로안,승용,여,55세,상해없음,승용,남,69세,중상
2022061300100264,2022년 6월 13일 14시,월요일,경상남도 통영시 북신동,경상사고,0,0,3,0,차대차 - 추돌,안전운전불이행,건조,맑음,교차로 - 교차로안,승용,남,50세,상해없음,승용,여,45세,경상
2022061300100349,2022년 6월 13일 16시,월요일,경상남도 창원시 진해구 용원동,경상사고,0,0,1,0,차대차 - 기타,기타,건조,맑음,단일로 - 기타,승용,남,46세,상해없음,자전거,남,52세,경상
2022061300100350,2022년 6월 13일 16시,월요일,경상남도 사천시 선구동,중상사고,0,1,0,0,차대사람 - 기타,안전운전불이행,건조,맑음,교차로 - 교차로횡단보도내,건설기계,남,51세,상해없음,보행자,남,91세,중상
2022061300100391,2022년 6월 13일 17시,월요일,경상남도 창원시 의창구 팔용동,사망사고,1,0,0,0,차대차 - 측면충돌,안전운전불이행,건조,맑음,교차로 - 교차로안,화물,남,29세,상해없음,이륜,남,36세,사망
2022061300100436,2022년 6월 13일 18시,월요일,경상남도 창원시 진해구 용원동,경상사고,0,0,1,0,차대차 - 측면충돌,안전운전불이행,건조,맑음,단일로 - 기타,이륜,남,40세,상해없음,이륜,남,20세,경상
2022061300100437,2022년 6월 13일 18시,월요일,경상남도 김해시 내동,중상사고,0,1,0,0,차대차 - 기타,안전운전불이행,건조,맑음,단일로 - 기타,이륜,남,28세,상해없음,승합,여,69세,상해없음
2022061300100466,2022년 6월 13일 19시,월요일,경상남도 밀양시 내이동,중상사고,0,1,0,0,차대차 - 측면충돌,안전운전불이행,건조,맑음,교차로 - 교차로안,승용,여,64세,상해없음,원동기,남,50세,중상
2022061300100467,2022년 6월 13일 19시,월요일,경상남도 함안군 군북면,경상사고,0,0,5,0,차대차 - 측면충돌,중앙선침범,건조,맑음,단일로 - 기타,승용,남,63세,상해없음,승용,여,34세,경상
2022061300100492,2022년 6월 13일 20시,월요일,경상남도 창녕군 창녕읍,중상사고,0,1,0,0,차량단독 - 전도전복 - 전도,안전운전불이행,건조,맑음,교차로 - 교차로부근,자전거,남,56세,중상,,,,
2022061300100535,2022년 6월 13일 22시,월요일,경상남도 김해시 주촌면,경상사고,0,0,3,0,차대차 - 추돌,안전운전불이행,건조,맑음,교차로 - 교차로안,승용,남,28세,상해없음,승용,남,29세,경상
2022061400100047,2022년 6월 14일 06시,화요일,경상남도 창원시 진해구 안골동,경상사고,0,0,1,0,차대차 - 기타,신호위반,건조,맑음,교차로 - 교차로안,특수,남,52세,상해없음,승용,남,28세,경상
2022061400100069,2022년 6월 14일 07시,화요일,경상남도 창원시 마산합포구 중앙동2가,중상사고,0,1,0,0,차대차 - 기타,안전운전불이행,젖음/습기,비,교차로 - 교차로안,승용,남,75세,상해없음,이륜,남,79세,중상
2022061400100070,2022년 6월 14일 07시,화요일,경상남도 통영시 미수동,경상사고,0,0,1,0,차대차 - 정면충돌,안전운전불이행,젖음/습기,비,단일로 - 기타,승용,여,73세,상해없음,승용,여,53세,상해없음
2022061400100111,2022년 6월 14일 08시,화요일,경상남도 진주시 신안동,중상사고,0,1,0,0,차대사람 - 횡단중,안전운전불이행,젖음/습기,흐림,단일로 - 기타,화물,남,76세,상해없음,보행자,여,82세,중상
2022061400100112,2022년 6월 14일 08시,화요일,경상남도 사천시 곤양면,경상사고,0,0,1,0,차량단독 - 전도전복 - 전도,안전운전불이행,젖음/습기,흐림,단일로 - 기타,이륜,남,56세,경상,,,,
2022061400100189,2022년 6월 14일 10시,화요일,경상남도 창원시 진해구 남문동,경상사고,0,0,2,0,차대차 - 측면충돌,안전거리미확보,건조,맑음,단일로 - 기타,화물,남,62세,경상,승합,남,39세,경상
2022061400100190,2022년 6월 14일 10시,화요일,경상남도 함양군 함양읍,중상사고,0,1,0,1,차대차 - 측면충돌,교차로운행방법위반,건조,맑음,교차로 - 교차로안,화물,남,63세,부상신고,승용,여,64세,중상
2022061400100191,2022년 6월 14일 10시,화요일,경상남도 창원시 마산회원구 합성동,경상사고,0,0,1,1,차대차 - 측면충돌,신호위반,건조,맑음,교차로 - 교차로안,화물,남,68세,상해없음,승합,남,44세,부상신고
2022061400100222,2022년 6월 14일 11시,화요일,경상남도 양산시 하북면,중상사고,0,1,0,1,차대차 - 측면충돌,교차로운행방법위반,젖음/습기,비,교차로 - 교차로안,승용,남,64세,부상신고,승용,남,40세,중상
2022061400100256,2022년 6월 14일 12시,화요일,경상남도 김해시 생림면,중상사고,0,2,0,0,차대차 - 정면충돌,중앙선침범,젖음/습기,비,교차로 - 교차로부근,승용,남,34세,상해없음,승용,남,54세,상해없음
2022061400100283,2022년 6월 14일 13시,화요일,경상남도 창원시 진해구 풍호동,경상사고,0,0,2,0,차대차 - 기타,차로위반,젖음/습기,비,교차로 - 교차로부근,승용,여,72세,경상,승용,남,61세,경상
2022061400100284,2022년 6월 14일 13시,화요일,경상남도 김해시 어방동,경상사고,0,0,1,0,차대차 - 측면충돌,교차로운행방법위반,젖음/습기,비,단일로 - 기타,승용,여,26세,상해없음,승용,남,56세,경상
2022061400100319,2022년 6월 14일 14시,화요일,경상남도 통영시 산양읍,경상사고,0,0,1,0,차대차 - 후진중충돌,안전운전불이행,건조,맑음,주차장 - 주차장,화물,남,53세,상해없음,화물,남,32세,경상
2022061400100320,2022년 6월 14일 14시,화요일,경상남도 함양군 안의면,부상신고사고,0,0,0,1,차대차 - 후진중충돌,안전운전불이행,건조,맑음,단일로 - 기타,화물,남,70세,상해없음,승용,여,57세,부상신고
2022061400100321,2022년 6월 14일 14시,화요일,경상남도 거제시 장평동,중상사고,0,1,0,0,차대차 - 추돌,안전운전불이행,젖음/습기,비,교차로 - 교차로부근,승용,남,61세,기타불명,이륜,남,45세,중상
2022061400100341,2022년 6월 14일 15시,화요일,경상남도 양산시 다방동,경상사고,0,0,2,1,차대차 - 추돌,안전운전불이행,젖음/습기,비,단일로 - 기타,승용,여,64세,상해없음,화물,남,54세,경상
2022061400100359,2022년 6월 14일 15시,화요일,경상남도 거제시 옥포동,중상사고,0,1,0,0,차대사람 - 횡단중,보행자보호의무위반,젖음/습기,비,교차로 - 교차로횡단보도내,승용,남,60세,상해없음,보행자,남,65세,중상
2022061400100397,2022년 6월 14일 16시,화요일,경상남도 김해시 진례면,경상사고,0,0,1,0,차대차 - 추돌,안전운전불이행,건조,맑음,교차로 - 교차로부근,승용,남,51세,상해없음,화물,남,38세,경상
2022061400100398,2022년 6월 14일 16시,화요일,경상남도 김해시 율하동,경상사고,0,0,1,0,차대차 - 기타,안전운전불이행,젖음/습기,흐림,교차로 - 교차로안,원동기,남,33세,경상,승용,여,42세,상해없음
2022061400100430,2022년 6월 14일 17시,화요일,경상남도 김해시 부곡동,경상사고,0,0,1,0,차대사람 - 횡단중,신호위반,건조,맑음,교차로 - 교차로횡단보도내,승용,여,51세,상해없음,보행자,여,10세,경상
2022061400100473,2022년 6월 14일 18시,화요일,경상남도 김해시 부원동,경상사고,0,0,1,0,차대사람 - 차도통행중,안전거리미확보,건조,흐림,단일로 - 기타,승용,여,39세,상해없음,보행자,남,23세,경상
2022061400100474,2022년 6월 14일 18시,화요일,경상남도 김해시 삼계동,경상사고,0,0,1,0,차대차 - 측면충돌,안전운전불이행,젖음/습기,비,교차로 - 교차로안,승용,여,41세,상해없음,이륜,남,66세,경상
2022061400100475,2022년 6월 14일 18시,화요일,경상남도 창원시 의창구 북면,경상사고,0,0,1,0,차대차 - 정면충돌,안전운전불이행,젖음/습기,비,단일로 - 기타,승용,여,51세,상해없음,승용,여,37세,경상
2022061400100476,2022년 6월 14일 18시,화요일,경상남도 김해시 주촌면,경상사고,0,0,1,0,차대차 - 측면충돌,안전운전불이행,건조,맑음,단일로 - 기타,승용,남,58세,상해없음,승용,여,52세,경상
2022061400100501,2022년 6월 14일 19시,화요일,경상남도 창원시 진해구 석동,경상사고,0,0,1,0,차대사람 - 차도통행중,안전운전불이행,젖음/습기,비,단일로 - 기타,이륜,남,46세,상해없음,보행자,남,75세,경상
2022061400100502,2022년 6월 14일 19시,화요일,경상남도 밀양시 삼문동,중상사고,0,1,0,0,차대차 - 기타,안전운전불이행,젖음/습기,비,교차로 - 교차로부근,승용,남,61세,상해없음,이륜,남,17세,중상
2022061400100503,2022년 6월 14일 19시,화요일,경상남도 양산시 하북면,중상사고,0,1,0,0,차대사람 - 기타,안전운전불이행,젖음/습기,비,교차로 - 교차로안,화물,남,54세,상해없음,보행자,남,62세,중상
2022061400100558,2022년 6월 14일 21시,화요일,경상남도 창원시 마산합포구 두월동2가,경상사고,0,0,1,0,차대사람 - 차도통행중,안전운전불이행,젖음/습기,흐림,교차로 - 교차로안,승용,남,49세,상해없음,보행자,남,64세,경상
2022061400100559,2022년 6월 14일 21시,화요일,경상남도 양산시 물금읍,중상사고,0,1,0,0,차대차 - 기타,안전운전불이행,젖음/습기,비,단일로 - 기타,이륜,남,28세,상해없음,승용,남,40세,중상
2022061400100560,2022년 6월 14일 21시,화요일,경상남도 김해시 삼문동,중상사고,0,1,0,0,차대차 - 기타,안전운전불이행,젖음/습기,비,단일로 - 기타,승용,남,40세,상해없음,이륜,남,44세,중상
2022061400100597,2022년 6월 14일 23시,화요일,경상남도 거제시 상동동,부상신고사고,0,0,0,1,차량단독 - 공작물충돌,안전운전불이행,젖음/습기,비,교차로 - 교차로부근,승용,여,30세,부상신고,,,,
2022061500100006,2022년 6월 15일 00시,수요일,경상남도 창녕군 대합면,경상사고,0,0,2,1,차대차 - 추돌,안전운전불이행,젖음/습기,비,단일로 - 기타,승용,여,49세,부상신고,화물,남,65세,경상
2022061500100016,2022년 6월 15일 01시,수요일,경상남도 거제시 연초면,중상사고,0,1,1,0,차대차 - 측면충돌,안전운전불이행,젖음/습기,비,교차로 - 교차로안,승용,남,40세,상해없음,승용,남,59세,경상
2022061500100041,2022년 6월 15일 05시,수요일,경상남도 밀양시 내이동,중상사고,0,1,0,0,차대차 - 측면충돌,안전운전불이행,젖음/습기,비,교차로 - 교차로안,승용,남,31세,상해없음,원동기,남,59세,중상
2022061500100065,2022년 6월 15일 07시,수요일,경상남도 양산시 신기동,부상신고사고,0,0,0,1,차량단독 - 공작물충돌,안전운전불이행,젖음/습기,비,단일로 - 기타,승용,여,32세,부상신고,,,,
2022061500100066,2022년 6월 15일 07시,수요일,경상남도 김해시 진영읍,중상사고,0,1,0,1,차대사람 - 횡단중,안전운전불이행,건조,맑음,단일로 - 기타,이륜,남,29세,부상신고,보행자,남,57세,중상
2022061500100107,2022년 6월 15일 08시,수요일,경상남도 밀양시 부북면,중상사고,0,1,0,0,차대차 - 측면충돌,안전운전불이행,건조,맑음,단일로 - 기타,승용,남,78세,상해없음,승용,여,61세,중상
2022061500100108,2022년 6월 15일 08시,수요일,경상남도 김해시 풍유동,중상사고,0,1,0,0,차대차 - 측면충돌,신호위반,건조,맑음,교차로 - 교차로안,화물,남,63세,상해없음,이륜,남,48세,중상
2022061500100152,2022년 6월 15일 10시,수요일,경상남도 창원시 진해구 용원동,경상사고,0,0,1,0,차대차 - 측면충돌,신호위반,건조,맑음,교차로 - 교차로안,승용,남,30세,기타불명,승용,남,19세,경상
2022061500100163,2022년 6월 15일 10시,수요일,경상남도 진주시 장대동,중상사고,0,1,0,0,차대사람 - 기타,안전운전불이행,건조,맑음,단일로 - 기타,승용,남,51세,상해없음,보행자,여,74세,중상
2022061500100288,2022년 6월 15일 14시,수요일,경상남도 창원시 진해구 안골동,경상사고,0,0,1,0,차대차 - 기타,기타,건조,맑음,교차로 - 교차로안,승용,남,59세,상해없음,승용,남,27세,경상
2022061500100309,2022년 6월 15일 15시,수요일,경상남도 밀양시 삼문동,경상사고,0,0,1,0,차대차 - 측면충돌,안전운전불이행,건조,맑음,교차로 - 교차로횡단보도내,승용,여,35세,상해없음,자전거,남,86세,경상
2022061500100310,2022년 6월 15일 15시,수요일,경상남도 합천군 대병면,경상사고,0,0,1,0,차대차 - 측면충돌,안전운전불이행,건조,맑음,단일로 - 기타,화물,남,82세,상해없음,승용,남,75세,경상
2022061500100311,2022년 6월 15일 15시,수요일,경상남도 창원시 성산구 천선동,경상사고,0,0,1,0,차대차 - 추돌,안전운전불이행,건조,맑음,교차로 - 교차로부근,승용,남,66세,상해없음,승용,여,47세,경상
2022061500100313,2022년 6월 15일 15시,수요일,경상남도 창원시 의창구 봉곡동,중상사고,0,1,0,0,차량단독 - 기타,안전운전불이행,건조,맑음,단일로 - 기타,승합,남,41세,상해없음,,,,
2022061500100366,2022년 6월 15일 16시,수요일,경상남도 창원시 진해구 이동,경상사고,0,0,1,0,차대사람 - 기타,신호위반,건조,맑음,교차로 - 교차로부근,승용,남,65세,상해없음,보행자,남,9세,경상
2022061500100367,2022년 6월 15일 16시,수요일,경상남도 창원시 마산회원구 양덕동,경상사고,0,0,1,0,차대차 - 측면충돌,안전운전불이행,건조,맑음,교차로 - 교차로안,이륜,남,30세,상해없음,승용,여,49세,경상
2022061500100405,2022년 6월 15일 17시,수요일,경상남도 통영시 광도면,부상신고사고,0,0,0,1,차대차 - 측면충돌,안전운전불이행,건조,맑음,교차로 - 교차로안,승합,남,60세,부상신고,승합,남,56세,상해없음
2022061500100406,2022년 6월 15일 17시,수요일,경상남도 거창군 거창읍,중상사고,0,1,0,0,차대차 - 기타,안전운전불이행,건조,맑음,교차로 - 교차로부근,승용,남,51세,상해없음,자전거,남,63세,중상
2022061500100407,2022년 6월 15일 17시,수요일,경상남도 거제시 장평동,중상사고,0,1,0,0,차대차 - 기타,안전운전불이행,건조,맑음,단일로 - 기타,승용,남,41세,상해없음,승용,여,57세,중상
2022061500100452,2022년 6월 15일 18시,수요일,경상남도 진주시 평거동,경상사고,0,0,1,0,차대차 - 기타,직진우회전진행방해,건조,맑음,교차로 - 교차로안,화물,남,74세,상해없음,승용,여,29세,상해없음
2022061500100453,2022년 6월 15일 18시,수요일,경상남도 함안군 가야읍,중상사고,0,1,1,0,차대차 - 측면충돌,교차로운행방법위반,건조,맑음,교차로 - 교차로안,승용,남,64세,경상,승용,남,56세,중상
2022061500100472,2022년 6월 15일 19시,수요일,경상남도 김해시 관동동,경상사고,0,0,2,0,차대차 - 추돌,안전거리미확보,건조,맑음,단일로 - 터널,승용,남,38세,상해없음,승용,남,51세,경상
2022061500100518,2022년 6월 15일 20시,수요일,경상남도 김해시 구산동,경상사고,0,0,1,0,차량단독 - 기타,안전운전불이행,건조,맑음,단일로 - 기타,승합,남,59세,상해없음,,,,
2022061500100571,2022년 6월 15일 22시,수요일,경상남도 양산시 삼호동,경상사고,0,0,2,0,차대차 - 추돌,안전운전불이행,건조,맑음,교차로 - 교차로부근,승용,여,21세,상해없음,승용,남,63세,상해없음
2022061500100572,2022년 6월 15일 22시,수요일,경상남도 거창군 남상면,사망사고,2,1,1,1,차대차 - 기타,기타,건조,맑음,단일로 - 기타,승용,남,44세,상해없음,화물,남,61세,사망
2022061600100009,2022년 6월 16일 00시,목요일,경상남도 진주시 가좌동,경상사고,0,0,1,0,차대차 - 기타,중앙선침범,건조,맑음,교차로 - 교차로부근,승용,남,19세,상해없음,승용,여,25세,경상
2022061600100010,2022년 6월 16일 00시,목요일,경상남도 양산시 상북면,중상사고,0,1,0,0,차량단독 - 기타,기타,건조,맑음,단일로 - 기타,승합,남,64세,상해없음,,,,
2022061600100032,2022년 6월 16일 04시,목요일,경상남도 창원시 진해구 이동,중상사고,0,1,0,0,차대사람 - 차도통행중,안전운전불이행,건조,맑음,교차로 - 교차로부근,승용,남,62세,상해없음,보행자,남,46세,중상
2022061600100106,2022년 6월 16일 08시,목요일,경상남도 창녕군 창녕읍,중상사고,0,1,0,0,차대차 - 측면충돌,안전운전불이행,건조,맑음,교차로 - 교차로안,승용,여,43세,상해없음,승용,여,34세,중상
2022061600100140,2022년 6월 16일 09시,목요일,경상남도 사천시 사천읍,경상사고,0,0,1,0,차대차 - 기타,교차로운행방법위반,건조,맑음,교차로 - 교차로안,승용,남,47세,상해없음,승용,남,53세,경상
2022061600100165,2022년 6월 16일 10시,목요일,경상남도 사천시 사남면,경상사고,0,0,1,0,차대차 - 추돌,안전운전불이행,건조,맑음,단일로 - 기타,승용,남,32세,상해없음,승용,여,61세,경상
2022061600100166,2022년 6월 16일 10시,목요일,경상남도 거제시 아주동,경상사고,0,0,2,0,차대차 - 추돌,안전운전불이행,건조,맑음,교차로 - 교차로부근,승용,남,68세,상해없음,승용,여,40세,경상
2022061600100167,2022년 6월 16일 10시,목요일,경상남도 거제시 옥포동,경상사고,0,0,2,0,차대차 - 정면충돌,안전운전불이행,건조,맑음,교차로 - 교차로안,승용,여,67세,경상,승용,남,49세,경상
2022061600100168,2022년 6월 16일 10시,목요일,경상남도 창원시 의창구 팔용동,경상사고,0,0,1,0,차대차 - 추돌,안전운전불이행,건조,맑음,교차로 - 교차로부근,승용,남,82세,상해없음,승용,남,39세,경상
2022061600100228,2022년 6월 16일 12시,목요일,경상남도 창원시 진해구 이동,중상사고,0,1,0,0,차대차 - 측면충돌,안전운전불이행,건조,맑음,교차로 - 교차로안,승용,여,52세,상해없음,이륜,남,80세,중상
2022061600100229,2022년 6월 16일 12시,목요일,경상남도 창녕군 남지읍,중상사고,0,2,0,0,차대차 - 추돌,안전운전불이행,건조,맑음,단일로 - 기타,이륜,남,36세,중상,화물,남,71세,상해없음
2022061600100230,2022년 6월 16일 12시,목요일,경상남도 함안군 법수면,중상사고,0,1,0,0,차대사람 - 길가장자리구역통행중,안전운전불이행,건조,맑음,단일로 - 기타,승용,남,74세,상해없음,보행자,여,52세,중상
2022061600100269,2022년 6월 16일 13시,목요일,경상남도 사천시 벌리동,경상사고,0,0,2,0,차대사람 - 기타,안전운전불이행,건조,맑음,단일로 - 기타,승용,남,57세,상해없음,보행자,여,33세,경상
2022061600100270,2022년 6월 16일 13시,목요일,경상남도 사천시 동금동,경상사고,0,0,1,0,차대차 - 측면충돌,안전운전불이행,건조,맑음,단일로 - 기타,승용,남,61세,상해없음,승용,남,43세,경상
2022061600100271,2022년 6월 16일 13시,목요일,경상남도 창원시 성산구 대방동,경상사고,0,0,1,0,차대사람 - 횡단중,보행자보호의무위반,건조,맑음,단일로 - 기타,화물,남,61세,상해없음,보행자,여,9세,경상
2022061600100306,2022년 6월 16일 14시,목요일,경상남도 창원시 마산합포구 월영동,중상사고,0,1,0,0,차대사람 - 횡단중,보행자보호의무위반,건조,맑음,교차로 - 교차로횡단보도내,특수,남,37세,상해없음,보행자,남,74세,중상