사고번호,사고일시,요일,시군구,사고내용,사망자수,중상자수,경상자수,부상신고자수,사고유형,법규위반,노면상태,기상상태,도로형태,가해운전자 차종,가해운전자 성별,가해운전자 연령,가해운전자 상해정도,피해운전자 차종,피해운전자 성별,피해운전자 연령,피해운전자 상해정도
2022061600100307,2022년 6월 16일 14시,목요일,경상남도 고성군 동해면,중상사고,0,1,1,0,차대차 - 측면충돌,직진우회전진행방해,건조,맑음,교차로 - 교차로안,화물,남,64세,상해없음,승용,남,36세,중상
2022061600100308,2022년 6월 16일 14시,목요일,경상남도 거제시 연초면,경상사고,0,0,1,0,차대차 - 측면충돌,신호위반,건조,맑음,교차로 - 교차로안,이륜,남,68세,경상,화물,남,77세,상해없음
2022061600100336,2022년 6월 16일 15시,목요일,경상남도 김해시 진영읍,경상사고,0,0,1,0,차대사람 - 횡단중,보행자보호의무위반,건조,맑음,기타 - 기타,승용,여,48세,상해없음,보행자,여,75세,경상
2022061600100353,2022년 6월 16일 16시,목요일,경상남도 밀양시 상남면,경상사고,0,0,1,0,차대차 - 기타,기타,건조,맑음,단일로 - 기타,화물,남,49세,상해없음,승용,남,45세,경상
2022061600100373,2022년 6월 16일 16시,목요일,경상남도 창원시 마산합포구 월영동,부상신고사고,0,0,0,1,차대차 - 측면충돌,안전운전불이행,건조,맑음,교차로 - 교차로부근,이륜,남,36세,부상신고,승합,남,73세,상해없음
2022061600100374,2022년 6월 16일 16시,목요일,경상남도 창원시 성산구 신월동,중상사고,0,1,0,0,차량단독 - 기타,안전운전불이행,건조,맑음,교차로 - 교차로부근,승합,남,47세,기타불명,,,,
2022061600100428,2022년 6월 16일 17시,목요일,경상남도 김해시 삼계동,부상신고사고,0,0,0,1,차대사람 - 차도통행중,안전운전불이행,건조,맑음,단일로 - 기타,승용,남,31세,상해없음,보행자,여,6세,부상신고
2022061600100429,2022년 6월 16일 17시,목요일,경상남도 거제시 아주동,중상사고,0,1,0,0,차대차 - 측면충돌,중앙선침범,건조,맑음,단일로 - 기타,승용,남,34세,상해없음,이륜,남,44세,중상
2022061600100430,2022년 6월 16일 17시,목요일,경상남도 김해시 진영읍,경상사고,0,0,1,0,차대차 - 측면충돌,안전운전불이행,건조,맑음,교차로 - 교차로횡단보도내,이륜,남,41세,상해없음,자전거,남,11세,경상
2022061600100480,2022년 6월 16일 18시,목요일,경상남도 창원시 진해구 태백동,중상사고,0,1,0,0,차량단독 - 전도전복 - 전도,안전운전불이행,건조,맑음,단일로 - 기타,원동기,여,26세,중상,,,,
2022061600100481,2022년 6월 16일 18시,목요일,경상남도 사천시 정동면,경상사고,0,0,1,0,차대차 - 측면충돌,신호위반,건조,맑음,교차로 - 교차로안,승용,여,34세,상해없음,승용,남,44세,경상
2022061600100526,2022년 6월 16일 19시,목요일,경상남도 진주시 칠암동,중상사고,0,1,0,0,차대차 - 기타,안전운전불이행,건조,맑음,교차로 - 교차로횡단보도내,이륜,남,26세,상해없음,자전거,남,13세,중상
2022061600100527,2022년 6월 16일 19시,목요일,경상남도 김해시 장유동,부상신고사고,0,0,0,1,차량단독 - 기타,안전운전불이행,건조,맑음,기타 - 기타,이륜,남,66세,부상신고,,,,
2022061600100553,2022년 6월 16일 20시,목요일,경상남도 거제시 장평동,경상사고,0,0,1,0,차대차 - 측면충돌,안전운전불이행,건조,맑음,교차로 - 교차로안,승용,남,59세,상해없음,자전거,남,12세,경상
2022061600100572,2022년 6월 16일 21시,목요일,경상남도 함안군 법수면,중상사고,0,1,0,0,차대사람 - 길가장자리구역통행중,안전운전불이행,건조,맑음,단일로 - 기타,승용,남,52세,상해없음,보행자,여,71세,중상
2022061600100598,2022년 6월 16일 22시,목요일,경상남도 거제시 연초면,중상사고,0,1,1,0,차대차 - 기타,중앙선침범,건조,맑음,단일로 - 기타,승용,여,39세,상해없음,승용,남,47세,중상
2022061700100008,2022년 6월 17일 00시,금요일,경상남도 창원시 마산합포구 오동동,중상사고,0,1,0,0,차대차 - 추돌,안전운전불이행,건조,맑음,교차로 - 교차로부근,승용,남,42세,상해없음,승용,남,36세,중상
2022061700100015,2022년 6월 17일 01시,금요일,경상남도 창원시 마산합포구 신포동1가,부상신고사고,0,0,0,1,차대차 - 추돌,안전운전불이행,건조,맑음,교차로 - 교차로부근,이륜,남,43세,부상신고,승용,남,42세,상해없음
2022061700100021,2022년 6월 17일 02시,금요일,경상남도 통영시 용남면,중상사고,0,1,0,0,차량단독 - 공작물충돌,안전운전불이행,건조,맑음,단일로 - 기타,승용,남,61세,중상,,,,
2022061700100063,2022년 6월 17일 07시,금요일,경상남도 진주시 명석면,중상사고,0,2,0,0,차대차 - 정면충돌,중앙선침범,건조,맑음,단일로 - 기타,승용,여,28세,중상,승용,여,66세,중상
2022061700100105,2022년 6월 17일 08시,금요일,경상남도 진주시 내동면,경상사고,0,0,1,0,차대차 - 측면충돌,안전운전불이행,건조,맑음,교차로 - 교차로부근,승용,남,24세,상해없음,승용,여,43세,경상
2022061700100106,2022년 6월 17일 08시,금요일,경상남도 통영시 무전동,경상사고,0,0,1,0,차대차 - 기타,안전운전불이행,건조,맑음,교차로 - 교차로안,이륜,남,38세,상해없음,승용,여,43세,경상
2022061700100107,2022년 6월 17일 08시,금요일,경상남도 밀양시 삼문동,중상사고,0,1,1,0,차대차 - 측면충돌,안전운전불이행,건조,맑음,교차로 - 교차로횡단보도내,승합,남,59세,상해없음,자전거,여,71세,중상
2022061700100171,2022년 6월 17일 10시,금요일,경상남도 남해군 남해읍,부상신고사고,0,0,0,1,차대사람 - 차도통행중,안전운전불이행,건조,맑음,단일로 - 기타,승용,여,62세,기타불명,보행자,여,67세,부상신고
2022061700100172,2022년 6월 17일 10시,금요일,경상남도 창원시 성산구 상남동,경상사고,0,0,1,0,차대차 - 측면충돌,안전운전불이행,건조,맑음,교차로 - 교차로안,화물,남,64세,상해없음,승용,남,28세,경상
2022061700100173,2022년 6월 17일 10시,금요일,경상남도 창원시 마산합포구 산호동,경상사고,0,0,1,0,차대차 - 측면충돌,안전운전불이행,건조,맑음,교차로 - 교차로부근,승용,남,25세,상해없음,승용,여,31세,경상
2022061700100204,2022년 6월 17일 11시,금요일,경상남도 밀양시 내이동,부상신고사고,0,0,0,1,차대사람 - 횡단중,안전운전불이행,건조,맑음,단일로 - 기타,승용,남,72세,상해없음,보행자,여,84세,부상신고
2022061700100235,2022년 6월 17일 12시,금요일,경상남도 양산시 중부동,부상신고사고,0,0,0,1,차대차 - 기타,교차로운행방법위반,건조,맑음,교차로 - 교차로안,자전거,여,22세,부상신고,승용,여,68세,상해없음
2022061700100272,2022년 6월 17일 13시,금요일,경상남도 창원시 진해구 태백동,중상사고,0,1,0,0,차대차 - 측면충돌,신호위반,건조,맑음,교차로 - 교차로안,승용,여,48세,상해없음,이륜,남,64세,중상
2022061700100273,2022년 6월 17일 13시,금요일,경상남도 창녕군 대합면,중상사고,0,1,0,0,차대사람 - 기타,안전운전불이행,건조,맑음,교차로 - 교차로부근,화물,남,50세,상해없음,보행자,여,79세,중상
2022061700100274,2022년 6월 17일 13시,금요일,경상남도 하동군 고전면,중상사고,0,1,0,0,차대차 - 기타,안전운전불이행,건조,맑음,단일로 - 기타,승용,여,46세,기타불명,이륜,남,84세,중상
2022061700100310,2022년 6월 17일 14시,금요일,경상남도 진주시 호탄동,경상사고,0,0,1,0,차대차 - 측면충돌,안전거리미확보,건조,맑음,단일로 - 기타,승용,남,56세,상해없음,화물,남,60세,경상
2022061700100311,2022년 6월 17일 14시,금요일,경상남도 김해시 내동,중상사고,0,1,0,0,차대차 - 측면충돌,직진우회전진행방해,건조,맑음,교차로 - 교차로안,승합,남,62세,상해없음,이륜,남,45세,중상
2022061700100312,2022년 6월 17일 14시,금요일,경상남도 양산시 물금읍,경상사고,0,0,1,1,차대차 - 측면충돌,신호위반,건조,맑음,교차로 - 교차로안,승용,여,56세,상해없음,승합,남,39세,부상신고
2022061700100422,2022년 6월 17일 17시,금요일,경상남도 창원시 마산합포구 중앙동3가,경상사고,0,0,1,0,차대차 - 측면충돌,신호위반,건조,맑음,교차로 - 교차로안,원동기,남,24세,상해없음,자전거,남,11세,경상
2022061700100423,2022년 6월 17일 17시,금요일,경상남도 통영시 북신동,경상사고,0,0,1,0,차대차 - 추돌,안전거리미확보,건조,맑음,단일로 - 기타,화물,남,48세,상해없음,승용,여,37세,경상
2022061700100424,2022년 6월 17일 17시,금요일,경상남도 사천시 용현면,부상신고사고,0,0,0,1,차량단독 - 기타,안전운전불이행,건조,맑음,기타 - 기타,승용,여,48세,부상신고,,,,
2022061700100478,2022년 6월 17일 18시,금요일,경상남도 창원시 성산구 신월동,경상사고,0,0,2,0,차대차 - 후진중충돌,안전운전불이행,건조,맑음,교차로 - 교차로안,승용,남,76세,상해없음,승용,남,32세,경상
2022061700100512,2022년 6월 17일 19시,금요일,경상남도 밀양시 삼문동,경상사고,0,0,2,0,차대차 - 측면충돌,안전운전불이행,기타,맑음,교차로 - 교차로부근,이륜,남,21세,상해없음,이륜,남,36세,경상
2022061700100513,2022년 6월 17일 19시,금요일,경상남도 창원시 마산회원구 석전동,경상사고,0,0,1,0,차대차 - 측면충돌,안전운전불이행,건조,맑음,교차로 - 교차로부근,승용,남,62세,상해없음,승용,남,66세,상해없음
2022061700100558,2022년 6월 17일 20시,금요일,경상남도 김해시 외동,중상사고,0,1,0,0,차대차 - 정면충돌,신호위반,건조,맑음,교차로 - 교차로안,원동기,남,59세,상해없음,이륜,남,24세,중상
2022061700100559,2022년 6월 17일 20시,금요일,경상남도 함안군 칠원읍,경상사고,0,0,1,0,차대차 - 추돌,안전운전불이행,건조,맑음,기타 - 기타,이륜,남,43세,경상,승용,여,33세,상해없음
2022061700100588,2022년 6월 17일 21시,금요일,경상남도 진주시 호탄동,경상사고,0,0,1,0,차대차 - 측면충돌,교차로운행방법위반,건조,맑음,교차로 - 교차로안,승용,여,53세,상해없음,승용,남,37세,경상
2022061700100589,2022년 6월 17일 21시,금요일,경상남도 통영시 무전동,경상사고,0,0,1,0,차량단독 - 전도전복 - 전도,안전운전불이행,건조,맑음,교차로 - 교차로안,이륜,남,22세,경상,,,,
2022061700100590,2022년 6월 17일 21시,금요일,경상남도 거제시 옥포동,경상사고,0,0,4,0,차대차 - 측면충돌,중앙선침범,건조,맑음,단일로 - 기타,승용,여,52세,상해없음,승용,여,39세,경상
2022061700100591,2022년 6월 17일 21시,금요일,경상남도 산청군 산청읍,경상사고,0,0,1,0,차대차 - 기타,안전운전불이행,건조,맑음,단일로 - 기타,승용,남,69세,상해없음,승용,남,71세,상해없음
2022061700100609,2022년 6월 17일 22시,금요일,경상남도 양산시 물금읍,중상사고,0,1,0,0,차대사람 - 횡단중,신호위반,건조,맑음,단일로 - 기타,승용,남,59세,상해없음,보행자,남,57세,중상
2022061700100610,2022년 6월 17일 22시,금요일,경상남도 하동군 하동읍,경상사고,0,0,1,0,차대사람 - 기타,안전운전불이행,건조,맑음,단일로 - 기타,승용,여,61세,상해없음,보행자,남,56세,경상
2022061800100058,2022년 6월 18일 04시,토요일,경상남도 김해시 무계동,중상사고,0,1,0,0,차대차 - 측면충돌,안전거리미확보,건조,맑음,단일로 - 기타,화물,남,33세,상해없음,이륜,남,24세,중상
2022061800100075,2022년 6월 18일 06시,토요일,경상남도 진주시 대안동,중상사고,0,1,0,0,차대사람 - 길가장자리구역통행중,안전운전불이행,건조,맑음,단일로 - 기타,승용,여,58세,상해없음,보행자,여,50세,중상
2022061800100076,2022년 6월 18일 06시,토요일,경상남도 함안군 산인면,경상사고,0,0,1,0,차량단독 - 전도전복 - 전복,안전운전불이행,건조,맑음,단일로 - 기타,승용,남,26세,경상,,,,
2022061800100089,2022년 6월 18일 07시,토요일,경상남도 창원시 성산구 가음동,경상사고,0,0,1,0,차대차 - 측면충돌,안전운전불이행,건조,맑음,교차로 - 교차로안,승용,남,67세,상해없음,승용,남,42세,경상
2022061800100110,2022년 6월 18일 08시,토요일,경상남도 양산시 덕계동,경상사고,0,0,1,0,차대차 - 정면충돌,교차로운행방법위반,건조,맑음,교차로 - 교차로안,승용,남,78세,상해없음,화물,남,75세,경상
2022061800100111,2022년 6월 18일 08시,토요일,경상남도 의령군 지정면,경상사고,0,0,1,0,차대차 - 측면충돌,교차로운행방법위반,건조,맑음,교차로 - 교차로부근,승용,여,65세,상해없음,화물,남,57세,경상
2022061800100135,2022년 6월 18일 09시,토요일,경상남도 통영시 동호동,경상사고,0,0,1,0,차대사람 - 기타,안전운전불이행,건조,맑음,교차로 - 교차로횡단보도내,승용,여,61세,상해없음,보행자,여,53세,경상
2022061800100171,2022년 6월 18일 10시,토요일,경상남도 양산시 삼호동,중상사고,0,1,0,0,차대사람 - 차도통행중,안전운전불이행,건조,맑음,교차로 - 교차로부근,건설기계,남,49세,기타불명,보행자,남,71세,중상
2022061800100172,2022년 6월 18일 10시,토요일,경상남도 거제시 아주동,경상사고,0,0,1,0,차대차 - 측면충돌,안전운전불이행,건조,맑음,교차로 - 교차로부근,승용,남,65세,상해없음,승용,여,41세,경상
2022061800100202,2022년 6월 18일 11시,토요일,경상남도 창녕군 창녕읍,경상사고,0,0,4,0,차대차 - 측면충돌,안전운전불이행,건조,맑음,기타 - 기타,승용,남,66세,상해없음,승용,남,20세,상해없음
2022061800100203,2022년 6월 18일 11시,토요일,경상남도 남해군 남면,중상사고,0,1,0,0,차대차 - 측면충돌,중앙선침범,건조,맑음,단일로 - 기타,승용,남,24세,상해없음,이륜,남,48세,중상
2022061800100248,2022년 6월 18일 13시,토요일,경상남도 김해시 대동면,경상사고,0,0,1,0,차대차 - 기타,안전거리미확보,건조,맑음,단일로 - 기타,승용,남,67세,상해없음,승용,남,37세,경상
2022061800100269,2022년 6월 18일 13시,토요일,경상남도 통영시 무전동,중상사고,0,2,0,0,차대차 - 추돌,안전운전불이행,건조,맑음,교차로 - 교차로부근,화물,남,69세,상해없음,승용,남,43세,중상
2022061800100270,2022년 6월 18일 13시,토요일,경상남도 고성군 마암면,경상사고,0,0,1,0,차대사람 - 차도통행중,안전운전불이행,건조,맑음,기타 - 기타,승용,남,59세,상해없음,보행자,여,54세,경상
2022061800100271,2022년 6월 18일 13시,토요일,경상남도 함안군 가야읍,경상사고,0,0,1,0,차대차 - 측면충돌,불법유턴,건조,맑음,교차로 - 교차로부근,자전거,여,13세,경상,승용,남,79세,상해없음
2022061800100272,2022년 6월 18일 13시,토요일,경상남도 창원시 성산구 용호동,경상사고,0,0,1,0,차대사람 - 기타,안전운전불이행,건조,맑음,교차로 - 교차로부근,승용,남,20세,상해없음,보행자,남,35세,경상
2022061800100273,2022년 6월 18일 13시,토요일,경상남도 진주시 문산읍,경상사고,0,0,3,0,차대차 - 추돌,안전운전불이행,건조,맑음,단일로 - 기타,승용,여,39세,상해없음,승용,남,38세,경상
2022061800100308,2022년 6월 18일 14시,토요일,경상남도 창원시 마산합포구 상남동,중상사고,0,1,0,0,차대사람 - 차도통행중,안전운전불이행,건조,맑음,단일로 - 기타,승용,남,67세,상해없음,보행자,여,77세,중상
2022061800100309,2022년 6월 18일 14시,토요일,경상남도 진주시 강남동,중상사고,0,1,0,0,차대사람 - 기타,안전운전불이행,건조,맑음,단일로 - 기타,승합,남,48세,상해없음,보행자,여,55세,중상
2022061800100310,2022년 6월 18일 14시,토요일,경상남도 김해시 부원동,경상사고,0,0,1,0,차대차 - 추돌,안전운전불이행,건조,맑음,단일로 - 기타,승용,기타불명,미분류,기타불명,승용,여,47세,경상
2022061800100382,2022년 6월 18일 16시,토요일,경상남도 진주시 장대동,경상사고,0,0,1,0,차대차 - 측면충돌,신호위반,건조,맑음,교차로 - 교차로안,이륜,남,80세,경상,승용,여,40세,상해없음
2022061800100383,2022년 6월 18일 16시,토요일,경상남도 거창군 고제면,사망사고,1,0,0,0,차량단독 - 공작물충돌,안전운전불이행,건조,맑음,단일로 - 기타,화물,남,58세,사망,,,,
2022061800100384,2022년 6월 18일 16시,토요일,경상남도 거제시 남부면,경상사고,0,0,2,0,차대차 - 기타,안전운전불이행,건조,맑음,단일로 - 기타,승용,남,41세,경상,승용,여,34세,경상
2022061800100386,2022년 6월 18일 16시,토요일,경상남도 창원시 성산구 성산동,경상사고,0,0,1,0,차대차 - 측면충돌,신호위반,건조,맑음,단일로 - 기타,승용,남,55세,상해없음,승용,남,63세,상해없음
2022061800100418,2022년 6월 18일 17시,토요일,경상남도 창원시 마산합포구 현동,부상신고사고,0,0,0,1,차대차 - 측면충돌,안전운전불이행,건조,맑음,교차로 - 교차로부근,승용,남,65세,상해없음,승용,남,30세,부상신고
2022061800100419,2022년 6월 18일 17시,토요일,경상남도 밀양시 내이동,경상사고,0,0,1,0,차대차 - 측면충돌,신호위반,건조,맑음,교차로 - 교차로안,승용,남,39세,상해없음,이륜,남,37세,경상
2022061800100452,2022년 6월 18일 18시,토요일,경상남도 양산시 평산동,경상사고,0,0,1,0,차대차 - 추돌,안전운전불이행,건조,맑음,교차로 - 교차로안,승용,여,51세,상해없음,이륜,남,55세,경상
2022061800100485,2022년 6월 18일 19시,토요일,경상남도 김해시 전하동,경상사고,0,0,1,0,차대사람 - 횡단중,보행자보호의무위반,건조,맑음,기타 - 기타,승용,남,26세,상해없음,보행자,남,53세,경상
2022061800100486,2022년 6월 18일 19시,토요일,경상남도 양산시 어곡동,부상신고사고,0,0,0,1,차대차 - 정면충돌,안전운전불이행,건조,맑음,교차로 - 교차로안,기타불명,기타불명,미분류,기타불명,자전거,남,13세,부상신고
2022061800100525,2022년 6월 18일 20시,토요일,경상남도 창원시 의창구 대산면,경상사고,0,0,2,0,차대차 - 기타,안전운전불이행,건조,맑음,단일로 - 기타,농기계,남,70세,상해없음,승용,여,55세,경상
2022061800100547,2022년 6월 18일 21시,토요일,경상남도 창원시 진해구 용원동,경상사고,0,0,1,0,차대차 - 측면충돌,안전운전불이행,건조,맑음,교차로 - 교차로안,승용,남,50세,상해없음,이륜,남,26세,경상
2022061800100566,2022년 6월 18일 22시,토요일,경상남도 밀양시 내이동,경상사고,0,0,1,0,차대차 - 측면충돌,교차로운행방법위반,건조,맑음,교차로 - 교차로안,승용,여,63세,상해없음,승용,여,57세,경상
2022061800100593,2022년 6월 18일 23시,토요일,경상남도 양산시 중부동,경상사고,0,0,1,0,차대차 - 정면충돌,신호위반,건조,맑음,교차로 - 교차로안,승용,남,37세,상해없음,승용,남,59세,경상
2022061800100594,2022년 6월 18일 23시,토요일,경상남도 김해시 대청동,경상사고,0,0,1,0,차대차 - 기타,교차로운행방법위반,건조,맑음,교차로 - 교차로안,이륜,남,39세,상해없음,이륜,남,35세,경상
2022061900100041,2022년 6월 19일 02시,일요일,경상남도 김해시 내동,경상사고,0,0,1,0,차대사람 - 길가장자리구역통행중,기타,건조,맑음,단일로 - 기타,이륜,남,24세,상해없음,보행자,남,28세,경상
2022061900100042,2022년 6월 19일 02시,일요일,경상남도 김해시 삼계동,중상사고,0,1,0,0,차대차 - 기타,안전운전불이행,건조,맑음,교차로 - 교차로안,승용,여,45세,상해없음,원동기,남,24세,중상
2022061900100050,2022년 6월 19일 03시,일요일,경상남도 남해군 남해읍,부상신고사고,0,0,0,1,차대차 - 추돌,안전운전불이행,건조,맑음,단일로 - 기타,개인형이동수단(PM),남,25세,부상신고,승용,남,60세,기타불명
2022061900100090,2022년 6월 19일 08시,일요일,경상남도 합천군 합천읍,중상사고,0,1,0,0,차대차 - 측면충돌,신호위반,건조,맑음,교차로 - 교차로안,승용,남,62세,상해없음,승용,남,74세,중상
2022061900100091,2022년 6월 19일 08시,일요일,경상남도 양산시 물금읍,경상사고,0,0,1,0,차대차 - 측면충돌,교차로운행방법위반,건조,맑음,교차로 - 교차로안,승용,남,73세,상해없음,승용,남,58세,경상
2022061900100102,2022년 6월 19일 09시,일요일,경상남도 통영시 도천동,중상사고,0,1,1,0,차대차 - 측면충돌,교차로운행방법위반,건조,맑음,교차로 - 교차로안,승용,여,43세,상해없음,화물,남,63세,중상
2022061900100121,2022년 6월 19일 10시,일요일,경상남도 창원시 진해구 용원동,중상사고,0,1,0,0,차대사람 - 횡단중,신호위반,건조,맑음,교차로 - 교차로횡단보도내,승용,남,54세,상해없음,보행자,남,48세,중상
2022061900100122,2022년 6월 19일 10시,일요일,경상남도 함안군 칠원읍,중상사고,0,2,1,0,차대차 - 추돌,안전운전불이행,건조,맑음,단일로 - 기타,승용,여,52세,상해없음,승합,남,55세,중상
2022061900100139,2022년 6월 19일 11시,일요일,경상남도 함안군 칠서면,중상사고,0,3,1,0,차대차 - 정면충돌,중앙선침범,건조,맑음,단일로 - 터널,승용,여,61세,중상,승용,남,66세,중상
2022061900100140,2022년 6월 19일 11시,일요일,경상남도 창원시 마산회원구 내서읍,경상사고,0,0,1,0,차대차 - 정면충돌,중앙선침범,건조,기타,단일로 - 기타,이륜,남,31세,상해없음,승용,여,53세,경상
2022061900100164,2022년 6월 19일 12시,일요일,경상남도 진주시 상대동,중상사고,0,1,0,0,차대차 - 측면충돌,안전운전불이행,건조,맑음,교차로 - 교차로횡단보도내,승용,남,66세,상해없음,자전거,남,10세,중상
2022061900100210,2022년 6월 19일 14시,일요일,경상남도 통영시 무전동,경상사고,0,0,4,0,차대차 - 측면충돌,직진우회전진행방해,건조,맑음,교차로 - 교차로안,승용,남,65세,상해없음,화물,남,60세,경상
2022061900100211,2022년 6월 19일 14시,일요일,경상남도 사천시 축동면,경상사고,0,0,1,0,차대차 - 측면충돌,안전거리미확보,건조,맑음,단일로 - 기타,승용,남,67세,상해없음,승용,남,30세,경상
2022061900100268,2022년 6월 19일 16시,일요일,경상남도 양산시 상북면,경상사고,0,0,1,0,차대차 - 측면충돌,안전운전불이행,건조,맑음,단일로 - 기타,화물,남,64세,상해없음,자전거,남,9세,경상
2022061900100270,2022년 6월 19일 16시,일요일,경상남도 창원시 의창구 봉곡동,경상사고,0,0,1,0,차대차 - 측면충돌,안전운전불이행,건조,맑음,교차로 - 교차로안,승용,여,37세,상해없음,자전거,남,65세,경상
2022061900100284,2022년 6월 19일 17시,일요일,경상남도 사천시 사남면,경상사고,0,0,1,0,차대차 - 기타,안전운전불이행,건조,맑음,교차로 - 교차로안,원동기,남,43세,경상,승용,여,50세,상해없음
2022061900100285,2022년 6월 19일 17시,일요일,경상남도 김해시 삼계동,경상사고,0,0,1,0,차대차 - 기타,교차로운행방법위반,건조,맑음,교차로 - 교차로안,승용,남,43세,상해없음,이륜,남,33세,경상
2022061900100286,2022년 6월 19일 17시,일요일,경상남도 거창군 거창읍,경상사고,0,0,2,0,차대차 - 측면충돌,신호위반,건조,맑음,교차로 - 교차로안,승용,여,51세,상해없음,승용,여,66세,경상
2022061900100287,2022년 6월 19일 17시,일요일,경상남도 양산시 북정동,중상사고,0,1,4,0,차대차 - 기타,안전거리미확보,건조,맑음,단일로 - 기타,승용,여,19세,상해없음,승용,남,32세,경상
2022061900100308,2022년 6월 19일 18시,일요일,경상남도 창원시 마산합포구 덕동동,중상사고,0,1,0,0,차대사람 - 횡단중,보행자보호의무위반,건조,맑음,교차로 - 교차로횡단보도내,승용,여,53세,상해없음,보행자,여,13세,중상
2022061900100309,2022년 6월 19일 18시,일요일,경상남도 거창군 가조면,중상사고,0,1,0,0,차량단독 - 공작물충돌,안전운전불이행,건조,맑음,단일로 - 기타,이륜,남,62세,중상,,,,
2022061900100310,2022년 6월 19일 18시,일요일,경상남도 양산시 물금읍,부상신고사고,0,0,0,1,차대차 - 측면충돌,안전운전불이행,건조,맑음,단일로 - 기타,자전거,남,72세,부상신고,이륜,남,52세,상해없음
2022061900100311,2022년 6월 19일 18시,일요일,경상남도 거제시 고현동,경상사고,0,0,2,0,차대차 - 측면충돌,교차로운행방법위반,건조,맑음,교차로 - 교차로안,승용,남,58세,상해없음,승용,남,75세,경상
2022061900100351,2022년 6월 19일 20시,일요일,경상남도 김해시 상동면,경상사고,0,0,2,0,차대차 - 측면충돌,안전거리미확보,건조,맑음,단일로 - 기타,승용,여,42세,상해없음,승용,남,30세,경상
2022061900100359,2022년 6월 19일 20시,일요일,경상남도 창원시 마산합포구 남성동,경상사고,0,0,1,0,차대차 - 측면충돌,안전운전불이행,건조,맑음,교차로 - 교차로횡단보도내,승용,남,53세,상해없음,이륜,남,18세,경상
2022062000100026,2022년 6월 20일 02시,월요일,경상남도 함안군 칠서면,중상사고,0,1,0,0,차대차 - 기타,안전운전불이행,건조,맑음,단일로 - 기타,승용,남,31세,중상,승용,남,40세,기타불명
2022062000100033,2022년 6월 20일 04시,월요일,경상남도 양산시 다방동,중상사고,0,1,0,0,차량단독 - 공작물충돌,안전운전불이행,건조,맑음,단일로 - 기타,이륜,남,37세,중상,,,,
2022062000100034,2022년 6월 20일 04시,월요일,경상남도 창원시 의창구 중동,중상사고,0,1,0,0,차대사람 - 횡단중,안전운전불이행,건조,맑음,단일로 - 기타,승용,남,81세,상해없음,보행자,남,26세,중상
2022062000100078,2022년 6월 20일 07시,월요일,경상남도 창원시 성산구 중앙동,중상사고,0,1,1,0,차대차 - 정면충돌,중앙선침범,건조,맑음,교차로 - 교차로안,승용,여,45세,상해없음,승용,남,54세,경상
2022062000100116,2022년 6월 20일 08시,월요일,경상남도 진주시 동성동,중상사고,0,1,0,0,차대사람 - 차도통행중,안전운전불이행,건조,맑음,기타 - 기타,승용,여,41세,상해없음,보행자,여,62세,중상
2022062000100117,2022년 6월 20일 08시,월요일,경상남도 함양군 지곡면,경상사고,0,0,2,0,차대차 - 정면충돌,안전운전불이행,건조,맑음,단일로 - 기타,화물,남,56세,경상,승용,남,47세,경상
2022062000100118,2022년 6월 20일 08시,월요일,경상남도 양산시 동면,경상사고,0,0,2,0,차대차 - 추돌,안전운전불이행,건조,맑음,단일로 - 기타,승용,여,42세,경상,승용,여,25세,기타불명
2022062000100171,2022년 6월 20일 09시,월요일,경상남도 창원시 진해구 여좌동,경상사고,0,0,1,0,차대차 - 추돌,안전운전불이행,건조,맑음,단일로 - 기타,화물,남,54세,상해없음,승용,남,54세,경상
2022062000100201,2022년 6월 20일 10시,월요일,경상남도 양산시 남부동,경상사고,0,0,1,0,차대차 - 기타,안전운전불이행,건조,맑음,교차로 - 교차로부근,특수,남,32세,상해없음,승용,남,58세,경상
2022062000100230,2022년 6월 20일 11시,월요일,경상남도 창원시 마산합포구 중앙동1가,중상사고,0,1,0,0,차대사람 - 횡단중,안전운전불이행,건조,맑음,단일로 - 기타,승용,남,71세,상해없음,보행자,여,86세,중상
2022062000100231,2022년 6월 20일 11시,월요일,경상남도 함양군 함양읍,중상사고,0,1,0,0,차대차 - 추돌,안전운전불이행,건조,맑음,단일로 - 기타,화물,남,50세,상해없음,이륜,남,53세,중상
2022062000100260,2022년 6월 20일 12시,월요일,경상남도 창원시 진해구 용원동,경상사고,0,0,1,0,차대차 - 측면충돌,중앙선침범,건조,맑음,단일로 - 기타,승용,남,76세,상해없음,이륜,남,45세,경상
2022062000100261,2022년 6월 20일 12시,월요일,경상남도 통영시 동호동,경상사고,0,0,1,0,차대차 - 기타,기타,건조,맑음,교차로 - 교차로부근,이륜,남,62세,상해없음,승용,여,41세,경상
2022062000100262,2022년 6월 20일 12시,월요일,경상남도 김해시 내동,경상사고,0,0,1,0,차대차 - 측면충돌,신호위반,건조,맑음,교차로 - 교차로안,승용,남,39세,경상,화물,남,55세,상해없음