사고번호,사고일시,요일,시군구,사고내용,사망자수,중상자수,경상자수,부상신고자수,사고유형,법규위반,노면상태,기상상태,도로형태,가해운전자 차종,가해운전자 성별,가해운전자 연령,가해운전자 상해정도,피해운전자 차종,피해운전자 성별,피해운전자 연령,피해운전자 상해정도
2022062000100263,2022년 6월 20일 12시,월요일,경상남도 거제시 고현동,경상사고,0,0,1,0,차대사람 - 길가장자리구역통행중,안전운전불이행,건조,맑음,단일로 - 기타,승용,여,45세,상해없음,보행자,여,21세,경상
2022062000100311,2022년 6월 20일 13시,월요일,경상남도 통영시 무전동,경상사고,0,0,1,0,차대차 - 측면충돌,안전운전불이행,건조,맑음,교차로 - 교차로부근,승용,남,69세,상해없음,승용,남,41세,경상
2022062000100312,2022년 6월 20일 13시,월요일,경상남도 밀양시 내이동,경상사고,0,0,1,0,차대사람 - 횡단중,안전운전불이행,건조,맑음,교차로 - 교차로안,승용,남,57세,상해없음,보행자,여,40세,경상
2022062000100384,2022년 6월 20일 15시,월요일,경상남도 거제시 상동동,경상사고,0,0,1,0,차대사람 - 기타,기타,건조,맑음,교차로 - 교차로안,화물,남,52세,상해없음,보행자,여,24세,경상
2022062000100385,2022년 6월 20일 15시,월요일,경상남도 김해시 진영읍,중상사고,0,1,0,0,차대차 - 측면충돌,안전운전불이행,건조,맑음,교차로 - 교차로안,승용,여,40세,상해없음,자전거,남,65세,중상
2022062000100431,2022년 6월 20일 16시,월요일,경상남도 창원시 마산합포구 교방동,중상사고,0,1,0,0,차대차 - 측면충돌,안전운전불이행,건조,맑음,교차로 - 교차로부근,승용,여,50세,상해없음,승용,여,44세,중상
2022062000100432,2022년 6월 20일 16시,월요일,경상남도 하동군 적량면,중상사고,0,1,0,0,차대차 - 후진중충돌,안전운전불이행,건조,맑음,단일로 - 기타,화물,남,53세,상해없음,화물,남,63세,중상
2022062000100464,2022년 6월 20일 17시,월요일,경상남도 창원시 마산합포구 신포동1가,부상신고사고,0,0,0,1,차대차 - 측면충돌,안전운전불이행,건조,맑음,교차로 - 교차로안,승용,남,39세,상해없음,승용,남,24세,상해없음
2022062000100465,2022년 6월 20일 17시,월요일,경상남도 창원시 진해구 풍호동,경상사고,0,0,1,0,차대차 - 기타,교차로운행방법위반,건조,맑음,교차로 - 교차로안,이륜,남,60세,상해없음,승용,여,44세,경상
2022062000100495,2022년 6월 20일 18시,월요일,경상남도 김해시 어방동,부상신고사고,0,0,0,2,차대차 - 기타,기타,기타,맑음,단일로 - 기타,승용,남,21세,상해없음,이륜,남,22세,부상신고
2022062000100524,2022년 6월 20일 19시,월요일,경상남도 진주시 하대동,경상사고,0,0,1,0,차대차 - 측면충돌,교차로운행방법위반,건조,맑음,교차로 - 교차로부근,승용,남,60세,상해없음,승용,남,38세,경상
2022062000100525,2022년 6월 20일 19시,월요일,경상남도 거창군 가조면,중상사고,0,1,0,0,차대차 - 정면충돌,중앙선침범,건조,맑음,단일로 - 기타,승용,남,56세,상해없음,승용,여,67세,중상
2022062000100551,2022년 6월 20일 20시,월요일,경상남도 양산시 중부동,부상신고사고,0,0,0,1,차대사람 - 길가장자리구역통행중,안전운전불이행,건조,맑음,단일로 - 기타,승용,여,26세,상해없음,보행자,여,55세,부상신고
2022062000100552,2022년 6월 20일 20시,월요일,경상남도 창원시 마산회원구 석전동,중상사고,0,1,0,0,차대사람 - 기타,안전운전불이행,건조,맑음,교차로 - 교차로부근,승용,여,54세,상해없음,보행자,남,55세,중상
2022062000100553,2022년 6월 20일 20시,월요일,경상남도 창원시 의창구 도계동,경상사고,0,0,2,0,차대차 - 기타,안전운전불이행,건조,맑음,단일로 - 기타,승용,남,60세,상해없음,승용,남,67세,경상
2022062000100580,2022년 6월 20일 21시,월요일,경상남도 창원시 마산합포구 해운동,경상사고,0,0,1,0,차대사람 - 기타,안전운전불이행,건조,맑음,단일로 - 기타,승용,남,38세,상해없음,보행자,남,47세,경상
2022062000100581,2022년 6월 20일 21시,월요일,경상남도 창원시 의창구 도계동,경상사고,0,0,1,0,차대사람 - 기타,안전운전불이행,건조,맑음,단일로 - 기타,승용,남,66세,상해없음,보행자,남,38세,경상
2022062000100599,2022년 6월 20일 22시,월요일,경상남도 창원시 의창구 동읍,경상사고,0,0,1,0,차대차 - 기타,신호위반,건조,맑음,교차로 - 교차로안,승용,남,32세,상해없음,승용,여,40세,경상
2022062000100608,2022년 6월 20일 23시,월요일,경상남도 밀양시 용평동,경상사고,0,0,2,0,차대차 - 측면충돌,안전거리미확보,건조,맑음,단일로 - 기타,화물,남,59세,상해없음,승용,남,34세,경상
2022062100100012,2022년 6월 21일 02시,화요일,경상남도 김해시 장유동,경상사고,0,0,1,0,차대차 - 추돌,안전운전불이행,건조,맑음,기타 - 기타,승용,남,29세,상해없음,승용,남,49세,경상
2022062100100094,2022년 6월 21일 08시,화요일,경상남도 밀양시 내이동,경상사고,0,0,2,0,차대차 - 측면충돌,신호위반,건조,맑음,교차로 - 교차로안,승용,여,41세,경상,승용,여,29세,경상
2022062100100095,2022년 6월 21일 08시,화요일,경상남도 양산시 덕계동,경상사고,0,0,1,1,차대차 - 측면충돌,안전거리미확보,건조,맑음,단일로 - 기타,승용,여,48세,부상신고,승용,여,62세,경상
2022062100100096,2022년 6월 21일 08시,화요일,경상남도 창원시 의창구 동정동,중상사고,0,1,0,0,차대차 - 추돌,안전거리미확보,건조,맑음,단일로 - 기타,승용,남,69세,상해없음,승용,남,50세,중상
2022062100100137,2022년 6월 21일 09시,화요일,경상남도 의령군 의령읍,경상사고,0,0,1,0,차대차 - 측면충돌,교차로운행방법위반,건조,맑음,교차로 - 교차로부근,승용,남,79세,상해없음,승용,여,31세,경상
2022062100100169,2022년 6월 21일 10시,화요일,경상남도 김해시 진영읍,경상사고,0,0,1,0,차대차 - 측면충돌,교차로운행방법위반,건조,맑음,교차로 - 교차로안,이륜,남,71세,경상,승용,남,66세,상해없음
2022062100100221,2022년 6월 21일 12시,화요일,경상남도 김해시 안동,중상사고,0,1,0,0,차대차 - 추돌,안전운전불이행,건조,맑음,단일로 - 기타,화물,남,75세,상해없음,승용,여,53세,중상
2022062100100222,2022년 6월 21일 12시,화요일,경상남도 양산시 상북면,경상사고,0,0,1,0,차대차 - 측면충돌,안전운전불이행,건조,맑음,교차로 - 교차로안,화물,남,29세,상해없음,승용,여,55세,경상
2022062100100259,2022년 6월 21일 13시,화요일,경상남도 창녕군 대합면,경상사고,0,0,1,0,차대차 - 정면충돌,안전운전불이행,건조,맑음,단일로 - 기타,승용,여,52세,기타불명,화물,남,61세,경상
2022062100100260,2022년 6월 21일 13시,화요일,경상남도 창원시 성산구 신촌동,부상신고사고,0,0,0,1,차대사람 - 기타,보행자보호의무위반,건조,맑음,교차로 - 교차로횡단보도내,화물,남,32세,상해없음,보행자,여,62세,부상신고
2022062100100298,2022년 6월 21일 14시,화요일,경상남도 양산시 명동,경상사고,0,0,1,0,차대차 - 측면충돌,안전운전불이행,건조,맑음,단일로 - 기타,화물,남,63세,상해없음,승용,여,51세,경상
2022062100100344,2022년 6월 21일 15시,화요일,경상남도 김해시 생림면,경상사고,0,0,3,0,차대차 - 기타,기타,건조,맑음,단일로 - 기타,화물,남,72세,상해없음,승용,남,25세,경상
2022062100100376,2022년 6월 21일 16시,화요일,경상남도 밀양시 초동면,경상사고,0,0,1,0,차대차 - 측면충돌,신호위반,건조,맑음,교차로 - 교차로안,승용,남,62세,상해없음,승용,여,46세,경상
2022062100100377,2022년 6월 21일 16시,화요일,경상남도 양산시 덕계동,경상사고,0,0,1,0,차대사람 - 횡단중,안전운전불이행,건조,맑음,교차로 - 교차로안,승용,여,51세,상해없음,보행자,남,11세,경상
2022062100100378,2022년 6월 21일 16시,화요일,경상남도 양산시 덕계동,사망사고,1,0,0,0,차대차 - 측면충돌,신호위반,건조,맑음,교차로 - 교차로안,이륜,남,74세,사망,화물,남,62세,상해없음
2022062100100431,2022년 6월 21일 17시,화요일,경상남도 진주시 장재동,경상사고,0,0,1,0,차대차 - 측면충돌,안전운전불이행,건조,맑음,단일로 - 기타,승용,남,70세,상해없음,승용,남,35세,경상
2022062100100432,2022년 6월 21일 17시,화요일,경상남도 창원시 진해구 용원동,경상사고,0,0,1,0,차대차 - 측면충돌,안전운전불이행,건조,맑음,단일로 - 기타,승용,남,60세,상해없음,승용,남,55세,경상
2022062100100433,2022년 6월 21일 17시,화요일,경상남도 김해시 내동,중상사고,0,1,0,0,차대차 - 측면충돌,기타,건조,맑음,교차로 - 교차로부근,이륜,남,51세,중상,승용,남,57세,상해없음
2022062100100434,2022년 6월 21일 17시,화요일,경상남도 합천군 덕곡면,경상사고,0,0,3,0,차대차 - 측면충돌,교차로운행방법위반,건조,맑음,교차로 - 교차로안,승용,여,51세,경상,승용,남,61세,경상
2022062100100435,2022년 6월 21일 17시,화요일,경상남도 창원시 마산회원구 합성동,경상사고,0,0,1,0,차대사람 - 횡단중,안전운전불이행,건조,맑음,단일로 - 기타,승용,남,66세,상해없음,보행자,여,62세,경상
2022062100100436,2022년 6월 21일 17시,화요일,경상남도 김해시 부곡동,경상사고,0,0,1,0,차대차 - 측면충돌,안전운전불이행,건조,맑음,교차로 - 교차로안,화물,남,57세,상해없음,승용,여,43세,경상
2022062100100479,2022년 6월 21일 18시,화요일,경상남도 양산시 물금읍,중상사고,0,1,0,0,차대차 - 측면충돌,안전운전불이행,건조,맑음,단일로 - 기타,승용,남,25세,상해없음,자전거,남,64세,중상
2022062100100512,2022년 6월 21일 19시,화요일,경상남도 통영시 북신동,경상사고,0,0,1,0,차대사람 - 횡단중,안전운전불이행,건조,맑음,교차로 - 교차로횡단보도내,기타불명,기타불명,미분류,기타불명,보행자,남,11세,경상
2022062100100537,2022년 6월 21일 20시,화요일,경상남도 거창군 거창읍,경상사고,0,0,1,0,차대사람 - 횡단중,보행자보호의무위반,건조,맑음,단일로 - 기타,이륜,남,24세,상해없음,보행자,남,83세,경상
2022062100100564,2022년 6월 21일 21시,화요일,경상남도 통영시 문화동,중상사고,0,1,0,0,차대차 - 추돌,안전운전불이행,건조,맑음,단일로 - 기타,승용,남,61세,상해없음,승용,남,47세,상해없음
2022062200100009,2022년 6월 22일 00시,수요일,경상남도 거제시 장평동,중상사고,0,1,0,0,차대차 - 측면충돌,신호위반,건조,맑음,단일로 - 기타,승용,남,36세,상해없음,이륜,남,44세,중상
2022062200100023,2022년 6월 22일 02시,수요일,경상남도 양산시 북정동,경상사고,0,0,3,0,차대차 - 추돌,안전운전불이행,건조,맑음,단일로 - 기타,승용,여,55세,상해없음,승용,남,39세,경상
2022062200100072,2022년 6월 22일 07시,수요일,경상남도 사천시 정동면,중상사고,0,1,0,0,차대사람 - 횡단중,보행자보호의무위반,건조,맑음,단일로 - 기타,승용,여,67세,상해없음,보행자,남,72세,중상
2022062200100073,2022년 6월 22일 07시,수요일,경상남도 김해시 무계동,경상사고,0,0,1,0,차대차 - 측면충돌,안전운전불이행,건조,맑음,교차로 - 교차로부근,승용,여,63세,상해없음,승용,남,51세,경상
2022062200100123,2022년 6월 22일 08시,수요일,경상남도 통영시 항남동,경상사고,0,0,2,0,차대차 - 측면충돌,차로위반,건조,맑음,단일로 - 기타,화물,남,61세,기타불명,화물,남,39세,경상
2022062200100124,2022년 6월 22일 08시,수요일,경상남도 밀양시 초동면,중상사고,0,1,0,0,차대차 - 측면충돌,안전운전불이행,건조,맑음,단일로 - 기타,승용,여,39세,상해없음,이륜,남,84세,중상
2022062200100125,2022년 6월 22일 08시,수요일,경상남도 김해시 외동,경상사고,0,0,1,0,차대차 - 측면충돌,안전운전불이행,건조,맑음,교차로 - 교차로안,승용,여,38세,상해없음,이륜,남,62세,경상
2022062200100127,2022년 6월 22일 08시,수요일,경상남도 창원시 성산구 상남동,중상사고,0,1,0,0,차대차 - 측면충돌,신호위반,건조,맑음,교차로 - 교차로안,승용,남,41세,상해없음,이륜,남,41세,중상
2022062200100128,2022년 6월 22일 08시,수요일,경상남도 창원시 의창구 명서동,중상사고,0,1,0,0,차대사람 - 보도통행중,기타,건조,맑음,단일로 - 기타,개인형이동수단(PM),남,15세,상해없음,보행자,여,74세,중상
2022062200100129,2022년 6월 22일 08시,수요일,경상남도 창원시 의창구 동읍,중상사고,0,1,0,0,차대사람 - 기타,안전운전불이행,건조,맑음,교차로 - 교차로안,화물,남,69세,상해없음,보행자,여,75세,중상
2022062200100192,2022년 6월 22일 10시,수요일,경상남도 진주시 상봉동,중상사고,0,1,0,0,차대차 - 기타,안전운전불이행,건조,맑음,교차로 - 교차로안,화물,남,56세,상해없음,자전거,남,43세,중상
2022062200100193,2022년 6월 22일 10시,수요일,경상남도 통영시 무전동,경상사고,0,0,1,0,차대차 - 기타,불법유턴,건조,맑음,교차로 - 교차로안,승용,남,66세,상해없음,승용,남,43세,경상
2022062200100194,2022년 6월 22일 10시,수요일,경상남도 산청군 신안면,경상사고,0,0,1,0,차대사람 - 기타,안전운전불이행,건조,맑음,단일로 - 기타,승용,남,40세,상해없음,보행자,여,82세,경상
2022062200100245,2022년 6월 22일 12시,수요일,경상남도 창원시 진해구 자은동,경상사고,0,0,1,0,차대사람 - 기타,보행자보호의무위반,건조,맑음,교차로 - 교차로부근,개인형이동수단(PM),남,31세,상해없음,보행자,남,7세,경상
2022062200100280,2022년 6월 22일 13시,수요일,경상남도 창원시 성산구 중앙동,중상사고,0,1,1,0,차대차 - 기타,신호위반,건조,맑음,교차로 - 교차로횡단보도내,승용,여,57세,상해없음,개인형이동수단(PM),남,55세,중상
2022062200100294,2022년 6월 22일 14시,수요일,경상남도 김해시 삼문동,중상사고,0,2,2,0,차대차 - 추돌,안전운전불이행,건조,맑음,단일로 - 기타,화물,남,58세,중상,승용,남,35세,경상
2022062200100317,2022년 6월 22일 14시,수요일,경상남도 창원시 진해구 남문동,중상사고,0,1,0,0,차대차 - 정면충돌,신호위반,건조,맑음,교차로 - 교차로안,특수,남,59세,상해없음,화물,남,48세,중상
2022062200100318,2022년 6월 22일 14시,수요일,경상남도 통영시 광도면,경상사고,0,0,1,0,차대차 - 측면충돌,안전운전불이행,건조,맑음,단일로 - 기타,승용,여,43세,상해없음,이륜,남,33세,경상
2022062200100319,2022년 6월 22일 14시,수요일,경상남도 김해시 부곡동,중상사고,0,1,0,0,차대사람 - 차도통행중,안전운전불이행,건조,맑음,교차로 - 교차로안,승용,여,57세,상해없음,보행자,여,63세,중상
2022062200100364,2022년 6월 22일 15시,수요일,경상남도 통영시 용남면,경상사고,0,0,1,0,차대차 - 기타,중앙선침범,건조,맑음,단일로 - 기타,이륜,남,26세,기타불명,승용,남,27세,경상
2022062200100365,2022년 6월 22일 15시,수요일,경상남도 김해시 내동,중상사고,0,1,0,0,차대차 - 측면충돌,기타,건조,맑음,단일로 - 기타,승용,여,20세,상해없음,자전거,여,73세,중상
2022062200100366,2022년 6월 22일 15시,수요일,경상남도 양산시 물금읍,경상사고,0,0,1,0,차대차 - 측면충돌,안전운전불이행,건조,기타,미분류 - 미분류,승용,남,42세,기타불명,화물,남,31세,경상
2022062200100397,2022년 6월 22일 16시,수요일,경상남도 통영시 용남면,경상사고,0,0,1,0,차대차 - 기타,안전운전불이행,건조,맑음,교차로 - 교차로안,승용,남,60세,상해없음,승용,남,44세,경상
2022062200100398,2022년 6월 22일 16시,수요일,경상남도 사천시 사천읍,경상사고,0,0,4,0,차대차 - 측면충돌,신호위반,건조,맑음,교차로 - 교차로안,승용,여,51세,경상,승용,남,46세,경상
2022062200100399,2022년 6월 22일 16시,수요일,경상남도 김해시 삼문동,중상사고,0,2,0,0,차대차 - 기타,교차로운행방법위반,건조,맑음,교차로 - 교차로안,승용,남,38세,상해없음,승용,남,67세,중상
2022062200100400,2022년 6월 22일 16시,수요일,경상남도 함안군 군북면,중상사고,0,1,1,0,차대차 - 추돌,안전운전불이행,건조,맑음,단일로 - 기타,승용,여,20세,상해없음,승용,남,38세,상해없음
2022062200100450,2022년 6월 22일 17시,수요일,경상남도 산청군 단성면,경상사고,0,0,1,0,차대사람 - 기타,안전운전불이행,건조,맑음,단일로 - 기타,농기계,남,55세,상해없음,보행자,여,80세,경상
2022062200100451,2022년 6월 22일 17시,수요일,경상남도 산청군 금서면,경상사고,0,0,4,0,차대차 - 측면충돌,신호위반,건조,맑음,교차로 - 교차로안,화물,남,68세,경상,화물,남,41세,경상
2022062200100501,2022년 6월 22일 18시,수요일,경상남도 양산시 주남동,경상사고,0,0,1,0,차대차 - 측면충돌,직진우회전진행방해,건조,맑음,교차로 - 교차로안,승용,남,79세,상해없음,이륜,남,23세,경상
2022062200100502,2022년 6월 22일 18시,수요일,경상남도 창원시 성산구 신월동,경상사고,0,0,1,0,차대차 - 측면충돌,교차로운행방법위반,건조,맑음,교차로 - 교차로안,승용,남,25세,상해없음,자전거,남,66세,경상
2022062200100503,2022년 6월 22일 18시,수요일,경상남도 창원시 의창구 대산면,중상사고,0,1,3,0,차대차 - 측면충돌,신호위반,건조,맑음,교차로 - 교차로안,승용,남,55세,상해없음,화물,남,40세,경상
2022062200100536,2022년 6월 22일 19시,수요일,경상남도 창원시 마산합포구 서성동,경상사고,0,0,1,0,차대차 - 기타,안전거리미확보,건조,맑음,교차로 - 교차로부근,승용,여,39세,상해없음,승용,여,39세,경상
2022062200100537,2022년 6월 22일 19시,수요일,경상남도 산청군 단성면,경상사고,0,0,1,0,차대사람 - 기타,안전운전불이행,건조,맑음,기타 - 기타,승합,남,60세,상해없음,보행자,남,31세,경상
2022062200100562,2022년 6월 22일 20시,수요일,경상남도 양산시 명동,경상사고,0,0,1,0,차대차 - 측면충돌,직진우회전진행방해,건조,맑음,교차로 - 교차로안,이륜,남,37세,경상,승용,남,46세,상해없음
2022062200100598,2022년 6월 22일 21시,수요일,경상남도 통영시 광도면,경상사고,0,0,1,0,차대차 - 측면충돌,안전운전불이행,건조,맑음,단일로 - 기타,승용,남,50세,상해없음,승용,여,48세,경상
2022062200100599,2022년 6월 22일 21시,수요일,경상남도 통영시 광도면,중상사고,0,1,0,0,차대차 - 후진중충돌,안전운전불이행,건조,맑음,단일로 - 기타,승용,남,55세,상해없음,승용,여,30세,중상
2022062200100632,2022년 6월 22일 23시,수요일,경상남도 사천시 사천읍,중상사고,0,1,0,0,차량단독 - 전도전복 - 전도,안전운전불이행,건조,맑음,단일로 - 기타,이륜,남,36세,중상,,,,
2022062300100025,2022년 6월 23일 01시,목요일,경상남도 진주시 신안동,중상사고,0,1,0,0,차대사람 - 횡단중,보행자보호의무위반,건조,맑음,교차로 - 교차로횡단보도내,승용,남,69세,상해없음,보행자,남,44세,중상
2022062300100039,2022년 6월 23일 03시,목요일,경상남도 김해시 한림면,중상사고,0,1,1,0,차대차 - 측면충돌,차로위반,건조,흐림,단일로 - 기타,화물,남,47세,상해없음,승용,남,58세,중상
2022062300100045,2022년 6월 23일 04시,목요일,경상남도 창원시 마산합포구 우산동,사망사고,1,0,0,0,차대사람 - 횡단중,안전운전불이행,젖음/습기,흐림,교차로 - 교차로부근,승용,남,48세,상해없음,보행자,여,81세,사망
2022062300100075,2022년 6월 23일 07시,목요일,경상남도 밀양시 삼문동,경상사고,0,0,1,0,차대차 - 측면충돌,신호위반,건조,맑음,교차로 - 교차로안,승용,여,55세,상해없음,승용,여,49세,경상
2022062300100188,2022년 6월 23일 10시,목요일,경상남도 양산시 동면,중상사고,0,1,0,0,차대차 - 기타,차로위반,건조,맑음,단일로 - 기타,승용,남,54세,상해없음,승용,여,36세,중상
2022062300100212,2022년 6월 23일 11시,목요일,경상남도 김해시 서상동,경상사고,0,0,1,0,차대차 - 기타,안전운전불이행,건조,맑음,교차로 - 교차로안,자전거,여,62세,경상,자전거,기타불명,미분류,기타불명
2022062300100213,2022년 6월 23일 11시,목요일,경상남도 거창군 거창읍,경상사고,0,0,1,0,차대사람 - 횡단중,보행자보호의무위반,건조,맑음,교차로 - 교차로횡단보도내,승용,여,65세,상해없음,보행자,남,43세,경상
2022062300100242,2022년 6월 23일 12시,목요일,경상남도 김해시 외동,경상사고,0,0,1,0,차대차 - 기타,안전운전불이행,건조,맑음,교차로 - 교차로안,승용,남,68세,상해없음,이륜,남,28세,경상
2022062300100277,2022년 6월 23일 13시,목요일,경상남도 양산시 다방동,경상사고,0,0,1,0,차대차 - 측면충돌,안전운전불이행,건조,맑음,교차로 - 교차로안,승용,여,35세,상해없음,승용,남,60세,경상
2022062300100311,2022년 6월 23일 14시,목요일,경상남도 창원시 의창구 동읍,중상사고,0,1,0,0,차대차 - 기타,안전운전불이행,건조,맑음,교차로 - 교차로안,승용,여,57세,상해없음,승용,여,38세,중상
2022062300100336,2022년 6월 23일 15시,목요일,경상남도 함양군 안의면,중상사고,0,1,0,1,차대차 - 기타,안전거리미확보,건조,맑음,단일로 - 기타,승용,여,60세,부상신고,승용,여,62세,중상
2022062300100369,2022년 6월 23일 16시,목요일,경상남도 창원시 의창구 동읍,경상사고,0,0,1,0,차대차 - 추돌,안전운전불이행,건조,흐림,단일로 - 기타,특수,남,65세,상해없음,승용,남,64세,경상
2022062300100409,2022년 6월 23일 17시,목요일,경상남도 양산시 중부동,경상사고,0,0,1,0,차대차 - 추돌,안전운전불이행,건조,맑음,교차로 - 교차로부근,승용,여,55세,기타불명,승용,여,44세,경상
2022062300100410,2022년 6월 23일 17시,목요일,경상남도 거제시 양정동,경상사고,0,0,1,0,차대사람 - 기타,안전운전불이행,건조,맑음,단일로 - 기타,승용,남,56세,상해없음,보행자,여,19세,경상
2022062300100461,2022년 6월 23일 18시,목요일,경상남도 의령군 지정면,중상사고,0,1,1,0,차대사람 - 차도통행중,안전운전불이행,건조,맑음,단일로 - 기타,이륜,남,79세,경상,보행자,여,79세,중상
2022062300100507,2022년 6월 23일 19시,목요일,경상남도 사천시 사천읍,경상사고,0,0,1,0,차대차 - 측면충돌,안전운전불이행,건조,맑음,단일로 - 기타,승용,남,32세,상해없음,이륜,여,33세,경상
2022062300100508,2022년 6월 23일 19시,목요일,경상남도 김해시 외동,경상사고,0,0,1,0,차대사람 - 횡단중,보행자보호의무위반,건조,맑음,교차로 - 교차로횡단보도내,승용,남,22세,기타불명,보행자,여,20세,경상
2022062300100545,2022년 6월 23일 20시,목요일,경상남도 창원시 진해구 충무동,경상사고,0,0,2,0,차대차 - 측면충돌,직진우회전진행방해,건조,맑음,교차로 - 교차로안,승용,여,59세,상해없음,승용,남,44세,경상
2022062300100546,2022년 6월 23일 20시,목요일,경상남도 사천시 벌리동,경상사고,0,0,2,0,차대차 - 측면충돌,직진우회전진행방해,건조,맑음,교차로 - 교차로안,개인형이동수단(PM),남,16세,경상,승용,남,42세,경상
2022062300100547,2022년 6월 23일 20시,목요일,경상남도 김해시 풍유동,중상사고,0,1,0,0,차대사람 - 횡단중,안전운전불이행,건조,맑음,단일로 - 기타,승용,남,53세,상해없음,보행자,남,50세,중상
2022062300100593,2022년 6월 23일 21시,목요일,경상남도 창원시 마산합포구 중앙동2가,경상사고,0,0,1,0,차대차 - 측면충돌,안전운전불이행,건조,맑음,교차로 - 교차로부근,승용,여,58세,상해없음,이륜,여,38세,경상
2022062300100594,2022년 6월 23일 21시,목요일,경상남도 통영시 도남동,중상사고,0,1,0,0,차대차 - 측면충돌,안전운전불이행,건조,맑음,단일로 - 기타,승용,남,62세,기타불명,승용,여,56세,중상
2022062300100595,2022년 6월 23일 21시,목요일,경상남도 창원시 마산합포구 산호동,경상사고,0,0,2,0,차대차 - 측면충돌,안전운전불이행,건조,맑음,교차로 - 교차로부근,승용,남,49세,상해없음,승용,남,61세,경상
2022062300100656,2022년 6월 23일 23시,목요일,경상남도 진주시 칠암동,중상사고,0,1,0,0,차대차 - 측면충돌,신호위반,건조,맑음,교차로 - 교차로안,승용,남,44세,상해없음,이륜,남,19세,중상
2022062300100657,2022년 6월 23일 23시,목요일,경상남도 김해시 진영읍,중상사고,0,1,0,0,차대차 - 측면충돌,안전거리미확보,건조,맑음,단일로 - 기타,승용,남,57세,상해없음,승용,여,45세,중상
2022062400100033,2022년 6월 24일 01시,금요일,경상남도 김해시 지내동,경상사고,0,0,1,0,차량단독 - 공작물충돌,안전운전불이행,건조,맑음,기타 - 기타,승용,남,46세,경상,,,,
2022062400100034,2022년 6월 24일 01시,금요일,경상남도 양산시 물금읍,경상사고,0,0,1,0,차량단독 - 기타,안전운전불이행,건조,맑음,교차로 - 교차로안,승용,남,49세,상해없음,,,,
2022062400100043,2022년 6월 24일 02시,금요일,경상남도 통영시 무전동,경상사고,0,0,3,0,차대차 - 후진중충돌,안전운전불이행,건조,흐림,단일로 - 기타,승용,남,63세,상해없음,승용,남,22세,경상
2022062400100096,2022년 6월 24일 07시,금요일,경상남도 김해시 주촌면,중상사고,0,2,0,0,차대차 - 추돌,안전운전불이행,건조,맑음,단일로 - 기타,승용,남,54세,상해없음,승용,여,35세,중상
2022062400100125,2022년 6월 24일 08시,금요일,경상남도 통영시 광도면,경상사고,0,0,1,0,차대차 - 측면충돌,교차로운행방법위반,건조,맑음,교차로 - 교차로안,승용,여,45세,상해없음,승용,남,66세,경상
2022062400100126,2022년 6월 24일 08시,금요일,경상남도 남해군 창선면,경상사고,0,0,1,0,차대차 - 정면충돌,교차로운행방법위반,젖음/습기,비,교차로 - 교차로안,승용,남,26세,상해없음,승용,여,43세,경상
2022062400100127,2022년 6월 24일 08시,금요일,경상남도 창원시 성산구 중앙동,경상사고,0,0,1,0,차대차 - 측면충돌,안전운전불이행,건조,맑음,교차로 - 교차로안,승용,남,59세,상해없음,승용,여,55세,기타불명
2022062400100193,2022년 6월 24일 10시,금요일,경상남도 창원시 진해구 용원동,경상사고,0,0,1,0,차대차 - 측면충돌,신호위반,젖음/습기,비,교차로 - 교차로안,화물,남,62세,상해없음,화물,남,52세,경상
2022062400100194,2022년 6월 24일 10시,금요일,경상남도 통영시 봉평동,경상사고,0,0,1,0,차대차 - 후진중충돌,안전운전불이행,젖음/습기,비,주차장 - 주차장,승용,여,59세,상해없음,승용,남,31세,경상
2022062400100238,2022년 6월 24일 12시,금요일,경상남도 창원시 의창구 사림동,경상사고,0,0,1,0,차대차 - 측면충돌,안전운전불이행,건조,맑음,교차로 - 교차로안,승용,여,56세,상해없음,승용,남,46세,경상
2022062400100239,2022년 6월 24일 12시,금요일,경상남도 창원시 의창구 팔용동,경상사고,0,0,1,0,차대차 - 기타,안전운전불이행,건조,맑음,교차로 - 교차로안,화물,남,45세,상해없음,승용,여,57세,경상
2022062400100240,2022년 6월 24일 12시,금요일,경상남도 창원시 의창구 소답동,사망사고,1,0,0,0,차대차 - 기타,안전운전불이행,건조,맑음,교차로 - 교차로안,화물,여,58세,상해없음,이륜,남,68세,사망
2022062400100273,2022년 6월 24일 13시,금요일,경상남도 사천시 사천읍,경상사고,0,0,1,1,차대차 - 측면충돌,직진우회전진행방해,건조,맑음,교차로 - 교차로안,개인형이동수단(PM),남,19세,경상,승용,남,31세,부상신고
2022062400100311,2022년 6월 24일 14시,금요일,경상남도 함양군 수동면,경상사고,0,0,1,0,차대사람 - 차도통행중,안전운전불이행,건조,맑음,단일로 - 기타,화물,남,45세,상해없음,보행자,여,71세,경상
2022062400100312,2022년 6월 24일 14시,금요일,경상남도 창원시 성산구 내동,경상사고,0,0,1,0,차대차 - 추돌,안전운전불이행,건조,맑음,교차로 - 교차로안,화물,남,60세,상해없음,승용,여,37세,경상
2022062400100338,2022년 6월 24일 15시,금요일,경상남도 김해시 삼계동,경상사고,0,0,2,0,차대차 - 측면충돌,교차로운행방법위반,건조,맑음,교차로 - 교차로안,승용,여,49세,경상,승용,남,70세,경상