사고번호,사고일시,요일,시군구,사고내용,사망자수,중상자수,경상자수,부상신고자수,사고유형,법규위반,노면상태,기상상태,도로형태,가해운전자 차종,가해운전자 성별,가해운전자 연령,가해운전자 상해정도,피해운전자 차종,피해운전자 성별,피해운전자 연령,피해운전자 상해정도
2022070200100352,2022년 7월 2일 15시,토요일,경상남도 통영시 광도면,중상사고,0,1,1,0,차대차 - 측면충돌,안전운전불이행,건조,맑음,단일로 - 기타,승용,남,72세,상해없음,승합,남,47세,상해없음
2022070200100353,2022년 7월 2일 15시,토요일,경상남도 김해시 율하동,경상사고,0,0,1,0,차대차 - 측면충돌,신호위반,건조,맑음,교차로 - 교차로부근,승용,남,80세,상해없음,이륜,남,43세,경상
2022070200100389,2022년 7월 2일 16시,토요일,경상남도 거창군 거창읍,경상사고,0,0,1,0,차대차 - 후진중충돌,안전운전불이행,건조,맑음,단일로 - 기타,화물,남,82세,상해없음,이륜,여,72세,경상
2022070200100390,2022년 7월 2일 16시,토요일,경상남도 양산시 삼호동,부상신고사고,0,0,0,1,차대차 - 기타,안전운전불이행,건조,맑음,단일로 - 기타,승용,여,57세,상해없음,승용,남,66세,상해없음
2022070200100391,2022년 7월 2일 16시,토요일,경상남도 창원시 마산회원구 회원동,경상사고,0,0,1,0,차대차 - 측면충돌,안전운전불이행,건조,맑음,단일로 - 기타,승용,남,66세,상해없음,승용,남,49세,경상
2022070200100428,2022년 7월 2일 17시,토요일,경상남도 양산시 매곡동,사망사고,1,0,0,0,차대사람 - 횡단중,보행자보호의무위반,건조,맑음,교차로 - 교차로횡단보도내,승용,남,48세,상해없음,보행자,여,91세,사망
2022070200100429,2022년 7월 2일 17시,토요일,경상남도 거제시 고현동,부상신고사고,0,0,0,1,차대차 - 정면충돌,안전운전불이행,건조,맑음,교차로 - 교차로안,이륜,남,53세,부상신고,화물,남,29세,상해없음
2022070200100430,2022년 7월 2일 17시,토요일,경상남도 창원시 성산구 중앙동,경상사고,0,0,1,0,차대차 - 추돌,안전운전불이행,건조,맑음,교차로 - 교차로부근,승합,남,59세,상해없음,승용,여,28세,경상
2022070200100466,2022년 7월 2일 18시,토요일,경상남도 창원시 진해구 경화동,중상사고,0,1,0,0,차대차 - 기타,교차로운행방법위반,건조,맑음,교차로 - 교차로안,자전거,남,64세,중상,승용,남,41세,상해없음
2022070200100498,2022년 7월 2일 19시,토요일,경상남도 김해시 신문동,중상사고,0,1,0,0,차대차 - 정면충돌,안전운전불이행,건조,맑음,교차로 - 교차로안,승용,여,46세,상해없음,이륜,남,43세,중상
2022070200100524,2022년 7월 2일 20시,토요일,경상남도 밀양시 내이동,사망사고,1,0,0,0,차대사람 - 횡단중,안전운전불이행,건조,흐림,단일로 - 기타,승용,남,29세,상해없음,보행자,여,85세,사망
2022070200100525,2022년 7월 2일 20시,토요일,경상남도 합천군 율곡면,중상사고,0,1,0,0,차량단독 - 공작물충돌,안전운전불이행,건조,맑음,단일로 - 기타,승용,남,54세,중상,,,,
2022070200100526,2022년 7월 2일 20시,토요일,경상남도 양산시 삼호동,사망사고,1,0,1,0,차대사람 - 횡단중,안전운전불이행,건조,맑음,단일로 - 기타,이륜,남,18세,경상,보행자,여,34세,사망
2022070200100527,2022년 7월 2일 20시,토요일,경상남도 산청군 시천면,경상사고,0,0,1,0,차량단독 - 공작물충돌,기타,건조,맑음,단일로 - 기타,승용,남,29세,경상,,,,
2022070200100556,2022년 7월 2일 21시,토요일,경상남도 창원시 진해구 용원동,경상사고,0,0,1,0,차대차 - 후진중충돌,불법유턴,건조,맑음,교차로 - 교차로부근,화물,남,55세,상해없음,승용,남,32세,경상
2022070200100575,2022년 7월 2일 22시,토요일,경상남도 김해시 주촌면,경상사고,0,0,2,0,차대차 - 기타,안전운전불이행,건조,맑음,교차로 - 교차로부근,승용,남,36세,상해없음,승용,남,26세,상해없음
2022070300100019,2022년 7월 3일 01시,일요일,경상남도 양산시 동면,경상사고,0,0,1,0,차대차 - 측면충돌,안전운전불이행,건조,맑음,기타 - 기타,승용,남,37세,상해없음,승용,남,46세,경상
2022070300100040,2022년 7월 3일 03시,일요일,경상남도 김해시 진영읍,경상사고,0,0,1,0,차대차 - 측면충돌,차로위반,건조,맑음,단일로 - 기타,승용,남,24세,상해없음,개인형이동수단(PM),남,42세,경상
2022070300100061,2022년 7월 3일 05시,일요일,경상남도 진주시 상대동,경상사고,0,0,1,0,차대차 - 측면충돌,신호위반,건조,맑음,교차로 - 교차로안,화물,남,68세,상해없음,승용,남,31세,경상
2022070300100108,2022년 7월 3일 09시,일요일,경상남도 산청군 삼장면,경상사고,0,0,1,0,차대차 - 측면충돌,안전운전불이행,건조,맑음,교차로 - 교차로안,승용,남,42세,상해없음,승용,남,66세,상해없음
2022070300100109,2022년 7월 3일 09시,일요일,경상남도 창원시 의창구 동읍,경상사고,0,0,1,0,차대차 - 측면충돌,중앙선침범,건조,맑음,단일로 - 기타,승용,여,62세,상해없음,화물,남,71세,경상
2022070300100131,2022년 7월 3일 10시,일요일,경상남도 합천군 합천읍,부상신고사고,0,0,0,1,차대차 - 측면충돌,교차로운행방법위반,건조,맑음,교차로 - 교차로부근,원동기,여,72세,부상신고,승용,여,50세,상해없음
2022070300100132,2022년 7월 3일 10시,일요일,경상남도 합천군 합천읍,중상사고,0,1,0,0,차대차 - 측면충돌,안전운전불이행,건조,맑음,단일로 - 기타,원동기,여,72세,중상,승용,여,46세,상해없음
2022070300100133,2022년 7월 3일 10시,일요일,경상남도 창녕군 대합면,중상사고,0,1,0,0,차대차 - 측면충돌,신호위반,건조,맑음,기타 - 기타,승용,남,45세,상해없음,화물,남,49세,중상
2022070300100154,2022년 7월 3일 11시,일요일,경상남도 함양군 서하면,경상사고,0,0,1,0,차대사람 - 길가장자리구역통행중,안전운전불이행,건조,맑음,단일로 - 기타,화물,남,66세,상해없음,보행자,남,69세,경상
2022070300100155,2022년 7월 3일 11시,일요일,경상남도 거제시 옥포동,경상사고,0,0,1,0,차대차 - 측면충돌,안전운전불이행,건조,맑음,단일로 - 기타,승용,남,39세,상해없음,원동기,남,26세,경상
2022070300100176,2022년 7월 3일 12시,일요일,경상남도 사천시 정동면,경상사고,0,0,3,0,차대차 - 측면충돌,안전운전불이행,건조,맑음,단일로 - 기타,승용,여,54세,경상,승용,남,37세,경상
2022070300100177,2022년 7월 3일 12시,일요일,경상남도 양산시 동면,경상사고,0,0,1,0,차대차 - 기타,교차로운행방법위반,건조,맑음,교차로 - 교차로안,승용,남,28세,기타불명,승용,남,74세,경상
2022070300100178,2022년 7월 3일 12시,일요일,경상남도 양산시 동면,경상사고,0,0,2,0,차대차 - 기타,안전운전불이행,건조,맑음,단일로 - 기타,승용,남,80세,상해없음,승용,여,29세,경상
2022070300100261,2022년 7월 3일 15시,일요일,경상남도 김해시 대동면,중상사고,0,1,0,0,차대차 - 측면충돌,안전거리미확보,건조,맑음,단일로 - 기타,승용,남,64세,상해없음,승용,남,37세,중상
2022070300100302,2022년 7월 3일 16시,일요일,경상남도 양산시 물금읍,경상사고,0,0,1,0,차대차 - 측면충돌,안전운전불이행,건조,맑음,교차로 - 교차로횡단보도내,승용,남,55세,상해없음,자전거,남,15세,경상
2022070300100303,2022년 7월 3일 16시,일요일,경상남도 창원시 성산구 대방동,경상사고,0,0,1,0,차대차 - 정면충돌,신호위반,건조,맑음,단일로 - 기타,이륜,남,47세,상해없음,승용,여,59세,경상
2022070300100356,2022년 7월 3일 18시,일요일,경상남도 진주시 초전동,중상사고,0,1,0,0,차대차 - 측면충돌,안전거리미확보,건조,맑음,단일로 - 기타,승용,여,49세,상해없음,이륜,남,32세,중상
2022070300100357,2022년 7월 3일 18시,일요일,경상남도 창녕군 도천면,경상사고,0,0,4,0,차대차 - 측면충돌,교차로운행방법위반,건조,맑음,단일로 - 기타,승용,남,40세,상해없음,승용,남,54세,경상
2022070300100358,2022년 7월 3일 18시,일요일,경상남도 거제시 고현동,경상사고,0,0,1,0,차대차 - 기타,안전운전불이행,건조,맑음,기타 - 기타,승용,남,61세,상해없음,이륜,남,23세,경상
2022070300100382,2022년 7월 3일 19시,일요일,경상남도 창원시 진해구 석동,경상사고,0,0,1,0,차대사람 - 기타,안전운전불이행,건조,맑음,단일로 - 기타,이륜,남,26세,상해없음,보행자,남,50세,경상
2022070300100383,2022년 7월 3일 19시,일요일,경상남도 사천시 벌리동,부상신고사고,0,0,0,1,차대사람 - 기타,안전운전불이행,건조,맑음,단일로 - 기타,승용,여,61세,상해없음,보행자,남,18세,부상신고
2022070300100384,2022년 7월 3일 19시,일요일,경상남도 거제시 장목면,경상사고,0,0,1,0,차대차 - 정면충돌,교차로운행방법위반,건조,맑음,교차로 - 교차로안,승용,남,71세,상해없음,승용,여,40세,경상
2022070300100385,2022년 7월 3일 19시,일요일,경상남도 거제시 고현동,중상사고,0,1,0,0,차대차 - 측면충돌,안전운전불이행,건조,맑음,교차로 - 교차로안,승용,남,69세,상해없음,이륜,남,26세,중상
2022070300100411,2022년 7월 3일 20시,일요일,경상남도 김해시 구산동,중상사고,0,1,0,0,차대차 - 추돌,안전거리미확보,건조,맑음,단일로 - 기타,승용,여,28세,상해없음,원동기,남,52세,중상
2022070300100412,2022년 7월 3일 20시,일요일,경상남도 양산시 물금읍,경상사고,0,0,3,0,차대차 - 정면충돌,신호위반,건조,맑음,교차로 - 교차로안,승용,여,29세,상해없음,승용,남,56세,경상
2022070300100461,2022년 7월 3일 22시,일요일,경상남도 사천시 서포면,경상사고,0,0,1,0,차대사람 - 기타,안전운전불이행,건조,맑음,단일로 - 기타,승용,남,46세,상해없음,보행자,남,35세,경상
2022070300100462,2022년 7월 3일 22시,일요일,경상남도 창원시 의창구 팔용동,경상사고,0,0,1,0,차대차 - 추돌,안전운전불이행,건조,맑음,교차로 - 교차로안,승용,남,29세,상해없음,화물,남,45세,경상
2022070300100472,2022년 7월 3일 23시,일요일,경상남도 사천시 사남면,경상사고,0,0,1,0,차대차 - 측면충돌,안전운전불이행,건조,맑음,단일로 - 기타,승용,남,30세,상해없음,승용,여,34세,경상
2022070300100473,2022년 7월 3일 23시,일요일,경상남도 양산시 물금읍,중상사고,0,1,0,0,차대차 - 추돌,안전운전불이행,건조,맑음,단일로 - 기타,화물,남,70세,상해없음,승용,여,59세,중상
2022070300100474,2022년 7월 3일 23시,일요일,경상남도 창원시 마산회원구 회원동,중상사고,0,1,0,0,차대차 - 정면충돌,안전운전불이행,건조,맑음,교차로 - 교차로안,승용,남,67세,상해없음,자전거,남,60세,중상
2022070400100017,2022년 7월 4일 03시,월요일,경상남도 밀양시 삼랑진읍,경상사고,0,0,1,0,차대차 - 추돌,안전운전불이행,건조,맑음,단일로 - 기타,승용,남,31세,상해없음,화물,남,39세,경상
2022070400100041,2022년 7월 4일 06시,월요일,경상남도 김해시 한림면,중상사고,0,1,0,0,차대차 - 정면충돌,중앙선침범,건조,맑음,단일로 - 기타,자전거,여,36세,중상,승용,남,55세,상해없음
2022070400100062,2022년 7월 4일 07시,월요일,경상남도 창원시 의창구 팔용동,중상사고,0,2,0,0,차대차 - 측면충돌,기타,건조,맑음,단일로 - 기타,이륜,남,24세,상해없음,승용,남,68세,중상
2022070400100063,2022년 7월 4일 07시,월요일,경상남도 창원시 의창구 서상동,경상사고,0,0,1,0,차대차 - 추돌,안전운전불이행,건조,맑음,단일로 - 기타,승용,남,42세,상해없음,승용,남,38세,경상
2022070400100102,2022년 7월 4일 08시,월요일,경상남도 진주시 충무공동,경상사고,0,0,3,0,차대차 - 기타,안전운전불이행,건조,맑음,교차로 - 교차로안,승용,여,39세,상해없음,승용,여,45세,경상
2022070400100103,2022년 7월 4일 08시,월요일,경상남도 합천군 율곡면,부상신고사고,0,0,0,2,차대차 - 추돌,안전운전불이행,건조,맑음,교차로 - 교차로부근,화물,남,28세,상해없음,승용,남,68세,부상신고
2022070400100104,2022년 7월 4일 08시,월요일,경상남도 함안군 가야읍,경상사고,0,0,1,0,차대차 - 측면충돌,신호위반,건조,맑음,교차로 - 교차로안,화물,남,53세,상해없음,승용,남,59세,경상
2022070400100105,2022년 7월 4일 08시,월요일,경상남도 창원시 의창구 봉곡동,중상사고,0,1,0,0,차대사람 - 차도통행중,안전운전불이행,건조,맑음,교차로 - 교차로안,승합,남,66세,상해없음,보행자,여,16세,중상
2022070400100106,2022년 7월 4일 08시,월요일,경상남도 김해시 한림면,경상사고,0,0,1,0,차대차 - 정면충돌,안전운전불이행,건조,맑음,단일로 - 기타,승용,남,24세,상해없음,승용,남,62세,경상
2022070400100144,2022년 7월 4일 09시,월요일,경상남도 의령군 지정면,사망사고,1,0,0,0,차대차 - 측면충돌,중앙선침범,건조,맑음,교차로 - 교차로부근,이륜,남,83세,사망,화물,남,55세,상해없음
2022070400100174,2022년 7월 4일 10시,월요일,경상남도 함양군 함양읍,경상사고,0,0,1,0,차대차 - 측면충돌,교차로운행방법위반,건조,맑음,교차로 - 교차로안,화물,남,77세,상해없음,승용,여,55세,경상
2022070400100175,2022년 7월 4일 10시,월요일,경상남도 양산시 덕계동,중상사고,0,1,1,0,차대차 - 측면충돌,신호위반,건조,맑음,교차로 - 교차로안,승용,여,43세,상해없음,승합,남,41세,경상
2022070400100206,2022년 7월 4일 11시,월요일,경상남도 사천시 사남면,경상사고,0,0,1,0,차대차 - 측면충돌,안전운전불이행,건조,맑음,기타 - 기타,승용,여,41세,상해없음,자전거,남,10세,경상
2022070400100207,2022년 7월 4일 11시,월요일,경상남도 합천군 적중면,중상사고,0,1,0,0,차대차 - 측면충돌,안전운전불이행,건조,맑음,교차로 - 교차로부근,화물,남,74세,상해없음,자전거,여,82세,중상
2022070400100308,2022년 7월 4일 14시,월요일,경상남도 창원시 진해구 태백동,경상사고,0,0,1,0,차대차 - 측면충돌,신호위반,건조,맑음,교차로 - 교차로안,승용,남,69세,상해없음,승용,남,44세,경상
2022070400100309,2022년 7월 4일 14시,월요일,경상남도 사천시 사천읍,중상사고,0,1,2,0,차대차 - 측면충돌,안전거리미확보,건조,맑음,단일로 - 기타,건설기계,남,41세,상해없음,승용,여,29세,경상
2022070400100310,2022년 7월 4일 14시,월요일,경상남도 김해시 삼계동,경상사고,0,0,1,0,차대차 - 측면충돌,안전운전불이행,건조,맑음,단일로 - 기타,이륜,남,28세,경상,화물,남,71세,상해없음
2022070400100311,2022년 7월 4일 14시,월요일,경상남도 창녕군 대지면,경상사고,0,0,2,0,차대차 - 측면충돌,불법유턴,건조,맑음,단일로 - 기타,승용,남,70세,경상,화물,남,61세,경상
2022070400100335,2022년 7월 4일 15시,월요일,경상남도 밀양시 내이동,부상신고사고,0,0,0,1,차대차 - 기타,안전운전불이행,건조,맑음,단일로 - 기타,승용,남,51세,상해없음,자전거,남,52세,부상신고
2022070400100336,2022년 7월 4일 15시,월요일,경상남도 창녕군 창녕읍,중상사고,0,2,0,0,차대차 - 추돌,직진우회전진행방해,건조,맑음,교차로 - 교차로안,승용,여,56세,중상,화물,남,57세,중상
2022070400100337,2022년 7월 4일 15시,월요일,경상남도 거제시 장목면,중상사고,0,1,0,0,차대차 - 추돌,안전운전불이행,건조,맑음,단일로 - 기타,화물,남,32세,중상,화물,남,65세,상해없음
2022070400100338,2022년 7월 4일 15시,월요일,경상남도 창원시 성산구 사파동,경상사고,0,0,1,0,차대차 - 측면충돌,안전운전불이행,건조,맑음,교차로 - 교차로안,승용,여,60세,상해없음,승용,남,53세,경상
2022070400100373,2022년 7월 4일 16시,월요일,경상남도 창원시 진해구 장천동,중상사고,0,1,0,0,차량단독 - 전도전복 - 전도,안전운전불이행,건조,맑음,교차로 - 교차로안,이륜,남,16세,중상,,,,
2022070400100374,2022년 7월 4일 16시,월요일,경상남도 거제시 고현동,경상사고,0,0,1,0,차대차 - 기타,보행자보호의무위반,건조,맑음,단일로 - 기타,승용,여,43세,상해없음,자전거,남,11세,경상
2022070400100375,2022년 7월 4일 16시,월요일,경상남도 거제시 고현동,경상사고,0,0,2,0,차대차 - 측면충돌,안전운전불이행,건조,맑음,교차로 - 교차로부근,승용,여,64세,경상,승용,남,42세,경상
2022070400100376,2022년 7월 4일 16시,월요일,경상남도 거제시 능포동,경상사고,0,0,1,0,차대차 - 측면충돌,기타,건조,맑음,단일로 - 기타,승용,남,59세,상해없음,자전거,남,42세,경상
2022070400100431,2022년 7월 4일 17시,월요일,경상남도 양산시 물금읍,부상신고사고,0,0,0,1,차대차 - 측면충돌,안전운전불이행,건조,맑음,단일로 - 기타,승용,남,33세,상해없음,승용,여,30세,부상신고
2022070400100509,2022년 7월 4일 19시,월요일,경상남도 창원시 의창구 팔용동,경상사고,0,0,2,0,차대차 - 추돌,안전운전불이행,건조,맑음,단일로 - 기타,승용,남,75세,상해없음,승용,여,34세,경상
2022070400100530,2022년 7월 4일 20시,월요일,경상남도 김해시 율하동,경상사고,0,0,1,0,차대사람 - 보도통행중,안전운전불이행,건조,맑음,기타 - 기타,승용,남,56세,상해없음,보행자,남,32세,경상
2022070400100553,2022년 7월 4일 21시,월요일,경상남도 통영시 광도면,경상사고,0,0,1,0,차대차 - 측면충돌,신호위반,건조,맑음,교차로 - 교차로안,승용,여,28세,상해없음,승용,여,40세,경상
2022070400100554,2022년 7월 4일 21시,월요일,경상남도 산청군 신안면,경상사고,0,0,1,0,차대차 - 추돌,안전운전불이행,건조,맑음,단일로 - 교량,승용,여,55세,상해없음,자전거,남,31세,경상
2022070400100584,2022년 7월 4일 23시,월요일,경상남도 창원시 의창구 봉곡동,중상사고,0,1,1,0,차대차 - 측면충돌,신호위반,건조,맑음,교차로 - 교차로안,이륜,남,61세,중상,승용,남,31세,경상
2022070500100016,2022년 7월 5일 02시,화요일,경상남도 김해시 진영읍,경상사고,0,0,1,0,차대차 - 측면충돌,안전운전불이행,건조,맑음,교차로 - 교차로부근,승용,남,37세,상해없음,승용,남,25세,경상
2022070500100026,2022년 7월 5일 04시,화요일,경상남도 양산시 물금읍,경상사고,0,0,1,0,차대차 - 측면충돌,중앙선침범,건조,맑음,단일로 - 기타,승용,남,53세,상해없음,이륜,남,38세,경상
2022070500100035,2022년 7월 5일 05시,화요일,경상남도 진주시 상대동,사망사고,1,0,0,0,차대사람 - 횡단중,안전운전불이행,건조,맑음,단일로 - 기타,승용,여,59세,상해없음,보행자,여,76세,사망
2022070500100053,2022년 7월 5일 07시,화요일,경상남도 김해시 진례면,경상사고,0,0,1,1,차대차 - 측면충돌,신호위반,건조,맑음,단일로 - 기타,승용,남,55세,부상신고,승용,남,43세,경상
2022070500100109,2022년 7월 5일 08시,화요일,경상남도 밀양시 내이동,경상사고,0,0,1,0,차대차 - 측면충돌,안전운전불이행,건조,맑음,교차로 - 교차로부근,이륜,남,82세,경상,승용,여,65세,상해없음
2022070500100199,2022년 7월 5일 11시,화요일,경상남도 사천시 동동,경상사고,0,0,1,0,차대차 - 기타,안전운전불이행,건조,맑음,교차로 - 교차로부근,승용,남,56세,상해없음,승용,여,44세,경상
2022070500100200,2022년 7월 5일 11시,화요일,경상남도 사천시 대방동,경상사고,0,0,2,0,차대차 - 기타,교차로운행방법위반,건조,맑음,교차로 - 교차로안,화물,남,54세,상해없음,승용,남,48세,경상
2022070500100233,2022년 7월 5일 12시,화요일,경상남도 진주시 가좌동,중상사고,0,1,0,0,차대사람 - 기타,안전운전불이행,건조,맑음,단일로 - 기타,화물,남,57세,상해없음,보행자,남,71세,중상
2022070500100235,2022년 7월 5일 12시,화요일,경상남도 거제시 장평동,경상사고,0,0,1,0,차대차 - 측면충돌,기타,건조,맑음,교차로 - 교차로안,승용,남,53세,상해없음,승용,여,47세,경상
2022070500100268,2022년 7월 5일 13시,화요일,경상남도 진주시 호탄동,중상사고,0,1,0,0,차대사람 - 횡단중,보행자보호의무위반,건조,맑음,교차로 - 교차로안,승용,여,38세,상해없음,보행자,여,68세,중상
2022070500100299,2022년 7월 5일 14시,화요일,경상남도 창원시 진해구 소사동,경상사고,0,0,1,0,차대차 - 기타,안전운전불이행,건조,맑음,단일로 - 교량,화물,남,61세,상해없음,승용,여,41세,경상
2022070500100300,2022년 7월 5일 14시,화요일,경상남도 양산시 동면,경상사고,0,0,1,0,차대차 - 측면충돌,교차로운행방법위반,건조,맑음,교차로 - 교차로부근,승용,여,58세,상해없음,승용,여,40세,경상
2022070500100301,2022년 7월 5일 14시,화요일,경상남도 창원시 마산회원구 내서읍,경상사고,0,0,1,0,차대차 - 측면충돌,안전운전불이행,기타,기타,교차로 - 교차로부근,화물,남,54세,상해없음,승용,여,42세,경상
2022070500100346,2022년 7월 5일 15시,화요일,경상남도 창원시 의창구 동읍,경상사고,0,0,1,0,차대차 - 기타,안전운전불이행,건조,맑음,단일로 - 기타,승용,남,19세,상해없음,승용,여,67세,경상
2022070500100376,2022년 7월 5일 16시,화요일,경상남도 김해시 외동,경상사고,0,0,1,0,차대차 - 추돌,안전운전불이행,건조,맑음,교차로 - 교차로부근,승용,남,28세,상해없음,승용,남,68세,경상
2022070500100377,2022년 7월 5일 16시,화요일,경상남도 함안군 군북면,중상사고,0,1,0,1,차대차 - 정면충돌,안전운전불이행,건조,맑음,단일로 - 기타,화물,남,39세,부상신고,승용,남,35세,중상
2022070500100378,2022년 7월 5일 16시,화요일,경상남도 창원시 의창구 서상동,경상사고,0,0,1,0,차대차 - 기타,안전운전불이행,건조,맑음,교차로 - 교차로안,승용,여,53세,상해없음,승용,여,67세,경상
2022070500100425,2022년 7월 5일 17시,화요일,경상남도 통영시 북신동,중상사고,0,1,0,1,차대사람 - 횡단중,보행자보호의무위반,건조,맑음,교차로 - 교차로부근,승용,남,72세,상해없음,보행자,여,58세,중상
2022070500100426,2022년 7월 5일 17시,화요일,경상남도 김해시 외동,경상사고,0,0,2,0,차대차 - 측면충돌,안전운전불이행,건조,맑음,단일로 - 기타,화물,남,28세,상해없음,승용,여,39세,경상
2022070500100427,2022년 7월 5일 17시,화요일,경상남도 양산시 중부동,경상사고,0,0,1,0,차대사람 - 횡단중,안전운전불이행,건조,맑음,단일로 - 기타,승용,남,58세,상해없음,보행자,남,32세,경상
2022070500100469,2022년 7월 5일 18시,화요일,경상남도 거제시 하청면,중상사고,0,1,0,0,차대사람 - 기타,안전운전불이행,건조,맑음,단일로 - 기타,화물,남,51세,상해없음,보행자,남,64세,중상
2022070500100530,2022년 7월 5일 20시,화요일,경상남도 김해시 부곡동,경상사고,0,0,1,0,차대차 - 측면충돌,안전운전불이행,건조,맑음,교차로 - 교차로횡단보도내,자전거,남,14세,경상,승용,남,26세,상해없음
2022070500100548,2022년 7월 5일 21시,화요일,경상남도 밀양시 내이동,중상사고,0,1,0,0,차대차 - 측면충돌,안전운전불이행,젖음/습기,비,단일로 - 기타,승용,남,49세,상해없음,승용,여,57세,중상
2022070500100585,2022년 7월 5일 23시,화요일,경상남도 밀양시 내이동,경상사고,0,0,1,0,차대차 - 측면충돌,중앙선침범,건조,흐림,교차로 - 교차로부근,승용,남,58세,상해없음,승용,남,32세,경상
2022070600100004,2022년 7월 6일 00시,수요일,경상남도 통영시 무전동,경상사고,0,0,1,0,차대차 - 측면충돌,안전운전불이행,건조,맑음,단일로 - 기타,승용,남,37세,기타불명,이륜,남,39세,경상
2022070600100017,2022년 7월 6일 02시,수요일,경상남도 창원시 마산합포구 상남동,경상사고,0,0,1,0,차대차 - 추돌,안전운전불이행,건조,맑음,교차로 - 교차로부근,승합,남,60세,상해없음,승용,남,66세,경상
2022070600100024,2022년 7월 6일 04시,수요일,경상남도 양산시 산막동,중상사고,0,1,0,0,차대차 - 추돌,안전운전불이행,건조,맑음,단일로 - 기타,화물,남,43세,상해없음,승용,여,48세,중상
2022070600100071,2022년 7월 6일 07시,수요일,경상남도 진주시 하대동,경상사고,0,0,1,0,차대차 - 기타,안전운전불이행,건조,맑음,단일로 - 기타,승용,여,52세,상해없음,승용,여,59세,경상
2022070600100072,2022년 7월 6일 07시,수요일,경상남도 창원시 진해구 태백동,중상사고,0,1,0,0,차대차 - 정면충돌,중앙선침범,건조,맑음,교차로 - 교차로부근,자전거,남,57세,중상,승용,남,37세,상해없음
2022070600100105,2022년 7월 6일 08시,수요일,경상남도 밀양시 삼랑진읍,경상사고,0,0,1,0,차대차 - 측면충돌,안전운전불이행,건조,흐림,교차로 - 교차로안,이륜,남,79세,상해없음,승용,여,25세,경상
2022070600100106,2022년 7월 6일 08시,수요일,경상남도 김해시 대동면,중상사고,0,1,0,0,차대차 - 측면충돌,안전운전불이행,건조,맑음,단일로 - 기타,이륜,남,60세,중상,화물,남,68세,상해없음
2022070600100107,2022년 7월 6일 08시,수요일,경상남도 양산시 평산동,경상사고,0,0,3,1,차대차 - 추돌,안전운전불이행,건조,맑음,교차로 - 교차로부근,승용,여,52세,부상신고,승용,남,34세,경상
2022070600100173,2022년 7월 6일 10시,수요일,경상남도 창원시 진해구 태평동,경상사고,0,0,1,0,차대차 - 측면충돌,안전운전불이행,건조,맑음,단일로 - 기타,승용,여,39세,상해없음,승합,남,58세,경상
2022070600100174,2022년 7월 6일 10시,수요일,경상남도 김해시 대청동,중상사고,0,1,0,0,차대차 - 측면충돌,신호위반,건조,맑음,교차로 - 교차로안,승용,여,54세,상해없음,승용,여,53세,중상
2022070600100201,2022년 7월 6일 11시,수요일,경상남도 통영시 광도면,경상사고,0,0,1,0,차대차 - 정면충돌,안전거리미확보,건조,맑음,단일로 - 기타,화물,남,43세,상해없음,승용,남,71세,경상
2022070600100202,2022년 7월 6일 11시,수요일,경상남도 양산시 주진동,중상사고,0,1,1,0,차대차 - 추돌,안전운전불이행,건조,맑음,단일로 - 기타,승용,남,25세,상해없음,승용,여,27세,경상
2022070600100203,2022년 7월 6일 11시,수요일,경상남도 창원시 마산회원구 양덕동,경상사고,0,0,2,0,차대차 - 기타,안전운전불이행,건조,맑음,단일로 - 기타,승용,남,54세,상해없음,승용,여,66세,경상
2022070600100287,2022년 7월 6일 14시,수요일,경상남도 김해시 삼방동,중상사고,0,1,0,0,차대차 - 측면충돌,안전운전불이행,건조,맑음,교차로 - 교차로안,승용,남,61세,상해없음,자전거,남,66세,중상
2022070600100301,2022년 7월 6일 15시,수요일,경상남도 밀양시 가곡동,경상사고,0,0,1,0,차대차 - 기타,안전운전불이행,건조,맑음,단일로 - 기타,특수,남,66세,상해없음,승용,남,60세,상해없음
2022070600100326,2022년 7월 6일 15시,수요일,경상남도 통영시 미수동,중상사고,0,1,0,0,차대사람 - 기타,안전운전불이행,건조,맑음,교차로 - 교차로안,승합,여,36세,상해없음,보행자,남,80세,중상
2022070600100327,2022년 7월 6일 15시,수요일,경상남도 김해시 외동,경상사고,0,0,1,0,차대차 - 측면충돌,신호위반,건조,맑음,교차로 - 교차로안,이륜,남,43세,상해없음,승용,남,38세,경상
2022070600100328,2022년 7월 6일 15시,수요일,경상남도 거창군 거창읍,중상사고,0,1,0,0,차대차 - 측면충돌,안전운전불이행,건조,맑음,교차로 - 교차로안,이륜,여,62세,중상,승용,여,61세,상해없음
2022070600100357,2022년 7월 6일 16시,수요일,경상남도 진주시 정촌면,중상사고,0,1,0,0,차대차 - 측면충돌,신호위반,건조,맑음,교차로 - 교차로안,승합,남,77세,상해없음,승용,남,52세,중상
2022070600100390,2022년 7월 6일 17시,수요일,경상남도 밀양시 부북면,중상사고,0,1,0,0,차대차 - 측면충돌,신호위반,건조,맑음,교차로 - 교차로안,승용,남,62세,상해없음,원동기,여,60세,중상
2022070600100391,2022년 7월 6일 17시,수요일,경상남도 거제시 고현동,경상사고,0,0,1,0,차대차 - 측면충돌,안전운전불이행,건조,맑음,교차로 - 교차로안,승용,여,43세,경상,승용,남,39세,상해없음