사고번호,사고일시,요일,시군구,사고내용,사망자수,중상자수,경상자수,부상신고자수,사고유형,법규위반,노면상태,기상상태,도로형태,가해운전자 차종,가해운전자 성별,가해운전자 연령,가해운전자 상해정도,피해운전자 차종,피해운전자 성별,피해운전자 연령,피해운전자 상해정도
2022071000100272,2022년 7월 10일 15시,일요일,경상남도 창원시 의창구 팔용동,중상사고,0,1,1,0,차대차 - 측면충돌,안전운전불이행,건조,맑음,교차로 - 교차로안,승용,여,58세,상해없음,승합,남,50세,경상
2022071000100328,2022년 7월 10일 17시,일요일,경상남도 사천시 송포동,경상사고,0,0,2,0,차대차 - 기타,안전운전불이행,건조,맑음,교차로 - 교차로부근,승용,남,22세,상해없음,승용,남,29세,경상
2022071000100329,2022년 7월 10일 17시,일요일,경상남도 사천시 곤명면,경상사고,0,0,3,0,차대차 - 측면충돌,안전거리미확보,건조,맑음,단일로 - 기타,승용,여,64세,상해없음,승용,남,51세,경상
2022071000100360,2022년 7월 10일 19시,일요일,경상남도 거창군 거창읍,경상사고,0,0,1,0,차대차 - 측면충돌,안전운전불이행,건조,맑음,교차로 - 교차로안,승용,여,50세,상해없음,이륜,남,44세,경상
2022071000100361,2022년 7월 10일 19시,일요일,경상남도 양산시 북정동,부상신고사고,0,0,0,1,차대차 - 측면충돌,안전운전불이행,건조,맑음,교차로 - 교차로안,화물,남,51세,상해없음,이륜,남,46세,부상신고
2022071000100409,2022년 7월 10일 21시,일요일,경상남도 김해시 생림면,경상사고,0,0,2,0,차대차 - 추돌,안전거리미확보,건조,맑음,단일로 - 기타,승용,남,37세,상해없음,승용,남,40세,경상
2022071000100410,2022년 7월 10일 21시,일요일,경상남도 양산시 덕계동,경상사고,0,0,1,0,차대차 - 기타,안전운전불이행,건조,맑음,주차장 - 주차장,승용,남,63세,상해없음,이륜,남,34세,경상
2022071100100006,2022년 7월 11일 00시,월요일,경상남도 김해시 대성동,경상사고,0,0,1,0,차대차 - 기타,안전거리미확보,건조,맑음,교차로 - 교차로안,승용,남,38세,상해없음,승용,남,59세,경상
2022071100100061,2022년 7월 11일 07시,월요일,경상남도 김해시 내동,경상사고,0,0,2,0,차대차 - 추돌,안전운전불이행,건조,흐림,단일로 - 기타,승용,남,53세,상해없음,승용,남,48세,경상
2022071100100100,2022년 7월 11일 08시,월요일,경상남도 진주시 주약동,경상사고,0,0,1,0,차대차 - 정면충돌,신호위반,젖음/습기,비,교차로 - 교차로안,승용,남,58세,상해없음,승합,남,65세,상해없음
2022071100100101,2022년 7월 11일 08시,월요일,경상남도 사천시 벌리동,경상사고,0,0,3,0,차대차 - 측면충돌,직진우회전진행방해,건조,맑음,교차로 - 교차로안,승용,남,24세,기타불명,승용,남,57세,경상
2022071100100102,2022년 7월 11일 08시,월요일,경상남도 하동군 적량면,경상사고,0,0,1,0,차대차 - 추돌,안전운전불이행,젖음/습기,비,교차로 - 교차로안,승용,여,29세,기타불명,화물,남,56세,경상
2022071100100103,2022년 7월 11일 08시,월요일,경상남도 거창군 남상면,경상사고,0,0,2,0,차대차 - 기타,안전운전불이행,젖음/습기,비,단일로 - 기타,승용,여,58세,상해없음,승용,여,50세,경상
2022071100100137,2022년 7월 11일 09시,월요일,경상남도 창원시 마산합포구 월남동1가,부상신고사고,0,0,0,1,차대차 - 측면충돌,신호위반,젖음/습기,비,교차로 - 교차로횡단보도내,자전거,여,67세,부상신고,승용,여,57세,상해없음
2022071100100138,2022년 7월 11일 09시,월요일,경상남도 창원시 진해구 석동,중상사고,0,3,0,0,차대차 - 추돌,안전운전불이행,젖음/습기,비,단일로 - 터널,승용,남,68세,중상,승합,남,68세,상해없음
2022071100100139,2022년 7월 11일 09시,월요일,경상남도 양산시 북정동,경상사고,0,0,1,0,차대차 - 추돌,안전운전불이행,젖음/습기,흐림,교차로 - 교차로부근,화물,남,37세,상해없음,승용,여,45세,경상
2022071100100154,2022년 7월 11일 10시,월요일,경상남도 양산시 동면,경상사고,0,0,1,0,차대차 - 추돌,안전운전불이행,젖음/습기,비,단일로 - 기타,승용,여,29세,상해없음,승용,여,63세,경상
2022071100100175,2022년 7월 11일 10시,월요일,경상남도 진주시 충무공동,중상사고,0,1,0,0,차대차 - 측면충돌,신호위반,젖음/습기,맑음,교차로 - 교차로안,화물,남,60세,상해없음,승용,여,35세,중상
2022071100100176,2022년 7월 11일 10시,월요일,경상남도 거창군 거창읍,중상사고,0,1,0,0,차대차 - 후진중충돌,불법유턴,젖음/습기,흐림,단일로 - 기타,승용,남,54세,상해없음,이륜,여,71세,중상
2022071100100177,2022년 7월 11일 10시,월요일,경상남도 거창군 거창읍,경상사고,0,0,1,0,차대차 - 측면충돌,안전운전불이행,젖음/습기,흐림,주차장 - 주차장,승용,남,78세,상해없음,승용,기타불명,미분류,기타불명
2022071100100201,2022년 7월 11일 11시,월요일,경상남도 사천시 용현면,중상사고,0,3,6,0,차대차 - 측면충돌,신호위반,젖음/습기,비,교차로 - 교차로안,승용,여,58세,경상,승용,남,54세,경상
2022071100100202,2022년 7월 11일 11시,월요일,경상남도 김해시 서상동,경상사고,0,0,1,0,차대차 - 기타,안전운전불이행,젖음/습기,비,단일로 - 기타,이륜,남,41세,경상,화물,남,47세,상해없음
2022071100100203,2022년 7월 11일 11시,월요일,경상남도 거제시 사등면,사망사고,1,0,0,0,차대사람 - 차도통행중,안전운전불이행,젖음/습기,흐림,교차로 - 교차로안,화물,남,58세,상해없음,보행자,여,63세,사망
2022071100100204,2022년 7월 11일 11시,월요일,경상남도 함안군 칠서면,경상사고,0,0,1,0,차대차 - 측면충돌,교차로운행방법위반,젖음/습기,비,교차로 - 교차로안,화물,남,39세,경상,승용,남,67세,상해없음
2022071100100258,2022년 7월 11일 12시,월요일,경상남도 창원시 마산합포구 중앙동1가,경상사고,0,0,1,0,차대차 - 기타,안전거리미확보,젖음/습기,비,단일로 - 기타,승용,남,46세,상해없음,이륜,남,24세,경상
2022071100100259,2022년 7월 11일 12시,월요일,경상남도 진주시 가좌동,경상사고,0,0,1,0,차대사람 - 횡단중,안전운전불이행,젖음/습기,비,교차로 - 교차로안,승용,여,45세,상해없음,보행자,남,64세,경상
2022071100100261,2022년 7월 11일 12시,월요일,경상남도 창원시 진해구 용원동,경상사고,0,0,1,0,차대차 - 기타,직진우회전진행방해,젖음/습기,비,교차로 - 교차로안,승용,남,62세,상해없음,화물,남,55세,경상
2022071100100262,2022년 7월 11일 12시,월요일,경상남도 밀양시 교동,경상사고,0,0,1,0,차대차 - 추돌,안전운전불이행,젖음/습기,비,단일로 - 기타,승용,남,67세,상해없음,승용,여,58세,경상
2022071100100293,2022년 7월 11일 13시,월요일,경상남도 양산시 명동,부상신고사고,0,0,0,1,차대차 - 측면충돌,안전운전불이행,젖음/습기,흐림,단일로 - 기타,승용,여,55세,부상신고,화물,남,49세,상해없음
2022071100100294,2022년 7월 11일 13시,월요일,경상남도 남해군 이동면,경상사고,0,0,1,1,차량단독 - 공작물충돌,안전운전불이행,젖음/습기,흐림,교차로 - 교차로부근,승용,남,56세,경상,,,,
2022071100100325,2022년 7월 11일 14시,월요일,경상남도 김해시 내동,경상사고,0,0,1,0,차대차 - 후진중충돌,안전운전불이행,젖음/습기,흐림,단일로 - 기타,승합,남,53세,상해없음,자전거,남,46세,경상
2022071100100363,2022년 7월 11일 15시,월요일,경상남도 거제시 고현동,경상사고,0,0,1,0,차대사람 - 길가장자리구역통행중,안전운전불이행,젖음/습기,비,단일로 - 기타,승용,여,37세,상해없음,보행자,남,15세,경상
2022071100100364,2022년 7월 11일 15시,월요일,경상남도 김해시 진영읍,경상사고,0,0,3,0,차대차 - 측면충돌,신호위반,건조,맑음,교차로 - 교차로안,승용,남,32세,상해없음,승용,여,33세,경상
2022071100100401,2022년 7월 11일 16시,월요일,경상남도 양산시 북정동,경상사고,0,0,1,0,차대차 - 측면충돌,안전거리미확보,건조,맑음,교차로 - 교차로안,화물,남,58세,상해없음,승용,남,38세,경상
2022071100100442,2022년 7월 11일 17시,월요일,경상남도 함안군 군북면,경상사고,0,0,1,0,차대차 - 측면충돌,안전운전불이행,건조,맑음,교차로 - 교차로안,승용,남,37세,상해없음,이륜,남,39세,경상
2022071100100503,2022년 7월 11일 18시,월요일,경상남도 진주시 충무공동,경상사고,0,0,1,0,차대사람 - 보도통행중,기타,건조,맑음,기타 - 기타,개인형이동수단(PM),여,15세,상해없음,보행자,여,31세,경상
2022071100100529,2022년 7월 11일 19시,월요일,경상남도 통영시 미수동,중상사고,0,1,3,0,차대차 - 기타,신호위반,건조,기타,교차로 - 교차로안,승용,남,51세,상해없음,승용,남,28세,중상
2022071100100576,2022년 7월 11일 21시,월요일,경상남도 사천시 사천읍,중상사고,0,1,0,0,차대차 - 측면충돌,안전운전불이행,건조,맑음,기타 - 기타,승용,남,40세,상해없음,승용,여,27세,중상
2022071200100018,2022년 7월 12일 02시,화요일,경상남도 함안군 칠원읍,경상사고,0,0,1,0,차대차 - 측면충돌,안전운전불이행,건조,맑음,교차로 - 교차로부근,승용,남,47세,상해없음,승용,남,61세,경상
2022071200100062,2022년 7월 12일 07시,화요일,경상남도 통영시 광도면,중상사고,0,1,0,0,차대차 - 기타,안전운전불이행,건조,맑음,단일로 - 기타,화물,남,52세,상해없음,승용,남,66세,중상
2022071200100063,2022년 7월 12일 07시,화요일,경상남도 거제시 문동동,경상사고,0,0,2,0,차대차 - 정면충돌,안전운전불이행,건조,맑음,기타 - 기타,승용,여,23세,기타불명,승용,여,37세,경상
2022071200100064,2022년 7월 12일 07시,화요일,경상남도 창원시 성산구 남산동,경상사고,0,0,1,0,차대차 - 측면충돌,신호위반,건조,맑음,교차로 - 교차로부근,승용,남,54세,상해없음,승용,여,28세,경상
2022071200100099,2022년 7월 12일 08시,화요일,경상남도 창원시 마산합포구 오동동,중상사고,0,1,0,0,차대사람 - 차도통행중,안전운전불이행,건조,맑음,단일로 - 기타,승용,남,85세,상해없음,보행자,남,74세,중상
2022071200100100,2022년 7월 12일 08시,화요일,경상남도 고성군 고성읍,중상사고,0,1,0,0,차대차 - 기타,기타,건조,맑음,교차로 - 교차로횡단보도내,승용,남,51세,상해없음,자전거,남,15세,중상
2022071200100158,2022년 7월 12일 10시,화요일,경상남도 사천시 송포동,경상사고,0,0,2,0,차대차 - 측면충돌,안전거리미확보,건조,맑음,교차로 - 교차로안,화물,남,54세,상해없음,승용,여,56세,경상
2022071200100186,2022년 7월 12일 11시,화요일,경상남도 창녕군 남지읍,부상신고사고,0,0,0,1,차대차 - 기타,직진우회전진행방해,건조,맑음,교차로 - 교차로안,자전거,남,78세,부상신고,화물,남,61세,상해없음
2022071200100187,2022년 7월 12일 11시,화요일,경상남도 창녕군 고암면,중상사고,0,1,0,0,차대사람 - 기타,안전운전불이행,건조,맑음,단일로 - 기타,승용,남,26세,상해없음,보행자,여,82세,중상
2022071200100232,2022년 7월 12일 13시,화요일,경상남도 밀양시 교동,경상사고,0,0,1,0,차대차 - 측면충돌,교차로운행방법위반,건조,맑음,교차로 - 교차로안,승용,남,79세,경상,화물,남,74세,상해없음
2022071200100233,2022년 7월 12일 13시,화요일,경상남도 함양군 함양읍,사망사고,1,3,0,0,차대차 - 측면충돌,신호위반,건조,맑음,교차로 - 교차로안,승용,남,67세,중상,승용,남,67세,중상
2022071200100328,2022년 7월 12일 16시,화요일,경상남도 밀양시 가곡동,경상사고,0,0,3,0,차대차 - 측면충돌,신호위반,건조,맑음,교차로 - 교차로안,승용,여,54세,경상,승용,남,60세,경상
2022071200100412,2022년 7월 12일 18시,화요일,경상남도 창원시 의창구 서상동,경상사고,0,0,1,0,차대사람 - 기타,안전운전불이행,건조,맑음,기타 - 기타,승용,여,34세,상해없음,보행자,남,12세,경상
2022071200100458,2022년 7월 12일 20시,화요일,경상남도 창원시 진해구 태평동,사망사고,1,0,0,0,차량단독 - 기타,안전운전불이행,건조,맑음,단일로 - 기타,승합,남,51세,상해없음,,,,
2022071200100459,2022년 7월 12일 20시,화요일,경상남도 거제시 거제면,경상사고,0,0,1,0,차대사람 - 길가장자리구역통행중,안전운전불이행,건조,맑음,기타 - 기타,승용,남,59세,상해없음,보행자,여,63세,경상
2022071200100487,2022년 7월 12일 21시,화요일,경상남도 김해시 전하동,경상사고,0,0,1,0,차대사람 - 기타,안전운전불이행,건조,맑음,교차로 - 교차로부근,승용,남,43세,상해없음,보행자,여,27세,경상
2022071300100064,2022년 7월 13일 07시,수요일,경상남도 김해시 삼정동,경상사고,0,0,2,0,차대차 - 측면충돌,안전거리미확보,건조,맑음,단일로 - 기타,승용,남,33세,상해없음,승용,여,55세,경상
2022071300100102,2022년 7월 13일 08시,수요일,경상남도 진주시 신안동,사망사고,1,0,0,0,차대차 - 정면충돌,안전운전불이행,건조,맑음,교차로 - 교차로횡단보도내,자전거,남,81세,사망,승용,남,63세,상해없음
2022071300100150,2022년 7월 13일 10시,수요일,경상남도 창원시 성산구 상남동,경상사고,0,0,1,0,차대사람 - 차도통행중,안전운전불이행,건조,맑음,단일로 - 기타,승용,남,73세,상해없음,보행자,남,8세,경상
2022071300100151,2022년 7월 13일 10시,수요일,경상남도 창원시 성산구 신월동,경상사고,0,0,1,0,차대차 - 측면충돌,안전운전불이행,건조,맑음,교차로 - 교차로안,승용,여,71세,상해없음,승용,여,67세,경상
2022071300100181,2022년 7월 13일 11시,수요일,경상남도 창원시 마산합포구 해운동,경상사고,0,0,1,0,차대차 - 측면충돌,안전운전불이행,건조,맑음,교차로 - 교차로안,승용,여,52세,상해없음,승용,여,55세,경상
2022071300100211,2022년 7월 13일 12시,수요일,경상남도 김해시 삼방동,경상사고,0,0,1,0,차대차 - 추돌,차로위반,건조,맑음,단일로 - 기타,이륜,남,44세,경상,승용,남,69세,상해없음
2022071300100236,2022년 7월 13일 13시,수요일,경상남도 진주시 장대동,중상사고,0,1,0,0,차대차 - 정면충돌,교차로운행방법위반,건조,맑음,교차로 - 교차로안,승용,남,64세,상해없음,이륜,남,54세,중상
2022071300100237,2022년 7월 13일 13시,수요일,경상남도 밀양시 무안면,중상사고,0,2,0,0,차대차 - 정면충돌,중앙선침범,건조,맑음,단일로 - 기타,이륜,남,49세,중상,승용,여,65세,중상
2022071300100238,2022년 7월 13일 13시,수요일,경상남도 합천군 삼가면,중상사고,0,1,1,0,차대차 - 측면충돌,안전운전불이행,건조,맑음,교차로 - 교차로안,승용,남,52세,상해없음,화물,남,51세,경상
2022071300100297,2022년 7월 13일 15시,수요일,경상남도 진주시 평거동,경상사고,0,0,1,0,차대사람 - 기타,안전운전불이행,건조,맑음,단일로 - 기타,승용,남,60세,상해없음,보행자,남,47세,경상
2022071300100298,2022년 7월 13일 15시,수요일,경상남도 창원시 의창구 사림동,경상사고,0,0,1,0,차대차 - 측면충돌,안전운전불이행,건조,맑음,교차로 - 교차로안,승용,여,69세,상해없음,승용,남,58세,경상
2022071300100496,2022년 7월 13일 20시,수요일,경상남도 김해시 외동,경상사고,0,0,1,0,차대사람 - 횡단중,보행자보호의무위반,건조,맑음,교차로 - 교차로횡단보도내,승용,여,55세,상해없음,보행자,여,55세,경상
2022071300100520,2022년 7월 13일 21시,수요일,경상남도 창원시 마산합포구 상남동,중상사고,0,1,1,0,차대사람 - 횡단중,안전운전불이행,건조,맑음,단일로 - 기타,이륜,남,28세,경상,보행자,남,76세,중상
2022071300100521,2022년 7월 13일 21시,수요일,경상남도 김해시 봉황동,경상사고,0,0,1,0,차대차 - 기타,안전운전불이행,건조,맑음,교차로 - 교차로안,승용,여,47세,상해없음,승용,남,54세,상해없음
2022071300100551,2022년 7월 13일 22시,수요일,경상남도 통영시 광도면,경상사고,0,0,1,0,차대차 - 추돌,안전운전불이행,젖음/습기,비,단일로 - 기타,승용,남,42세,상해없음,승용,여,31세,경상
2022071300100552,2022년 7월 13일 22시,수요일,경상남도 김해시 삼문동,중상사고,0,1,0,0,차대사람 - 횡단중,안전운전불이행,건조,맑음,교차로 - 교차로안,승용,남,56세,상해없음,보행자,여,45세,중상
2022071400100016,2022년 7월 14일 00시,목요일,경상남도 창원시 진해구 석동,경상사고,0,0,2,0,차대사람 - 기타,안전운전불이행,건조,맑음,교차로 - 교차로부근,승용,남,49세,상해없음,보행자,남,38세,경상
2022071400100025,2022년 7월 14일 01시,목요일,경상남도 김해시 내덕동,중상사고,0,3,0,0,차대차 - 측면충돌,신호위반,건조,맑음,교차로 - 교차로안,이륜,남,15세,중상,승용,남,29세,중상
2022071400100030,2022년 7월 14일 02시,목요일,경상남도 양산시 물금읍,중상사고,0,1,0,0,차대사람 - 횡단중,안전운전불이행,건조,맑음,단일로 - 기타,승용,남,36세,상해없음,보행자,남,58세,중상
2022071400100039,2022년 7월 14일 03시,목요일,경상남도 김해시 외동,경상사고,0,0,1,0,차대차 - 추돌,불법유턴,건조,맑음,교차로 - 교차로횡단보도내,자전거,남,82세,경상,승용,남,26세,상해없음
2022071400100040,2022년 7월 14일 03시,목요일,경상남도 양산시 중부동,중상사고,0,1,0,0,차대차 - 기타,교차로운행방법위반,건조,맑음,교차로 - 교차로안,승용,남,37세,상해없음,원동기,남,21세,중상
2022071400100090,2022년 7월 14일 07시,목요일,경상남도 남해군 남해읍,중상사고,0,1,0,0,차대사람 - 횡단중,보행자보호의무위반,젖음/습기,비,교차로 - 교차로안,화물,남,50세,상해없음,보행자,여,85세,중상
2022071400100091,2022년 7월 14일 07시,목요일,경상남도 창원시 성산구 가음정동,중상사고,0,1,0,0,차대차 - 추돌,안전운전불이행,건조,맑음,교차로 - 교차로부근,화물,남,68세,상해없음,이륜,남,56세,중상
2022071400100122,2022년 7월 14일 08시,목요일,경상남도 양산시 남부동,경상사고,0,0,2,1,차대차 - 추돌,안전운전불이행,건조,맑음,단일로 - 기타,승용,여,21세,부상신고,승용,남,33세,상해없음
2022071400100123,2022년 7월 14일 08시,목요일,경상남도 거제시 옥포동,중상사고,0,1,0,0,차대사람 - 횡단중,보행자보호의무위반,건조,맑음,교차로 - 교차로횡단보도내,승용,남,21세,상해없음,보행자,여,29세,중상
2022071400100124,2022년 7월 14일 08시,목요일,경상남도 김해시 진례면,경상사고,0,0,1,1,차대차 - 추돌,안전운전불이행,건조,맑음,교차로 - 교차로부근,승용,남,31세,부상신고,승용,여,46세,경상
2022071400100162,2022년 7월 14일 09시,목요일,경상남도 김해시 삼계동,경상사고,0,0,2,0,차대차 - 기타,신호위반,건조,맑음,교차로 - 교차로안,승합,남,52세,상해없음,승용,여,54세,경상
2022071400100203,2022년 7월 14일 10시,목요일,경상남도 창녕군 대지면,중상사고,0,1,0,0,차대사람 - 기타,보행자보호의무위반,건조,맑음,교차로 - 교차로안,화물,남,49세,상해없음,보행자,여,77세,중상
2022071400100226,2022년 7월 14일 11시,목요일,경상남도 김해시 어방동,경상사고,0,0,2,0,차대차 - 후진중충돌,안전운전불이행,건조,맑음,기타 - 기타,승용,남,62세,상해없음,승용,남,32세,경상
2022071400100322,2022년 7월 14일 14시,목요일,경상남도 통영시 용남면,경상사고,0,0,2,0,차대차 - 측면충돌,교차로운행방법위반,건조,맑음,교차로 - 교차로안,화물,남,23세,경상,승용,남,36세,경상
2022071400100323,2022년 7월 14일 14시,목요일,경상남도 양산시 교동,중상사고,0,1,0,0,차대사람 - 횡단중,보행자보호의무위반,건조,맑음,단일로 - 기타,승용,남,72세,상해없음,보행자,여,18세,중상
2022071400100324,2022년 7월 14일 14시,목요일,경상남도 양산시 삼호동,경상사고,0,0,2,0,차대차 - 측면충돌,안전운전불이행,건조,맑음,단일로 - 기타,화물,남,61세,상해없음,승용,남,41세,경상
2022071400100325,2022년 7월 14일 14시,목요일,경상남도 남해군 미조면,부상신고사고,0,0,0,1,차대차 - 측면충돌,안전운전불이행,건조,맑음,단일로 - 기타,화물,남,41세,상해없음,승용,남,45세,부상신고
2022071400100326,2022년 7월 14일 14시,목요일,경상남도 의령군 궁류면,경상사고,0,0,1,0,차량단독 - 전도전복 - 전도,안전운전불이행,건조,맑음,단일로 - 기타,이륜,여,70세,경상,,,,
2022071400100327,2022년 7월 14일 14시,목요일,경상남도 김해시 무계동,부상신고사고,0,0,0,1,차대차 - 추돌,안전운전불이행,건조,맑음,단일로 - 기타,승용,여,50세,부상신고,화물,남,61세,상해없음
2022071400100360,2022년 7월 14일 15시,목요일,경상남도 양산시 중부동,경상사고,0,0,1,0,차대사람 - 기타,안전운전불이행,건조,맑음,교차로 - 교차로안,승용,남,66세,상해없음,보행자,여,86세,경상
2022071400100361,2022년 7월 14일 15시,목요일,경상남도 고성군 고성읍,경상사고,0,0,2,0,차대차 - 측면충돌,안전운전불이행,건조,맑음,단일로 - 기타,화물,남,47세,상해없음,승용,남,61세,경상
2022071400100362,2022년 7월 14일 15시,목요일,경상남도 의령군 의령읍,경상사고,0,0,1,0,차대차 - 측면충돌,안전운전불이행,건조,맑음,교차로 - 교차로안,승용,남,79세,상해없음,자전거,여,57세,경상
2022071400100406,2022년 7월 14일 16시,목요일,경상남도 창원시 마산합포구 구산면,부상신고사고,0,0,0,1,차대차 - 측면충돌,안전운전불이행,건조,맑음,단일로 - 기타,이륜,남,67세,부상신고,승합,여,30세,상해없음
2022071400100407,2022년 7월 14일 16시,목요일,경상남도 진주시 문산읍,중상사고,0,1,0,0,차량단독 - 공작물충돌,안전운전불이행,건조,맑음,단일로 - 기타,화물,남,69세,중상,,,,
2022071400100452,2022년 7월 14일 17시,목요일,경상남도 사천시 용현면,중상사고,0,1,3,0,차대차 - 추돌,안전운전불이행,건조,맑음,단일로 - 기타,화물,남,61세,상해없음,화물,남,49세,경상
2022071400100453,2022년 7월 14일 17시,목요일,경상남도 김해시 서상동,경상사고,0,0,1,0,차대차 - 기타,안전운전불이행,건조,맑음,교차로 - 교차로안,이륜,남,23세,상해없음,승용,남,66세,경상
2022071400100454,2022년 7월 14일 17시,목요일,경상남도 김해시 동상동,경상사고,0,0,1,0,차대차 - 기타,안전운전불이행,건조,맑음,교차로 - 교차로안,개인형이동수단(PM),여,42세,경상,승용,남,68세,기타불명
2022071400100497,2022년 7월 14일 18시,목요일,경상남도 창원시 진해구 충무동,경상사고,0,0,1,0,차량단독 - 기타,안전운전불이행,건조,맑음,교차로 - 교차로부근,승합,남,51세,상해없음,,,,
2022071400100498,2022년 7월 14일 18시,목요일,경상남도 김해시 진례면,경상사고,0,0,1,0,차대차 - 측면충돌,안전운전불이행,건조,맑음,단일로 - 기타,화물,남,48세,상해없음,화물,남,53세,경상
2022071400100581,2022년 7월 14일 20시,목요일,경상남도 거창군 거창읍,중상사고,0,1,0,0,차대차 - 측면충돌,중앙선침범,건조,맑음,교차로 - 교차로안,승용,여,59세,상해없음,자전거,여,49세,중상
2022071400100648,2022년 7월 14일 23시,목요일,경상남도 김해시 진영읍,경상사고,0,0,1,0,차대사람 - 차도통행중,안전운전불이행,건조,맑음,단일로 - 기타,승용,남,40세,상해없음,보행자,남,37세,경상
2022071500100027,2022년 7월 15일 03시,금요일,경상남도 양산시 덕계동,중상사고,0,1,0,0,차량단독 - 공작물충돌,안전운전불이행,건조,맑음,단일로 - 기타,승용,여,59세,상해없음,,,,
2022071500100091,2022년 7월 15일 08시,금요일,경상남도 창원시 성산구 남양동,부상신고사고,0,0,0,1,차대사람 - 횡단중,안전운전불이행,건조,맑음,기타 - 기타,승용,남,59세,상해없음,보행자,여,16세,부상신고
2022071500100132,2022년 7월 15일 09시,금요일,경상남도 김해시 어방동,경상사고,0,0,1,0,차대사람 - 횡단중,보행자보호의무위반,건조,맑음,교차로 - 교차로안,승용,여,56세,상해없음,보행자,여,83세,경상
2022071500100134,2022년 7월 15일 09시,금요일,경상남도 창원시 마산회원구 회원동,경상사고,0,0,1,0,차대차 - 추돌,안전운전불이행,건조,맑음,단일로 - 기타,승용,여,63세,상해없음,승용,여,31세,경상
2022071500100162,2022년 7월 15일 10시,금요일,경상남도 창원시 마산회원구 양덕동,부상신고사고,0,0,0,1,차대차 - 측면충돌,안전운전불이행,건조,맑음,단일로 - 기타,특수,남,56세,상해없음,화물,남,28세,부상신고
2022071500100198,2022년 7월 15일 11시,금요일,경상남도 밀양시 내이동,경상사고,0,0,1,0,차대사람 - 기타,안전운전불이행,건조,맑음,교차로 - 교차로부근,화물,남,69세,상해없음,보행자,남,30세,경상
2022071500100199,2022년 7월 15일 11시,금요일,경상남도 창원시 마산회원구 석전동,중상사고,0,1,0,0,차대사람 - 횡단중,보행자보호의무위반,건조,맑음,교차로 - 교차로횡단보도내,승용,여,61세,상해없음,보행자,여,74세,중상
2022071500100200,2022년 7월 15일 11시,금요일,경상남도 김해시 진영읍,경상사고,0,0,1,0,차대차 - 측면충돌,교차로운행방법위반,건조,맑음,교차로 - 교차로안,승용,여,26세,상해없음,화물,남,28세,경상
2022071500100223,2022년 7월 15일 12시,금요일,경상남도 거제시 동부면,중상사고,0,4,4,0,차대차 - 정면충돌,중앙선침범,건조,맑음,단일로 - 기타,승용,남,18세,경상,승용,남,38세,경상
2022071500100258,2022년 7월 15일 13시,금요일,경상남도 고성군 고성읍,경상사고,0,0,1,0,차대차 - 후진중충돌,안전운전불이행,건조,맑음,단일로 - 기타,승용,남,75세,상해없음,승용,남,51세,상해없음
2022071500100259,2022년 7월 15일 13시,금요일,경상남도 남해군 남해읍,부상신고사고,0,0,0,2,차대차 - 추돌,교차로운행방법위반,건조,맑음,교차로 - 교차로부근,화물,남,34세,상해없음,화물,남,73세,부상신고
2022071500100329,2022년 7월 15일 15시,금요일,경상남도 양산시 남부동,경상사고,0,0,1,0,차대차 - 정면충돌,중앙선침범,건조,맑음,단일로 - 지하차도(도로)내,화물,남,68세,상해없음,화물,남,50세,상해없음
2022071500100330,2022년 7월 15일 15시,금요일,경상남도 창원시 의창구 북면,경상사고,0,0,1,0,차대차 - 측면충돌,교차로운행방법위반,건조,맑음,교차로 - 교차로안,승용,남,78세,상해없음,자전거,남,68세,경상
2022071500100369,2022년 7월 15일 16시,금요일,경상남도 김해시 주촌면,경상사고,0,0,1,0,차대사람 - 횡단중,신호위반,건조,맑음,교차로 - 교차로횡단보도내,승합,남,56세,상해없음,보행자,여,13세,경상
2022071500100419,2022년 7월 15일 17시,금요일,경상남도 창원시 마산합포구 동성동,경상사고,0,0,4,0,차대차 - 측면충돌,안전운전불이행,건조,맑음,단일로 - 기타,승용,남,53세,상해없음,승용,남,52세,경상
2022071500100420,2022년 7월 15일 17시,금요일,경상남도 창원시 진해구 풍호동,경상사고,0,0,1,0,차대차 - 측면충돌,안전운전불이행,건조,기타,교차로 - 교차로부근,승용,여,45세,상해없음,승용,여,49세,경상
2022071500100421,2022년 7월 15일 17시,금요일,경상남도 사천시 정동면,중상사고,0,1,0,0,차대차 - 기타,안전운전불이행,건조,맑음,교차로 - 교차로부근,화물,남,57세,상해없음,자전거,남,11세,중상
2022071500100422,2022년 7월 15일 17시,금요일,경상남도 사천시 선구동,경상사고,0,0,1,0,차대차 - 측면충돌,안전운전불이행,건조,맑음,단일로 - 기타,승용,여,55세,상해없음,승용,여,75세,경상
2022071500100423,2022년 7월 15일 17시,금요일,경상남도 양산시 덕계동,경상사고,0,0,2,0,차대차 - 기타,중앙선침범,건조,맑음,교차로 - 교차로부근,승용,여,33세,상해없음,화물,남,47세,경상
2022071500100424,2022년 7월 15일 17시,금요일,경상남도 산청군 산청읍,경상사고,0,0,2,0,차대차 - 측면충돌,안전운전불이행,건조,맑음,교차로 - 교차로안,승용,남,73세,상해없음,승용,남,35세,경상
2022071500100523,2022년 7월 15일 19시,금요일,경상남도 창원시 마산회원구 두척동,경상사고,0,0,1,0,차대차 - 측면충돌,안전운전불이행,건조,맑음,단일로 - 기타,승용,남,19세,상해없음,승용,남,32세,경상