사고번호,사고일시,요일,시군구,사고내용,사망자수,중상자수,경상자수,부상신고자수,사고유형,법규위반,노면상태,기상상태,도로형태,가해운전자 차종,가해운전자 성별,가해운전자 연령,가해운전자 상해정도,피해운전자 차종,피해운전자 성별,피해운전자 연령,피해운전자 상해정도
2022071500100560,2022년 7월 15일 20시,금요일,경상남도 창원시 마산합포구 서성동,경상사고,0,0,1,0,차대차 - 추돌,안전운전불이행,건조,맑음,단일로 - 기타,승용,남,64세,상해없음,승용,여,22세,경상
2022071500100561,2022년 7월 15일 20시,금요일,경상남도 창원시 마산합포구 진전면,중상사고,0,1,0,0,차대차 - 추돌,안전운전불이행,건조,맑음,단일로 - 기타,승용,남,70세,상해없음,자전거,남,53세,중상
2022071500100562,2022년 7월 15일 20시,금요일,경상남도 진주시 초전동,중상사고,0,1,0,0,차대사람 - 기타,안전운전불이행,건조,맑음,교차로 - 교차로안,승용,남,41세,상해없음,보행자,남,20세,중상
2022071500100597,2022년 7월 15일 21시,금요일,경상남도 김해시 구산동,중상사고,0,1,0,0,차대사람 - 횡단중,보행자보호의무위반,건조,맑음,단일로 - 기타,승용,여,52세,상해없음,보행자,남,29세,중상
2022071500100598,2022년 7월 15일 21시,금요일,경상남도 김해시 삼방동,경상사고,0,0,2,0,차대차 - 추돌,안전운전불이행,건조,맑음,교차로 - 교차로부근,승용,남,59세,상해없음,승용,여,29세,경상
2022071500100599,2022년 7월 15일 21시,금요일,경상남도 함양군 함양읍,사망사고,1,0,0,0,차대사람 - 길가장자리구역통행중,안전운전불이행,건조,맑음,단일로 - 기타,화물,남,58세,상해없음,보행자,남,65세,사망
2022071500100600,2022년 7월 15일 21시,금요일,경상남도 양산시 물금읍,중상사고,0,1,2,0,차대차 - 측면충돌,안전거리미확보,건조,맑음,단일로 - 기타,승용,여,40세,상해없음,승용,남,41세,경상
2022071500100601,2022년 7월 15일 21시,금요일,경상남도 김해시 대청동,중상사고,0,1,0,0,차대차 - 측면충돌,안전운전불이행,건조,맑음,교차로 - 교차로부근,화물,남,29세,상해없음,이륜,남,17세,중상
2022071500100630,2022년 7월 15일 22시,금요일,경상남도 창원시 의창구 퇴촌동,경상사고,0,0,1,0,차대차 - 정면충돌,안전운전불이행,건조,맑음,단일로 - 고가도로위,승용,남,34세,상해없음,승용,여,50세,경상
2022071500100652,2022년 7월 15일 23시,금요일,경상남도 창원시 진해구 석동,경상사고,0,0,2,0,차대차 - 측면충돌,안전운전불이행,건조,맑음,단일로 - 기타,승용,남,29세,상해없음,승용,남,33세,경상
2022071600100035,2022년 7월 16일 02시,토요일,경상남도 양산시 북정동,경상사고,0,0,1,0,차대차 - 측면충돌,교차로운행방법위반,건조,맑음,교차로 - 교차로안,화물,남,35세,상해없음,승용,남,49세,상해없음
2022071600100047,2022년 7월 16일 03시,토요일,경상남도 사천시 선구동,경상사고,0,0,4,0,차대차 - 기타,신호위반,건조,맑음,교차로 - 교차로안,승용,남,51세,상해없음,승용,남,36세,경상
2022071600100048,2022년 7월 16일 03시,토요일,경상남도 김해시 풍유동,경상사고,0,0,1,0,차대차 - 측면충돌,안전운전불이행,건조,맑음,교차로 - 교차로안,승용,남,67세,상해없음,승용,남,25세,경상
2022071600100061,2022년 7월 16일 05시,토요일,경상남도 진주시 집현면,중상사고,0,1,0,0,차대차 - 기타,중앙선침범,건조,맑음,단일로 - 기타,승용,남,64세,상해없음,승용,여,62세,중상
2022071600100109,2022년 7월 16일 09시,토요일,경상남도 창원시 진해구 여좌동,경상사고,0,0,2,0,차대차 - 기타,교차로운행방법위반,건조,맑음,교차로 - 교차로안,승용,여,51세,경상,승용,남,30세,경상
2022071600100137,2022년 7월 16일 10시,토요일,경상남도 통영시 용남면,경상사고,0,0,2,0,차대차 - 추돌,안전운전불이행,건조,맑음,단일로 - 기타,화물,남,38세,경상,승용,남,24세,상해없음
2022071600100138,2022년 7월 16일 10시,토요일,경상남도 김해시 외동,경상사고,0,0,1,0,차대차 - 추돌,신호위반,건조,맑음,교차로 - 교차로부근,승용,여,23세,상해없음,자전거,여,46세,경상
2022071600100139,2022년 7월 16일 10시,토요일,경상남도 거창군 거창읍,중상사고,0,1,0,0,차대사람 - 횡단중,보행자보호의무위반,건조,맑음,교차로 - 교차로부근,화물,남,73세,상해없음,보행자,여,87세,중상
2022071600100140,2022년 7월 16일 10시,토요일,경상남도 남해군 남해읍,경상사고,0,0,2,0,차대차 - 추돌,안전운전불이행,건조,맑음,교차로 - 교차로안,화물,남,64세,상해없음,승용,여,39세,경상
2022071600100174,2022년 7월 16일 11시,토요일,경상남도 창원시 진해구 창선동,경상사고,0,0,1,0,차대차 - 측면충돌,안전운전불이행,건조,맑음,교차로 - 교차로부근,승합,여,71세,상해없음,승용,남,58세,경상
2022071600100175,2022년 7월 16일 11시,토요일,경상남도 산청군 단성면,경상사고,0,0,1,0,차대차 - 기타,안전운전불이행,건조,맑음,단일로 - 기타,이륜,남,47세,경상,화물,남,71세,상해없음
2022071600100213,2022년 7월 16일 12시,토요일,경상남도 양산시 덕계동,경상사고,0,0,1,0,차대차 - 측면충돌,중앙선침범,건조,맑음,단일로 - 기타,승용,남,33세,상해없음,이륜,남,30세,경상
2022071600100214,2022년 7월 16일 12시,토요일,경상남도 양산시 물금읍,부상신고사고,0,0,0,1,차량단독 - 기타,기타,건조,맑음,단일로 - 기타,승합,남,52세,상해없음,,,,
2022071600100280,2022년 7월 16일 14시,토요일,경상남도 통영시 미수동,경상사고,0,0,3,0,차대차 - 측면충돌,교차로운행방법위반,건조,맑음,교차로 - 교차로안,승용,남,68세,상해없음,승용,남,29세,경상
2022071600100281,2022년 7월 16일 14시,토요일,경상남도 통영시 봉평동,중상사고,0,1,0,0,차대차 - 추돌,안전운전불이행,건조,맑음,단일로 - 기타,승용,여,57세,상해없음,승용,여,44세,중상
2022071600100318,2022년 7월 16일 15시,토요일,경상남도 통영시 태평동,경상사고,0,0,2,0,차대차 - 기타,안전운전불이행,건조,맑음,단일로 - 기타,승용,여,51세,상해없음,승용,남,23세,상해없음
2022071600100361,2022년 7월 16일 16시,토요일,경상남도 창원시 의창구 소답동,중상사고,0,1,0,0,차대차 - 기타,안전운전불이행,건조,맑음,기타 - 기타,승합,남,62세,상해없음,이륜,남,18세,중상
2022071600100394,2022년 7월 16일 17시,토요일,경상남도 밀양시 청도면,경상사고,0,0,2,0,차대차 - 측면충돌,안전운전불이행,건조,맑음,단일로 - 기타,승용,남,36세,상해없음,승용,남,23세,경상
2022071600100395,2022년 7월 16일 17시,토요일,경상남도 거제시 상동동,경상사고,0,0,4,0,차대차 - 측면충돌,신호위반,건조,맑음,교차로 - 교차로안,승용,남,65세,기타불명,승합,남,47세,경상
2022071600100454,2022년 7월 16일 19시,토요일,경상남도 창원시 진해구 석동,경상사고,0,0,1,0,차대차 - 측면충돌,직진우회전진행방해,건조,맑음,교차로 - 교차로안,승용,여,25세,상해없음,승용,여,59세,경상
2022071600100455,2022년 7월 16일 19시,토요일,경상남도 함양군 유림면,중상사고,0,2,2,0,차대차 - 측면충돌,교차로운행방법위반,건조,맑음,교차로 - 교차로안,승용,여,57세,경상,승용,여,49세,경상
2022071600100456,2022년 7월 16일 19시,토요일,경상남도 양산시 물금읍,부상신고사고,0,0,0,1,차대차 - 추돌,안전운전불이행,건조,맑음,교차로 - 교차로부근,승용,남,41세,상해없음,승용,남,55세,부상신고
2022071600100484,2022년 7월 16일 20시,토요일,경상남도 함안군 칠서면,중상사고,0,1,0,0,차대차 - 측면충돌,안전운전불이행,건조,맑음,교차로 - 교차로안,승용,여,63세,상해없음,이륜,남,59세,중상
2022071600100506,2022년 7월 16일 21시,토요일,경상남도 사천시 용현면,경상사고,0,0,2,0,차대차 - 측면충돌,안전운전불이행,건조,맑음,교차로 - 교차로안,승용,여,40세,경상,승용,여,61세,경상
2022071600100526,2022년 7월 16일 22시,토요일,경상남도 창원시 진해구 도천동,경상사고,0,0,2,0,차대차 - 측면충돌,교차로운행방법위반,건조,맑음,교차로 - 교차로안,승용,남,69세,상해없음,승용,남,57세,경상
2022071600100527,2022년 7월 16일 22시,토요일,경상남도 창원시 성산구 상남동,부상신고사고,0,0,0,1,차대사람 - 차도통행중,안전운전불이행,건조,맑음,단일로 - 기타,승용,남,74세,상해없음,보행자,남,38세,부상신고
2022071600100546,2022년 7월 16일 23시,토요일,경상남도 창원시 마산합포구 중성동,경상사고,0,0,1,0,차대차 - 추돌,안전운전불이행,건조,맑음,교차로 - 교차로부근,승용,여,42세,상해없음,승용,남,29세,경상
2022071700100018,2022년 7월 17일 01시,일요일,경상남도 창원시 의창구 북면,경상사고,0,0,1,0,차대사람 - 차도통행중,안전운전불이행,건조,맑음,교차로 - 교차로안,승용,남,77세,상해없음,보행자,여,19세,상해없음
2022071700100052,2022년 7월 17일 04시,일요일,경상남도 김해시 어방동,경상사고,0,0,1,0,차대차 - 기타,신호위반,건조,맑음,교차로 - 교차로안,승용,남,49세,상해없음,이륜,남,24세,상해없음
2022071700100090,2022년 7월 17일 09시,일요일,경상남도 김해시 진영읍,중상사고,0,1,0,0,차대차 - 측면충돌,안전운전불이행,건조,맑음,교차로 - 교차로안,승용,남,68세,상해없음,이륜,남,83세,중상
2022071700100128,2022년 7월 17일 11시,일요일,경상남도 밀양시 단장면,경상사고,0,0,2,0,차대차 - 추돌,안전운전불이행,건조,맑음,단일로 - 교량,승용,여,22세,상해없음,승용,남,66세,경상
2022071700100157,2022년 7월 17일 12시,일요일,경상남도 창녕군 남지읍,중상사고,0,1,1,0,차대차 - 측면충돌,안전운전불이행,건조,맑음,교차로 - 교차로안,이륜,남,42세,상해없음,승용,여,45세,중상
2022071700100189,2022년 7월 17일 13시,일요일,경상남도 거제시 상동동,경상사고,0,0,1,0,차대차 - 정면충돌,안전운전불이행,건조,맑음,단일로 - 기타,승용,여,45세,상해없음,이륜,남,24세,경상
2022071700100214,2022년 7월 17일 14시,일요일,경상남도 사천시 대방동,경상사고,0,0,2,0,차대차 - 기타,중앙선침범,건조,맑음,교차로 - 교차로부근,승용,여,72세,상해없음,승용,남,68세,경상
2022071700100215,2022년 7월 17일 14시,일요일,경상남도 고성군 고성읍,경상사고,0,0,3,0,차대차 - 기타,중앙선침범,건조,맑음,단일로 - 기타,승용,남,47세,상해없음,승용,남,45세,경상
2022071700100242,2022년 7월 17일 15시,일요일,경상남도 함안군 군북면,경상사고,0,0,3,2,차대차 - 추돌,안전운전불이행,건조,맑음,단일로 - 기타,승용,남,21세,상해없음,승합,남,58세,경상
2022071700100271,2022년 7월 17일 16시,일요일,경상남도 진주시 문산읍,중상사고,0,1,0,0,차대차 - 기타,중앙선침범,건조,맑음,교차로 - 교차로부근,이륜,남,46세,상해없음,승합,남,55세,상해없음
2022071700100272,2022년 7월 17일 16시,일요일,경상남도 양산시 하북면,경상사고,0,0,1,0,차대차 - 측면충돌,안전운전불이행,건조,맑음,교차로 - 교차로안,승용,남,23세,상해없음,승용,남,31세,경상
2022071700100273,2022년 7월 17일 16시,일요일,경상남도 거제시 덕포동,중상사고,0,1,0,0,차대사람 - 횡단중,보행자보호의무위반,건조,맑음,교차로 - 교차로부근,화물,남,50세,상해없음,보행자,남,6세,중상
2022071700100336,2022년 7월 17일 18시,일요일,경상남도 산청군 시천면,경상사고,0,0,4,0,차대차 - 정면충돌,신호위반,건조,맑음,교차로 - 교차로안,승용,여,71세,경상,승용,여,54세,경상
2022071700100338,2022년 7월 17일 18시,일요일,경상남도 창원시 마산회원구 회성동,경상사고,0,0,2,0,차대차 - 기타,안전운전불이행,기타,맑음,교차로 - 교차로부근,승용,남,60세,상해없음,승합,남,44세,경상
2022071700100390,2022년 7월 17일 20시,일요일,경상남도 창원시 마산합포구 월영동,중상사고,0,1,1,0,차대차 - 기타,안전운전불이행,건조,맑음,단일로 - 지하차도(도로)내,승합,남,27세,상해없음,이륜,여,19세,중상
2022071700100391,2022년 7월 17일 20시,일요일,경상남도 진주시 수정동,중상사고,0,1,0,0,차대사람 - 횡단중,보행자보호의무위반,건조,맑음,교차로 - 교차로횡단보도내,승용,남,62세,상해없음,보행자,여,48세,중상
2022071700100392,2022년 7월 17일 20시,일요일,경상남도 사천시 용현면,경상사고,0,0,2,0,차대차 - 측면충돌,안전운전불이행,건조,맑음,단일로 - 기타,승용,남,30세,상해없음,이륜,남,82세,경상
2022071700100419,2022년 7월 17일 21시,일요일,경상남도 창원시 진해구 용원동,중상사고,0,1,0,0,차대차 - 추돌,안전운전불이행,건조,맑음,단일로 - 기타,승용,여,28세,중상,건설기계,남,55세,기타불명
2022071700100420,2022년 7월 17일 21시,일요일,경상남도 김해시 외동,중상사고,0,1,0,0,차대차 - 추돌,신호위반,건조,맑음,교차로 - 교차로부근,이륜,남,32세,상해없음,승용,남,31세,중상
2022071700100444,2022년 7월 17일 23시,일요일,경상남도 진주시 상봉동,중상사고,0,1,0,0,차대사람 - 횡단중,보행자보호의무위반,건조,맑음,교차로 - 교차로횡단보도내,승용,남,57세,상해없음,보행자,남,21세,중상
2022071700100445,2022년 7월 17일 23시,일요일,경상남도 하동군 진교면,경상사고,0,0,1,0,차대사람 - 횡단중,안전운전불이행,젖음/습기,비,교차로 - 교차로안,승용,남,43세,기타불명,보행자,여,48세,경상
2022071800100020,2022년 7월 18일 02시,월요일,경상남도 김해시 율하동,부상신고사고,0,0,0,1,차량단독 - 공작물충돌,안전운전불이행,건조,맑음,교차로 - 교차로부근,승용,남,30세,부상신고,,,,
2022071800100073,2022년 7월 18일 07시,월요일,경상남도 밀양시 초동면,경상사고,0,0,2,0,차량단독 - 공작물충돌,안전운전불이행,젖음/습기,비,단일로 - 기타,승용,여,66세,경상,,,,
2022071800100106,2022년 7월 18일 08시,월요일,경상남도 창원시 마산합포구 완월동,경상사고,0,0,1,0,차대사람 - 횡단중,보행자보호의무위반,젖음/습기,비,교차로 - 교차로횡단보도내,승용,여,47세,상해없음,보행자,여,60세,경상
2022071800100107,2022년 7월 18일 08시,월요일,경상남도 창원시 진해구 남문동,중상사고,0,1,0,1,차대차 - 추돌,안전운전불이행,젖음/습기,비,단일로 - 기타,특수,남,62세,부상신고,화물,남,48세,중상
2022071800100143,2022년 7월 18일 09시,월요일,경상남도 창녕군 부곡면,중상사고,0,1,0,0,차대차 - 측면충돌,신호위반,젖음/습기,비,교차로 - 교차로부근,화물,남,67세,상해없음,승용,남,45세,중상
2022071800100164,2022년 7월 18일 10시,월요일,경상남도 김해시 대동면,경상사고,0,0,1,0,차대차 - 추돌,안전운전불이행,젖음/습기,비,단일로 - 기타,화물,남,69세,상해없음,화물,남,79세,경상
2022071800100180,2022년 7월 18일 10시,월요일,경상남도 창원시 마산합포구 가포동,경상사고,0,0,1,0,차대차 - 측면충돌,안전운전불이행,젖음/습기,비,교차로 - 교차로안,승용,남,76세,상해없음,승용,여,29세,경상
2022071800100181,2022년 7월 18일 10시,월요일,경상남도 밀양시 산외면,중상사고,0,2,0,0,차대차 - 측면충돌,교차로운행방법위반,젖음/습기,비,교차로 - 교차로안,승용,남,55세,상해없음,승용,여,74세,중상
2022071800100213,2022년 7월 18일 11시,월요일,경상남도 양산시 원동면,중상사고,0,2,0,0,차대차 - 측면충돌,중앙선침범,젖음/습기,비,단일로 - 기타,승용,여,54세,상해없음,화물,남,65세,중상
2022071800100214,2022년 7월 18일 11시,월요일,경상남도 거제시 양정동,경상사고,0,0,1,0,차대차 - 측면충돌,안전운전불이행,젖음/습기,비,기타 - 기타,승용,남,67세,상해없음,이륜,남,36세,경상
2022071800100245,2022년 7월 18일 12시,월요일,경상남도 창원시 진해구 용원동,중상사고,0,1,0,0,차대차 - 기타,안전운전불이행,젖음/습기,비,교차로 - 교차로안,화물,남,70세,상해없음,이륜,남,25세,중상
2022071800100246,2022년 7월 18일 12시,월요일,경상남도 김해시 주촌면,경상사고,0,0,2,0,차대차 - 측면충돌,안전운전불이행,건조,맑음,단일로 - 기타,화물,남,50세,상해없음,승용,남,25세,경상
2022071800100283,2022년 7월 18일 13시,월요일,경상남도 창원시 의창구 팔용동,경상사고,0,0,1,0,차대사람 - 횡단중,보행자보호의무위반,건조,맑음,교차로 - 교차로횡단보도내,승용,여,53세,상해없음,보행자,여,21세,경상
2022071800100347,2022년 7월 18일 15시,월요일,경상남도 창원시 진해구 태백동,중상사고,0,1,7,0,차대차 - 기타,신호위반,젖음/습기,비,교차로 - 교차로안,승용,여,50세,경상,승용,남,65세,경상
2022071800100381,2022년 7월 18일 16시,월요일,경상남도 거제시 양정동,경상사고,0,0,1,0,차대차 - 기타,안전운전불이행,건조,맑음,단일로 - 기타,승용,여,49세,경상,화물,남,61세,기타불명
2022071800100415,2022년 7월 18일 17시,월요일,경상남도 합천군 합천읍,중상사고,0,1,0,0,차대사람 - 차도통행중,안전운전불이행,건조,맑음,단일로 - 기타,화물,남,56세,상해없음,보행자,여,72세,중상
2022071800100416,2022년 7월 18일 17시,월요일,경상남도 창원시 의창구 서상동,중상사고,0,1,0,0,차대사람 - 횡단중,보행자보호의무위반,젖음/습기,맑음,교차로 - 교차로안,승용,남,49세,상해없음,보행자,여,56세,중상
2022071800100459,2022년 7월 18일 18시,월요일,경상남도 양산시 신기동,중상사고,0,1,0,0,차대차 - 측면충돌,안전운전불이행,젖음/습기,비,교차로 - 교차로안,승용,남,26세,상해없음,이륜,남,45세,중상
2022071800100460,2022년 7월 18일 18시,월요일,경상남도 함안군 군북면,중상사고,0,1,0,0,차대차 - 정면충돌,중앙선침범,젖음/습기,비,단일로 - 기타,화물,남,27세,상해없음,이륜,남,39세,중상
2022071800100491,2022년 7월 18일 19시,월요일,경상남도 함안군 산인면,중상사고,0,1,0,0,차량단독 - 공작물충돌,안전운전불이행,젖음/습기,비,단일로 - 기타,승용,여,48세,중상,,,,
2022071800100522,2022년 7월 18일 20시,월요일,경상남도 창원시 진해구 이동,경상사고,0,0,1,0,차량단독 - 공작물충돌,안전운전불이행,건조,맑음,단일로 - 기타,화물,남,80세,경상,,,,
2022071800100551,2022년 7월 18일 21시,월요일,경상남도 창원시 마산회원구 양덕동,중상사고,0,1,1,0,차대차 - 측면충돌,신호위반,젖음/습기,비,교차로 - 교차로안,승용,남,61세,상해없음,승용,남,63세,경상
2022071800100552,2022년 7월 18일 21시,월요일,경상남도 창원시 의창구 팔용동,중상사고,0,1,0,0,차대차 - 기타,안전운전불이행,젖음/습기,비,교차로 - 교차로부근,승용,남,49세,상해없음,이륜,남,36세,중상
2022071800100553,2022년 7월 18일 21시,월요일,경상남도 김해시 화목동,중상사고,0,1,0,0,차대차 - 측면충돌,안전운전불이행,건조,맑음,단일로 - 기타,건설기계,남,44세,상해없음,화물,남,40세,중상
2022071800100574,2022년 7월 18일 22시,월요일,경상남도 고성군 고성읍,경상사고,0,0,1,0,차대차 - 측면충돌,기타,젖음/습기,비,교차로 - 교차로부근,이륜,남,29세,경상,승용,여,52세,상해없음
2022071800100575,2022년 7월 18일 22시,월요일,경상남도 김해시 율하동,중상사고,0,1,0,0,차대사람 - 횡단중,신호위반,젖음/습기,비,단일로 - 기타,이륜,남,21세,상해없음,보행자,남,28세,중상
2022071800100576,2022년 7월 18일 22시,월요일,경상남도 김해시 내덕동,경상사고,0,0,1,0,차대차 - 추돌,안전운전불이행,젖음/습기,비,단일로 - 기타,승용,남,39세,상해없음,승용,여,49세,경상
2022071800100593,2022년 7월 18일 23시,월요일,경상남도 김해시 어방동,경상사고,0,0,2,0,차대차 - 측면충돌,신호위반,젖음/습기,비,교차로 - 교차로안,승용,남,57세,상해없음,승용,남,57세,경상
2022071900100068,2022년 7월 19일 07시,화요일,경상남도 합천군 합천읍,중상사고,0,1,0,0,차대차 - 측면충돌,안전운전불이행,건조,맑음,교차로 - 교차로안,승용,여,52세,상해없음,기타불명,남,88세,중상
2022071900100069,2022년 7월 19일 07시,화요일,경상남도 거제시 고현동,중상사고,0,1,0,0,차대사람 - 기타,안전운전불이행,건조,맑음,교차로 - 교차로안,승용,남,40세,상해없음,보행자,여,63세,중상
2022071900100107,2022년 7월 19일 08시,화요일,경상남도 창원시 마산합포구 월남동2가,경상사고,0,0,1,0,차대차 - 기타,안전거리미확보,건조,맑음,단일로 - 기타,승용,남,29세,상해없음,승용,여,32세,경상
2022071900100108,2022년 7월 19일 08시,화요일,경상남도 창원시 진해구 이동,경상사고,0,0,1,0,차대차 - 측면충돌,직진우회전진행방해,건조,맑음,교차로 - 교차로안,승용,남,27세,상해없음,이륜,남,53세,경상
2022071900100109,2022년 7월 19일 08시,화요일,경상남도 통영시 무전동,경상사고,0,0,1,0,차대차 - 측면충돌,안전운전불이행,건조,맑음,교차로 - 교차로부근,승용,여,67세,경상,승용,여,43세,상해없음
2022071900100110,2022년 7월 19일 08시,화요일,경상남도 양산시 매곡동,경상사고,0,0,1,0,차대차 - 측면충돌,중앙선침범,건조,맑음,단일로 - 기타,승용,여,49세,상해없음,승용,여,32세,경상
2022071900100135,2022년 7월 19일 09시,화요일,경상남도 진주시 미천면,경상사고,0,0,1,0,차대차 - 측면충돌,안전운전불이행,건조,맑음,단일로 - 기타,승합,남,58세,상해없음,이륜,남,82세,경상
2022071900100136,2022년 7월 19일 09시,화요일,경상남도 양산시 물금읍,중상사고,0,1,0,0,차대사람 - 기타,안전운전불이행,건조,맑음,교차로 - 교차로안,화물,남,67세,상해없음,보행자,여,83세,중상
2022071900100224,2022년 7월 19일 12시,화요일,경상남도 창원시 마산회원구 회성동,경상사고,0,0,2,0,차대차 - 측면충돌,안전운전불이행,건조,맑음,교차로 - 교차로부근,승용,여,39세,경상,승용,여,63세,경상
2022071900100256,2022년 7월 19일 13시,화요일,경상남도 밀양시 내일동,경상사고,0,0,1,0,차대차 - 측면충돌,안전운전불이행,건조,맑음,교차로 - 교차로안,승용,여,64세,상해없음,승용,여,46세,경상
2022071900100257,2022년 7월 19일 13시,화요일,경상남도 김해시 구산동,중상사고,0,1,0,0,차대차 - 측면충돌,안전운전불이행,건조,맑음,교차로 - 교차로부근,자전거,남,67세,중상,승용,남,52세,상해없음
2022071900100286,2022년 7월 19일 14시,화요일,경상남도 진주시 하대동,경상사고,0,0,1,0,차대차 - 정면충돌,안전운전불이행,건조,맑음,교차로 - 교차로안,승용,남,32세,상해없음,승용,여,37세,경상
2022071900100287,2022년 7월 19일 14시,화요일,경상남도 진주시 상봉동,중상사고,0,1,0,0,차대사람 - 차도통행중,안전운전불이행,건조,맑음,단일로 - 기타,이륜,남,78세,상해없음,보행자,여,72세,중상
2022071900100353,2022년 7월 19일 16시,화요일,경상남도 김해시 대성동,경상사고,0,0,1,0,차대차 - 측면충돌,신호위반,건조,맑음,교차로 - 교차로안,승용,남,75세,상해없음,승용,여,59세,경상
2022071900100354,2022년 7월 19일 16시,화요일,경상남도 양산시 동면,경상사고,0,0,1,0,차대차 - 추돌,안전운전불이행,건조,맑음,단일로 - 기타,이륜,남,20세,상해없음,화물,남,46세,경상
2022071900100396,2022년 7월 19일 17시,화요일,경상남도 통영시 도산면,경상사고,0,0,1,0,차대차 - 기타,신호위반,건조,맑음,교차로 - 교차로안,화물,남,59세,기타불명,화물,남,32세,경상
2022071900100397,2022년 7월 19일 17시,화요일,경상남도 통영시 중앙동,경상사고,0,0,1,0,차대사람 - 기타,안전운전불이행,건조,맑음,단일로 - 기타,승용,여,59세,상해없음,보행자,여,64세,경상
2022071900100398,2022년 7월 19일 17시,화요일,경상남도 사천시 벌리동,중상사고,0,1,1,0,차대차 - 측면충돌,교차로운행방법위반,건조,맑음,교차로 - 교차로안,개인형이동수단(PM),남,17세,경상,이륜,남,54세,중상
2022071900100399,2022년 7월 19일 17시,화요일,경상남도 양산시 명곡동,경상사고,0,0,1,0,차대차 - 정면충돌,안전운전불이행,건조,맑음,단일로 - 기타,승용,여,57세,상해없음,승용,남,53세,경상
2022071900100441,2022년 7월 19일 18시,화요일,경상남도 진주시 신안동,중상사고,0,1,0,0,차대차 - 기타,안전운전불이행,건조,맑음,교차로 - 교차로부근,화물,남,47세,기타불명,이륜,남,30세,중상
2022071900100442,2022년 7월 19일 18시,화요일,경상남도 밀양시 가곡동,중상사고,0,1,0,0,차대차 - 측면충돌,안전운전불이행,건조,맑음,교차로 - 교차로안,승용,남,34세,상해없음,이륜,남,55세,중상
2022071900100443,2022년 7월 19일 18시,화요일,경상남도 거제시 수월동,경상사고,0,0,1,0,차대사람 - 차도통행중,기타,건조,맑음,단일로 - 기타,승용,여,59세,상해없음,보행자,남,20세,경상
2022071900100444,2022년 7월 19일 18시,화요일,경상남도 의령군 의령읍,경상사고,0,0,1,0,차대차 - 기타,안전운전불이행,건조,맑음,교차로 - 교차로안,자전거,남,11세,경상,승용,남,38세,상해없음
2022071900100471,2022년 7월 19일 19시,화요일,경상남도 통영시 북신동,경상사고,0,0,1,0,차대차 - 측면충돌,직진우회전진행방해,건조,맑음,교차로 - 교차로부근,승용,남,48세,상해없음,승용,남,38세,경상
2022071900100472,2022년 7월 19일 19시,화요일,경상남도 함양군 함양읍,경상사고,0,0,1,0,차대사람 - 기타,안전운전불이행,건조,맑음,단일로 - 기타,화물,남,37세,상해없음,보행자,남,65세,경상
2022071900100503,2022년 7월 19일 20시,화요일,경상남도 진주시 진성면,중상사고,0,1,0,0,차대사람 - 기타,안전운전불이행,건조,맑음,단일로 - 기타,이륜,남,59세,상해없음,보행자,남,77세,중상
2022071900100504,2022년 7월 19일 20시,화요일,경상남도 김해시 외동,경상사고,0,0,1,0,차대차 - 기타,안전운전불이행,건조,맑음,기타 - 기타,이륜,남,21세,경상,승용,남,22세,상해없음
2022071900100536,2022년 7월 19일 21시,화요일,경상남도 양산시 물금읍,경상사고,0,0,4,0,차대차 - 측면충돌,안전거리미확보,건조,맑음,단일로 - 기타,승용,남,66세,상해없음,승용,남,30세,경상
2022071900100558,2022년 7월 19일 22시,화요일,경상남도 양산시 동면,경상사고,0,0,2,0,차대사람 - 기타,보행자보호의무위반,건조,맑음,교차로 - 교차로횡단보도내,승용,남,40세,상해없음,보행자,남,40세,경상
2022071900100559,2022년 7월 19일 22시,화요일,경상남도 함안군 가야읍,중상사고,0,1,1,0,차대차 - 기타,직진우회전진행방해,건조,맑음,교차로 - 교차로안,승용,여,49세,상해없음,승용,남,23세,경상
2022071900100577,2022년 7월 19일 23시,화요일,경상남도 김해시 어방동,중상사고,0,1,0,0,차대사람 - 기타,안전운전불이행,건조,흐림,기타 - 기타,이륜,남,19세,상해없음,보행자,여,74세,중상
2022072000100014,2022년 7월 20일 00시,수요일,경상남도 창원시 성산구 상남동,부상신고사고,0,0,0,1,차대사람 - 차도통행중,안전운전불이행,건조,맑음,단일로 - 기타,화물,남,57세,상해없음,보행자,남,39세,부상신고
2022072000100025,2022년 7월 20일 01시,수요일,경상남도 거제시 장평동,중상사고,0,1,1,0,차대차 - 기타,안전운전불이행,건조,맑음,단일로 - 기타,승용,남,27세,경상,승용,남,18세,중상
2022072000100050,2022년 7월 20일 06시,수요일,경상남도 사천시 사남면,경상사고,0,0,1,0,차대차 - 측면충돌,신호위반,건조,맑음,교차로 - 교차로안,승용,남,31세,상해없음,화물,남,66세,경상
2022072000100066,2022년 7월 20일 07시,수요일,경상남도 거제시 연초면,경상사고,0,0,1,0,차대차 - 측면충돌,안전운전불이행,건조,맑음,단일로 - 기타,이륜,남,46세,상해없음,이륜,남,57세,경상