사고번호,사고일시,요일,시군구,사고내용,사망자수,중상자수,경상자수,부상신고자수,사고유형,법규위반,노면상태,기상상태,도로형태,가해운전자 차종,가해운전자 성별,가해운전자 연령,가해운전자 상해정도,피해운전자 차종,피해운전자 성별,피해운전자 연령,피해운전자 상해정도
2022072400100267,2022년 7월 24일 17시,일요일,경상남도 김해시 안동,경상사고,0,0,1,0,차대차 - 추돌,안전운전불이행,건조,맑음,교차로 - 교차로부근,화물,남,65세,상해없음,승용,남,61세,경상
2022072400100268,2022년 7월 24일 17시,일요일,경상남도 거창군 가조면,경상사고,0,0,2,0,차대차 - 측면충돌,교차로운행방법위반,건조,맑음,교차로 - 교차로안,승용,남,75세,상해없음,승용,남,67세,상해없음
2022072400100269,2022년 7월 24일 17시,일요일,경상남도 함안군 가야읍,경상사고,0,0,1,0,차대차 - 측면충돌,신호위반,건조,맑음,교차로 - 교차로안,원동기,남,70세,경상,승용,남,61세,상해없음
2022072400100315,2022년 7월 24일 19시,일요일,경상남도 창원시 진해구 용원동,사망사고,1,0,0,0,차대차 - 정면충돌,신호위반,건조,맑음,교차로 - 교차로부근,승용,여,37세,상해없음,이륜,남,49세,사망
2022072400100316,2022년 7월 24일 19시,일요일,경상남도 사천시 정동면,경상사고,0,0,1,0,차대사람 - 횡단중,안전운전불이행,건조,맑음,교차로 - 교차로부근,승용,남,76세,상해없음,보행자,여,30세,경상
2022072400100317,2022년 7월 24일 19시,일요일,경상남도 양산시 중부동,경상사고,0,0,1,0,차대차 - 측면충돌,안전거리미확보,건조,맑음,교차로 - 교차로안,승용,남,46세,상해없음,승용,남,29세,경상
2022072400100318,2022년 7월 24일 19시,일요일,경상남도 김해시 대청동,경상사고,0,0,1,0,차대사람 - 횡단중,신호위반,건조,맑음,교차로 - 교차로횡단보도내,승용,남,75세,상해없음,보행자,여,21세,경상
2022072400100378,2022년 7월 24일 21시,일요일,경상남도 김해시 내동,중상사고,0,1,0,0,차대사람 - 기타,안전운전불이행,건조,맑음,기타 - 기타,승용,남,67세,상해없음,보행자,남,31세,중상
2022072500100016,2022년 7월 25일 02시,월요일,경상남도 창원시 마산합포구 신포동2가,중상사고,0,1,0,0,차량단독 - 공작물충돌,안전운전불이행,건조,맑음,단일로 - 기타,이륜,남,22세,중상,,,,
2022072500100033,2022년 7월 25일 05시,월요일,경상남도 김해시 구산동,경상사고,0,0,1,0,차량단독 - 공작물충돌,안전운전불이행,건조,맑음,기타 - 기타,승용,남,51세,경상,,,,
2022072500100042,2022년 7월 25일 06시,월요일,경상남도 거창군 거창읍,경상사고,0,0,1,0,차대차 - 측면충돌,안전운전불이행,건조,맑음,단일로 - 기타,이륜,남,16세,경상,승용,여,37세,상해없음
2022072500100062,2022년 7월 25일 07시,월요일,경상남도 사천시 노룡동,경상사고,0,0,1,0,차대차 - 추돌,안전운전불이행,건조,맑음,교차로 - 교차로부근,화물,여,52세,상해없음,승용,여,53세,경상
2022072500100063,2022년 7월 25일 07시,월요일,경상남도 김해시 외동,경상사고,0,0,1,0,차대차 - 후진중충돌,안전운전불이행,건조,맑음,교차로 - 교차로안,승용,남,34세,상해없음,승용,남,46세,경상
2022072500100064,2022년 7월 25일 07시,월요일,경상남도 함안군 칠원읍,중상사고,0,1,0,0,차대차 - 기타,교차로운행방법위반,건조,맑음,교차로 - 교차로안,승용,여,36세,상해없음,자전거,남,72세,중상
2022072500100101,2022년 7월 25일 08시,월요일,경상남도 밀양시 삼문동,경상사고,0,0,1,0,차대차 - 측면충돌,안전운전불이행,건조,흐림,교차로 - 교차로안,승용,여,33세,상해없음,승용,여,23세,경상
2022072500100102,2022년 7월 25일 08시,월요일,경상남도 합천군 쌍책면,중상사고,0,1,2,0,차대차 - 추돌,안전운전불이행,건조,맑음,교차로 - 교차로부근,화물,남,66세,경상,화물,남,56세,중상
2022072500100143,2022년 7월 25일 09시,월요일,경상남도 양산시 물금읍,경상사고,0,0,1,0,차대차 - 측면충돌,중앙선침범,건조,맑음,단일로 - 기타,화물,남,44세,상해없음,건설기계,남,34세,경상
2022072500100144,2022년 7월 25일 09시,월요일,경상남도 창원시 성산구 상남동,부상신고사고,0,0,0,1,차대사람 - 기타,안전운전불이행,건조,맑음,교차로 - 교차로부근,자전거,남,49세,상해없음,보행자,여,61세,부상신고
2022072500100176,2022년 7월 25일 10시,월요일,경상남도 사천시 용현면,경상사고,0,0,2,0,차대차 - 측면충돌,안전운전불이행,건조,맑음,교차로 - 교차로안,승용,남,75세,경상,승합,남,67세,경상
2022072500100177,2022년 7월 25일 10시,월요일,경상남도 함안군 가야읍,중상사고,0,1,0,0,차대사람 - 보도통행중,보행자보호의무위반,건조,맑음,단일로 - 기타,화물,남,84세,상해없음,보행자,여,81세,중상
2022072500100178,2022년 7월 25일 10시,월요일,경상남도 창원시 의창구 서상동,경상사고,0,0,1,0,차대차 - 추돌,안전운전불이행,건조,맑음,교차로 - 교차로부근,특수,남,46세,상해없음,승용,여,51세,경상
2022072500100179,2022년 7월 25일 10시,월요일,경상남도 김해시 율하동,경상사고,0,0,1,0,차대차 - 측면충돌,안전운전불이행,건조,맑음,교차로 - 교차로횡단보도내,자전거,남,79세,경상,승용,남,56세,상해없음
2022072500100219,2022년 7월 25일 11시,월요일,경상남도 통영시 무전동,경상사고,0,0,1,0,차대차 - 측면충돌,차로위반,건조,맑음,단일로 - 기타,승용,여,57세,상해없음,승용,여,50세,경상
2022072500100220,2022년 7월 25일 11시,월요일,경상남도 양산시 평산동,경상사고,0,0,1,0,차대차 - 정면충돌,신호위반,건조,흐림,교차로 - 교차로횡단보도내,이륜,남,30세,상해없음,이륜,남,54세,경상
2022072500100259,2022년 7월 25일 12시,월요일,경상남도 창원시 성산구 중앙동,부상신고사고,0,0,0,1,차대사람 - 기타,안전운전불이행,건조,맑음,단일로 - 기타,승용,남,55세,상해없음,보행자,남,54세,부상신고
2022072500100308,2022년 7월 25일 14시,월요일,경상남도 김해시 삼계동,경상사고,0,0,1,0,차대차 - 측면충돌,교차로운행방법위반,건조,맑음,교차로 - 교차로부근,건설기계,남,50세,상해없음,승용,여,34세,경상
2022072500100309,2022년 7월 25일 14시,월요일,경상남도 하동군 진교면,중상사고,0,2,0,0,차대차 - 측면충돌,안전운전불이행,건조,맑음,교차로 - 교차로안,승용,남,28세,상해없음,승용,남,67세,상해없음
2022072500100352,2022년 7월 25일 15시,월요일,경상남도 거제시 고현동,경상사고,0,0,1,0,차대차 - 기타,안전운전불이행,건조,맑음,교차로 - 교차로안,승용,남,49세,상해없음,승용,여,29세,경상
2022072500100436,2022년 7월 25일 17시,월요일,경상남도 진주시 상대동,중상사고,0,1,0,0,차대차 - 기타,안전운전불이행,건조,맑음,단일로 - 기타,승용,여,59세,상해없음,자전거,남,77세,중상
2022072500100484,2022년 7월 25일 18시,월요일,경상남도 남해군 남해읍,부상신고사고,0,0,0,1,차대사람 - 차도통행중,안전운전불이행,건조,맑음,단일로 - 기타,승용,남,35세,기타불명,보행자,남,64세,부상신고
2022072500100517,2022년 7월 25일 19시,월요일,경상남도 양산시 물금읍,중상사고,0,1,0,0,차대차 - 측면충돌,신호위반,건조,맑음,교차로 - 교차로안,승용,남,39세,상해없음,이륜,남,37세,중상
2022072500100547,2022년 7월 25일 20시,월요일,경상남도 거제시 양정동,경상사고,0,0,1,0,차대사람 - 기타,기타,건조,맑음,단일로 - 기타,승용,여,20세,상해없음,보행자,여,38세,경상
2022072500100572,2022년 7월 25일 21시,월요일,경상남도 창원시 의창구 도계동,경상사고,0,0,1,0,차대차 - 정면충돌,안전운전불이행,건조,맑음,교차로 - 교차로부근,승용,여,55세,상해없음,자전거,남,69세,경상
2022072600100034,2022년 7월 26일 04시,화요일,경상남도 양산시 물금읍,중상사고,0,1,0,0,차대사람 - 기타,안전운전불이행,건조,맑음,단일로 - 기타,승용,남,59세,상해없음,보행자,남,72세,중상
2022072600100170,2022년 7월 26일 10시,화요일,경상남도 남해군 남해읍,경상사고,0,0,3,0,차대차 - 추돌,안전운전불이행,건조,맑음,교차로 - 교차로부근,승용,여,56세,상해없음,승용,남,43세,경상
2022072600100220,2022년 7월 26일 11시,화요일,경상남도 김해시 대동면,부상신고사고,0,0,0,1,차량단독 - 전도전복 - 전도,안전운전불이행,건조,맑음,단일로 - 기타,이륜,남,73세,부상신고,,,,
2022072600100280,2022년 7월 26일 13시,화요일,경상남도 창원시 진해구 여좌동,중상사고,0,1,0,0,차대사람 - 기타,안전운전불이행,건조,맑음,단일로 - 기타,승용,남,56세,상해없음,보행자,여,83세,중상
2022072600100282,2022년 7월 26일 13시,화요일,경상남도 창녕군 영산면,중상사고,0,1,0,0,차대차 - 추돌,안전운전불이행,건조,맑음,단일로 - 기타,화물,남,34세,상해없음,이륜,남,59세,중상
2022072600100284,2022년 7월 26일 13시,화요일,경상남도 하동군 진교면,중상사고,0,1,0,0,차대차 - 측면충돌,안전운전불이행,건조,맑음,단일로 - 기타,화물,여,69세,상해없음,화물,남,33세,중상
2022072600100330,2022년 7월 26일 14시,화요일,경상남도 창원시 의창구 봉곡동,경상사고,0,0,1,0,차대차 - 측면충돌,안전운전불이행,건조,맑음,교차로 - 교차로안,승용,여,63세,상해없음,승용,여,52세,경상
2022072600100375,2022년 7월 26일 15시,화요일,경상남도 창원시 진해구 경화동,경상사고,0,0,1,0,차대차 - 후진중충돌,안전운전불이행,건조,맑음,단일로 - 기타,승용,여,61세,상해없음,승용,남,31세,경상
2022072600100415,2022년 7월 26일 16시,화요일,경상남도 통영시 광도면,경상사고,0,0,1,0,차대차 - 기타,신호위반,건조,맑음,단일로 - 기타,승용,여,54세,상해없음,승용,남,46세,경상
2022072600100416,2022년 7월 26일 16시,화요일,경상남도 합천군 용주면,중상사고,0,1,1,0,차대차 - 측면충돌,안전운전불이행,건조,맑음,단일로 - 기타,승용,남,67세,경상,이륜,남,38세,중상
2022072600100456,2022년 7월 26일 17시,화요일,경상남도 창원시 의창구 팔용동,중상사고,0,2,1,0,차대차 - 기타,교차로운행방법위반,건조,맑음,기타 - 기타,기타불명,남,18세,경상,승용,여,64세,중상
2022072600100493,2022년 7월 26일 18시,화요일,경상남도 통영시 무전동,경상사고,0,0,1,0,차대사람 - 기타,안전운전불이행,건조,맑음,교차로 - 교차로부근,화물,남,65세,상해없음,보행자,여,62세,경상
2022072600100494,2022년 7월 26일 18시,화요일,경상남도 밀양시 상동면,중상사고,0,1,0,0,차대차 - 측면충돌,기타,건조,맑음,교차로 - 교차로안,화물,남,64세,상해없음,승용,여,67세,중상
2022072600100578,2022년 7월 26일 21시,화요일,경상남도 창녕군 창녕읍,경상사고,0,0,2,0,차대차 - 측면충돌,안전운전불이행,건조,맑음,기타 - 기타,화물,남,57세,상해없음,승용,여,52세,경상
2022072700100028,2022년 7월 27일 03시,수요일,경상남도 양산시 남부동,중상사고,0,1,0,0,차량단독 - 공작물충돌,안전운전불이행,건조,맑음,단일로 - 기타,이륜,남,30세,중상,,,,
2022072700100038,2022년 7월 27일 06시,수요일,경상남도 양산시 유산동,부상신고사고,0,0,0,1,차대차 - 측면충돌,안전운전불이행,건조,맑음,단일로 - 기타,승용,남,43세,상해없음,원동기,남,48세,부상신고
2022072700100050,2022년 7월 27일 07시,수요일,경상남도 창원시 진해구 남양동,경상사고,0,0,1,0,차대차 - 기타,안전운전불이행,건조,맑음,교차로 - 교차로안,승용,남,31세,상해없음,승용,여,55세,경상
2022072700100086,2022년 7월 27일 08시,수요일,경상남도 양산시 평산동,경상사고,0,0,1,0,차대차 - 기타,기타,건조,맑음,기타 - 기타,화물,남,61세,상해없음,승용,남,38세,경상
2022072700100087,2022년 7월 27일 08시,수요일,경상남도 김해시 대청동,중상사고,0,1,0,0,차대차 - 추돌,안전운전불이행,건조,맑음,단일로 - 고가도로위,승용,남,28세,중상,화물,남,63세,상해없음
2022072700100162,2022년 7월 27일 10시,수요일,경상남도 창녕군 도천면,중상사고,0,1,0,0,차대차 - 측면충돌,중앙선침범,건조,맑음,교차로 - 교차로부근,승용,남,62세,상해없음,이륜,남,42세,중상
2022072700100188,2022년 7월 27일 11시,수요일,경상남도 고성군 하이면,중상사고,0,1,0,0,차량단독 - 기타,안전운전불이행,기타,맑음,단일로 - 기타,이륜,남,68세,중상,,,,
2022072700100189,2022년 7월 27일 11시,수요일,경상남도 거제시 남부면,경상사고,0,0,2,0,차대차 - 기타,안전운전불이행,건조,맑음,기타 - 기타,승합,남,50세,상해없음,승용,여,48세,경상
2022072700100214,2022년 7월 27일 12시,수요일,경상남도 통영시 명정동,경상사고,0,0,1,0,차대차 - 측면충돌,교차로운행방법위반,건조,맑음,교차로 - 교차로안,화물,남,70세,상해없음,승용,남,38세,경상
2022072700100215,2022년 7월 27일 12시,수요일,경상남도 김해시 외동,경상사고,0,0,1,0,차대차 - 측면충돌,안전운전불이행,건조,맑음,단일로 - 기타,승용,여,67세,상해없음,이륜,남,30세,경상
2022072700100216,2022년 7월 27일 12시,수요일,경상남도 창원시 성산구 신촌동,중상사고,0,1,0,0,차대차 - 측면충돌,안전운전불이행,건조,맑음,교차로 - 교차로안,승용,남,33세,상해없음,원동기,남,48세,중상
2022072700100252,2022년 7월 27일 13시,수요일,경상남도 창원시 마산합포구 진전면,경상사고,0,0,1,0,차대차 - 측면충돌,안전거리미확보,건조,맑음,단일로 - 기타,특수,남,47세,상해없음,승용,남,35세,경상
2022072700100253,2022년 7월 27일 13시,수요일,경상남도 거제시 옥포동,중상사고,0,1,0,0,차대사람 - 기타,안전운전불이행,건조,맑음,기타 - 기타,승용,여,59세,상해없음,보행자,여,69세,중상
2022072700100278,2022년 7월 27일 14시,수요일,경상남도 고성군 고성읍,경상사고,0,0,1,0,차대차 - 측면충돌,안전운전불이행,건조,맑음,교차로 - 교차로안,화물,남,42세,상해없음,승용,여,52세,경상
2022072700100358,2022년 7월 27일 16시,수요일,경상남도 창원시 마산회원구 합성동,경상사고,0,0,1,0,차대차 - 추돌,안전운전불이행,건조,맑음,교차로 - 교차로부근,승용,기타불명,미분류,기타불명,화물,남,37세,경상
2022072700100447,2022년 7월 27일 18시,수요일,경상남도 창원시 마산회원구 석전동,경상사고,0,0,1,0,차대차 - 추돌,안전운전불이행,건조,기타,교차로 - 교차로부근,승용,남,77세,상해없음,승용,여,39세,경상
2022072700100511,2022년 7월 27일 20시,수요일,경상남도 창원시 성산구 상남동,부상신고사고,0,0,0,1,차대사람 - 횡단중,안전운전불이행,건조,맑음,단일로 - 기타,이륜,남,34세,부상신고,보행자,여,33세,상해없음
2022072700100533,2022년 7월 27일 21시,수요일,경상남도 거제시 고현동,중상사고,0,1,0,0,차대사람 - 차도통행중,안전운전불이행,건조,맑음,단일로 - 기타,이륜,남,53세,상해없음,보행자,여,64세,중상
2022072700100545,2022년 7월 27일 22시,수요일,경상남도 창원시 의창구 동정동,중상사고,0,1,2,0,차대차 - 측면충돌,안전운전불이행,건조,맑음,단일로 - 기타,승용,여,43세,상해없음,승용,남,67세,중상
2022072700100557,2022년 7월 27일 23시,수요일,경상남도 김해시 부원동,중상사고,0,1,0,0,차대차 - 측면충돌,안전운전불이행,건조,맑음,교차로 - 교차로안,승용,여,66세,상해없음,이륜,남,19세,중상
2022072800100020,2022년 7월 28일 01시,목요일,경상남도 김해시 삼계동,경상사고,0,0,1,0,차대차 - 측면충돌,안전거리미확보,건조,맑음,단일로 - 기타,승용,남,76세,상해없음,승용,여,27세,경상
2022072800100026,2022년 7월 28일 02시,목요일,경상남도 창원시 성산구 반림동,중상사고,0,1,0,0,차대차 - 측면충돌,안전운전불이행,건조,맑음,교차로 - 교차로안,승용,남,43세,상해없음,이륜,남,32세,중상
2022072800100045,2022년 7월 28일 05시,목요일,경상남도 창원시 성산구 불모산동,사망사고,1,1,0,0,차대차 - 추돌,기타,건조,맑음,단일로 - 기타,승용,남,39세,사망,특수,남,24세,중상
2022072800100057,2022년 7월 28일 06시,목요일,경상남도 거창군 거창읍,경상사고,0,0,1,0,차대차 - 측면충돌,신호위반,건조,맑음,교차로 - 교차로안,승용,남,64세,상해없음,승용,여,66세,경상
2022072800100058,2022년 7월 28일 06시,목요일,경상남도 거창군 거창읍,경상사고,0,0,1,0,차대차 - 측면충돌,기타,건조,맑음,교차로 - 교차로안,자전거,남,44세,기타불명,자전거,여,66세,경상
2022072800100114,2022년 7월 28일 08시,목요일,경상남도 양산시 평산동,경상사고,0,0,1,0,차대차 - 정면충돌,중앙선침범,건조,맑음,단일로 - 기타,승용,남,37세,상해없음,승용,여,42세,경상
2022072800100115,2022년 7월 28일 08시,목요일,경상남도 양산시 북정동,경상사고,0,0,1,0,차대차 - 측면충돌,신호위반,건조,맑음,교차로 - 교차로안,승용,여,56세,상해없음,승용,여,23세,경상
2022072800100144,2022년 7월 28일 09시,목요일,경상남도 밀양시 무안면,중상사고,0,1,0,0,차대차 - 측면충돌,안전운전불이행,건조,맑음,교차로 - 교차로안,승용,남,56세,상해없음,승용,여,54세,중상
2022072800100165,2022년 7월 28일 10시,목요일,경상남도 창원시 마산합포구 산호동,경상사고,0,0,3,0,차대차 - 추돌,안전운전불이행,건조,맑음,단일로 - 기타,승합,남,45세,상해없음,화물,남,49세,경상
2022072800100200,2022년 7월 28일 11시,목요일,경상남도 창원시 진해구 덕산동,중상사고,0,1,0,0,차대사람 - 기타,안전운전불이행,건조,맑음,교차로 - 교차로안,승용,여,54세,상해없음,보행자,여,65세,중상
2022072800100201,2022년 7월 28일 11시,목요일,경상남도 창원시 의창구 팔용동,경상사고,0,0,1,1,차량단독 - 기타,안전운전불이행,건조,맑음,교차로 - 교차로부근,승용,남,67세,상해없음,,,,
2022072800100235,2022년 7월 28일 12시,목요일,경상남도 밀양시 내이동,부상신고사고,0,0,0,1,차대차 - 측면충돌,안전운전불이행,건조,맑음,교차로 - 교차로안,자전거,남,84세,부상신고,승용,남,35세,상해없음
2022072800100236,2022년 7월 28일 12시,목요일,경상남도 양산시 물금읍,중상사고,0,1,0,0,차대차 - 기타,안전운전불이행,젖음/습기,비,교차로 - 교차로안,승용,남,52세,상해없음,이륜,남,53세,중상
2022072800100237,2022년 7월 28일 12시,목요일,경상남도 함안군 칠북면,경상사고,0,0,1,0,차대사람 - 횡단중,안전운전불이행,건조,맑음,단일로 - 기타,승용,남,78세,상해없음,보행자,남,68세,경상
2022072800100238,2022년 7월 28일 12시,목요일,경상남도 의령군 칠곡면,경상사고,0,0,1,0,차량단독 - 도로외이탈 - 추락,안전운전불이행,건조,맑음,교차로 - 교차로부근,승용,여,68세,경상,,,,
2022072800100239,2022년 7월 28일 12시,목요일,경상남도 창원시 성산구 상남동,부상신고사고,0,0,0,1,차대사람 - 차도통행중,안전운전불이행,건조,맑음,단일로 - 기타,승용,여,29세,상해없음,보행자,여,62세,부상신고
2022072800100270,2022년 7월 28일 13시,목요일,경상남도 창원시 마산회원구 내서읍,경상사고,0,0,1,0,차대차 - 측면충돌,안전운전불이행,건조,맑음,단일로 - 기타,승용,남,49세,상해없음,승용,남,33세,경상
2022072800100271,2022년 7월 28일 13시,목요일,경상남도 창원시 의창구 명서동,중상사고,0,1,0,0,차대차 - 측면충돌,교차로운행방법위반,젖음/습기,맑음,교차로 - 교차로안,화물,남,42세,상해없음,자전거,남,62세,중상
2022072800100307,2022년 7월 28일 14시,목요일,경상남도 창원시 마산합포구 진북면,중상사고,0,1,1,0,차대차 - 추돌,안전운전불이행,건조,흐림,단일로 - 기타,화물,남,70세,중상,승용,여,38세,경상
2022072800100308,2022년 7월 28일 14시,목요일,경상남도 거제시 옥포동,경상사고,0,0,1,0,차대차 - 추돌,안전운전불이행,건조,맑음,단일로 - 기타,승용,남,50세,경상,화물,남,58세,상해없음
2022072800100343,2022년 7월 28일 15시,목요일,경상남도 진주시 하대동,경상사고,0,0,1,0,차대사람 - 길가장자리구역통행중,안전운전불이행,건조,맑음,단일로 - 기타,승용,남,87세,상해없음,보행자,여,52세,경상
2022072800100392,2022년 7월 28일 16시,목요일,경상남도 밀양시 삼문동,경상사고,0,0,1,0,차대차 - 측면충돌,안전운전불이행,건조,맑음,단일로 - 기타,승용,남,61세,상해없음,승용,여,37세,경상
2022072800100393,2022년 7월 28일 16시,목요일,경상남도 거창군 거창읍,경상사고,0,0,1,0,차대차 - 측면충돌,신호위반,건조,맑음,교차로 - 교차로안,이륜,남,54세,경상,승용,남,26세,상해없음
2022072800100394,2022년 7월 28일 16시,목요일,경상남도 양산시 신기동,경상사고,0,0,1,0,차대차 - 측면충돌,안전운전불이행,건조,맑음,교차로 - 교차로안,승용,여,54세,상해없음,승용,여,55세,경상
2022072800100395,2022년 7월 28일 16시,목요일,경상남도 거제시 상동동,부상신고사고,0,0,0,1,차대차 - 측면충돌,교차로운행방법위반,건조,맑음,교차로 - 교차로부근,승용,여,61세,상해없음,승용,남,26세,부상신고
2022072800100396,2022년 7월 28일 16시,목요일,경상남도 창원시 성산구 불모산동,중상사고,0,1,0,0,차대차 - 측면충돌,안전운전불이행,건조,맑음,단일로 - 기타,화물,남,31세,상해없음,승용,남,48세,중상
2022072800100434,2022년 7월 28일 17시,목요일,경상남도 남해군 창선면,경상사고,0,0,3,0,차대차 - 추돌,안전운전불이행,건조,맑음,교차로 - 교차로부근,승용,남,50세,경상,승용,남,54세,경상
2022072800100485,2022년 7월 28일 18시,목요일,경상남도 창원시 마산합포구 해운동,경상사고,0,0,1,0,차대차 - 측면충돌,안전운전불이행,건조,맑음,교차로 - 교차로부근,승용,여,64세,상해없음,개인형이동수단(PM),여,33세,상해없음
2022072800100486,2022년 7월 28일 18시,목요일,경상남도 통영시 광도면,경상사고,0,0,1,0,차대차 - 추돌,안전운전불이행,건조,맑음,기타 - 기타,이륜,남,19세,상해없음,승용,여,46세,경상
2022072800100487,2022년 7월 28일 18시,목요일,경상남도 밀양시 삼문동,경상사고,0,0,1,0,차대사람 - 횡단중,보행자보호의무위반,젖음/습기,비,교차로 - 교차로횡단보도내,승용,남,72세,상해없음,보행자,여,13세,경상
2022072800100488,2022년 7월 28일 18시,목요일,경상남도 김해시 전하동,경상사고,0,0,1,0,차대차 - 측면충돌,안전거리미확보,건조,맑음,교차로 - 교차로안,승용,남,41세,상해없음,승용,남,67세,경상
2022072800100489,2022년 7월 28일 18시,목요일,경상남도 양산시 북정동,경상사고,0,0,1,0,차대차 - 기타,안전운전불이행,건조,맑음,단일로 - 기타,승용,남,48세,상해없음,승용,여,46세,경상
2022072800100490,2022년 7월 28일 18시,목요일,경상남도 창원시 성산구 남산동,중상사고,0,1,0,0,차대차 - 추돌,신호위반,건조,맑음,교차로 - 교차로안,승용,남,60세,상해없음,이륜,남,24세,중상
2022072800100518,2022년 7월 28일 19시,목요일,경상남도 창원시 진해구 자은동,경상사고,0,0,1,0,차대차 - 기타,신호위반,건조,맑음,교차로 - 교차로안,승용,여,55세,상해없음,승용,여,47세,경상
2022072800100519,2022년 7월 28일 19시,목요일,경상남도 사천시 사남면,경상사고,0,0,1,0,차대차 - 측면충돌,안전운전불이행,건조,맑음,단일로 - 기타,승용,여,54세,상해없음,원동기,남,35세,경상
2022072800100520,2022년 7월 28일 19시,목요일,경상남도 거제시 장평동,경상사고,0,0,2,0,차대차 - 측면충돌,안전운전불이행,건조,맑음,교차로 - 교차로안,이륜,남,49세,상해없음,이륜,남,40세,경상
2022072800100552,2022년 7월 28일 20시,목요일,경상남도 김해시 내동,경상사고,0,0,1,0,차대차 - 측면충돌,불법유턴,건조,맑음,교차로 - 교차로부근,승용,남,62세,상해없음,이륜,남,37세,경상
2022072800100577,2022년 7월 28일 21시,목요일,경상남도 사천시 동금동,경상사고,0,0,1,0,차대사람 - 기타,안전운전불이행,건조,맑음,주차장 - 주차장,승용,남,49세,기타불명,보행자,여,36세,경상
2022072800100578,2022년 7월 28일 21시,목요일,경상남도 거제시 연초면,사망사고,1,0,0,0,차대사람 - 횡단중,안전운전불이행,건조,맑음,교차로 - 교차로안,승용,남,51세,상해없음,보행자,여,58세,사망
2022072900100031,2022년 7월 29일 02시,금요일,경상남도 거제시 고현동,중상사고,0,1,0,0,차대차 - 측면충돌,안전운전불이행,건조,맑음,단일로 - 기타,화물,남,59세,상해없음,화물,남,64세,상해없음
2022072900100032,2022년 7월 29일 02시,금요일,경상남도 창원시 성산구 외동,중상사고,0,1,3,0,차대차 - 추돌,안전운전불이행,건조,맑음,교차로 - 교차로부근,승용,남,30세,상해없음,승용,남,59세,상해없음
2022072900100048,2022년 7월 29일 05시,금요일,경상남도 창원시 진해구 여좌동,경상사고,0,0,1,0,차대차 - 추돌,안전운전불이행,건조,맑음,교차로 - 교차로부근,승용,남,21세,상해없음,승용,여,55세,경상
2022072900100075,2022년 7월 29일 07시,금요일,경상남도 김해시 흥동,중상사고,0,1,0,0,차대차 - 추돌,안전거리미확보,건조,맑음,교차로 - 교차로안,화물,남,65세,상해없음,화물,남,49세,중상
2022072900100112,2022년 7월 29일 08시,금요일,경상남도 양산시 상북면,중상사고,0,1,1,0,차대차 - 추돌,안전거리미확보,건조,맑음,교차로 - 교차로안,승합,남,59세,상해없음,승용,남,67세,경상
2022072900100113,2022년 7월 29일 08시,금요일,경상남도 함안군 군북면,중상사고,0,1,0,0,차대차 - 측면충돌,교차로운행방법위반,건조,맑음,교차로 - 교차로안,승용,여,46세,상해없음,이륜,남,78세,중상
2022072900100139,2022년 7월 29일 09시,금요일,경상남도 거창군 거창읍,중상사고,0,1,0,0,차대차 - 측면충돌,직진우회전진행방해,건조,맑음,교차로 - 교차로안,개인형이동수단(PM),남,88세,중상,화물,남,37세,상해없음
2022072900100170,2022년 7월 29일 10시,금요일,경상남도 거제시 장승포동,경상사고,0,0,1,0,차대차 - 측면충돌,기타,건조,맑음,단일로 - 기타,승용,남,46세,상해없음,승용,여,66세,경상
2022072900100205,2022년 7월 29일 11시,금요일,경상남도 거창군 북상면,경상사고,0,0,5,0,차대차 - 측면충돌,중앙선침범,건조,맑음,교차로 - 교차로부근,승용,여,61세,상해없음,승용,남,43세,경상
2022072900100248,2022년 7월 29일 12시,금요일,경상남도 사천시 동금동,중상사고,0,1,0,0,차대차 - 측면충돌,신호위반,건조,맑음,교차로 - 교차로안,화물,여,62세,상해없음,원동기,남,69세,중상
2022072900100249,2022년 7월 29일 12시,금요일,경상남도 김해시 삼계동,중상사고,0,1,0,0,차대차 - 기타,중앙선침범,건조,맑음,단일로 - 기타,자전거,남,60세,중상,승용,여,64세,상해없음
2022072900100250,2022년 7월 29일 12시,금요일,경상남도 합천군 야로면,중상사고,0,1,0,0,차대차 - 측면충돌,안전운전불이행,건조,맑음,교차로 - 교차로안,이륜,남,51세,중상,화물,남,66세,상해없음
2022072900100252,2022년 7월 29일 12시,금요일,경상남도 창원시 성산구 두대동,사망사고,1,0,0,0,차대차 - 측면충돌,안전운전불이행,건조,맑음,단일로 - 기타,이륜,남,76세,사망,승합,남,46세,상해없음
2022072900100325,2022년 7월 29일 14시,금요일,경상남도 통영시 광도면,경상사고,0,0,2,0,차대차 - 측면충돌,신호위반,건조,맑음,교차로 - 교차로안,승용,남,29세,상해없음,승용,여,53세,경상
2022072900100326,2022년 7월 29일 14시,금요일,경상남도 밀양시 내이동,중상사고,0,1,1,0,차대차 - 측면충돌,안전운전불이행,건조,맑음,단일로 - 기타,승용,여,41세,상해없음,화물,남,77세,중상
2022072900100328,2022년 7월 29일 14시,금요일,경상남도 양산시 평산동,경상사고,0,0,1,0,차대차 - 측면충돌,교차로운행방법위반,건조,맑음,교차로 - 교차로안,승용,남,51세,경상,승합,남,57세,상해없음