사고번호,사고일시,요일,시군구,사고내용,사망자수,중상자수,경상자수,부상신고자수,사고유형,법규위반,노면상태,기상상태,도로형태,가해운전자 차종,가해운전자 성별,가해운전자 연령,가해운전자 상해정도,피해운전자 차종,피해운전자 성별,피해운전자 연령,피해운전자 상해정도
2022072900100329,2022년 7월 29일 14시,금요일,경상남도 창원시 마산회원구 석전동,경상사고,0,0,2,0,차대차 - 기타,안전운전불이행,기타,기타,단일로 - 기타,화물,남,62세,상해없음,승용,남,36세,경상
2022072900100361,2022년 7월 29일 15시,금요일,경상남도 사천시 사천읍,중상사고,0,1,1,0,차대차 - 측면충돌,안전운전불이행,건조,맑음,단일로 - 기타,화물,남,66세,경상,승용,여,62세,중상
2022072900100362,2022년 7월 29일 15시,금요일,경상남도 합천군 합천읍,경상사고,0,0,1,0,차대사람 - 횡단중,보행자보호의무위반,건조,맑음,단일로 - 기타,승용,여,50세,상해없음,보행자,남,87세,경상
2022072900100363,2022년 7월 29일 15시,금요일,경상남도 거제시 연초면,중상사고,0,1,0,0,차대차 - 측면충돌,안전운전불이행,건조,맑음,기타 - 기타,화물,남,65세,상해없음,승용,남,33세,상해없음
2022072900100364,2022년 7월 29일 15시,금요일,경상남도 김해시 진영읍,중상사고,0,1,0,0,차대차 - 측면충돌,안전운전불이행,건조,맑음,교차로 - 교차로안,승용,남,33세,상해없음,이륜,남,31세,중상
2022072900100399,2022년 7월 29일 16시,금요일,경상남도 김해시 응달동,중상사고,0,1,1,0,차대차 - 측면충돌,신호위반,건조,맑음,교차로 - 교차로안,승용,여,55세,경상,승합,남,52세,중상
2022072900100436,2022년 7월 29일 17시,금요일,경상남도 진주시 이현동,경상사고,0,0,1,0,차대차 - 추돌,안전운전불이행,건조,맑음,교차로 - 교차로부근,화물,남,56세,상해없음,승용,여,34세,경상
2022072900100437,2022년 7월 29일 17시,금요일,경상남도 창원시 진해구 풍호동,경상사고,0,0,2,0,차대차 - 기타,안전운전불이행,건조,맑음,단일로 - 기타,승용,여,62세,상해없음,화물,남,29세,경상
2022072900100438,2022년 7월 29일 17시,금요일,경상남도 창원시 진해구 두동,중상사고,0,1,0,0,차대차 - 측면충돌,안전운전불이행,건조,맑음,단일로 - 기타,승합,남,40세,상해없음,이륜,남,37세,중상
2022072900100439,2022년 7월 29일 17시,금요일,경상남도 통영시 광도면,경상사고,0,0,1,0,차대사람 - 기타,안전운전불이행,건조,맑음,단일로 - 기타,승용,남,67세,상해없음,보행자,여,21세,경상
2022072900100491,2022년 7월 29일 18시,금요일,경상남도 창원시 마산합포구 월남동2가,중상사고,0,1,1,0,차대차 - 추돌,안전운전불이행,건조,맑음,교차로 - 교차로안,승용,남,55세,상해없음,승용,남,44세,경상
2022072900100492,2022년 7월 29일 18시,금요일,경상남도 거제시 양정동,경상사고,0,0,1,0,차대차 - 후진중충돌,안전운전불이행,건조,맑음,주차장 - 주차장,화물,남,67세,상해없음,승용,남,37세,경상
2022072900100524,2022년 7월 29일 19시,금요일,경상남도 진주시 문산읍,중상사고,0,1,0,0,차대차 - 측면충돌,안전운전불이행,건조,맑음,교차로 - 교차로안,화물,남,55세,상해없음,이륜,남,59세,중상
2022072900100525,2022년 7월 29일 19시,금요일,경상남도 함양군 함양읍,경상사고,0,0,2,0,차대차 - 측면충돌,안전운전불이행,건조,맑음,교차로 - 교차로안,승용,여,50세,상해없음,승용,남,28세,상해없음
2022072900100562,2022년 7월 29일 20시,금요일,경상남도 창원시 마산합포구 신포동1가,중상사고,0,1,1,0,차대차 - 측면충돌,안전운전불이행,건조,맑음,교차로 - 교차로안,화물,남,60세,상해없음,승용,남,42세,중상
2022072900100563,2022년 7월 29일 20시,금요일,경상남도 진주시 상봉동,중상사고,0,1,0,0,차대사람 - 횡단중,안전운전불이행,건조,맑음,교차로 - 교차로안,승용,여,64세,기타불명,보행자,남,66세,중상
2022072900100564,2022년 7월 29일 20시,금요일,경상남도 진주시 상대동,경상사고,0,0,1,0,차대사람 - 횡단중,보행자보호의무위반,건조,맑음,교차로 - 교차로횡단보도내,승용,남,15세,기타불명,보행자,남,49세,경상
2022072900100565,2022년 7월 29일 20시,금요일,경상남도 양산시 남부동,중상사고,0,1,0,0,차대차 - 기타,교차로운행방법위반,건조,맑음,교차로 - 교차로안,승용,남,68세,상해없음,개인형이동수단(PM),남,47세,중상
2022072900100566,2022년 7월 29일 20시,금요일,경상남도 창원시 성산구 신월동,부상신고사고,0,0,0,1,차량단독 - 기타,안전운전불이행,젖음/습기,비,교차로 - 교차로안,승용,남,26세,상해없음,,,,
2022072900100590,2022년 7월 29일 21시,금요일,경상남도 양산시 중부동,중상사고,0,1,0,0,차대차 - 측면충돌,직진우회전진행방해,건조,맑음,교차로 - 교차로안,승용,남,35세,상해없음,이륜,남,47세,중상
2022072900100591,2022년 7월 29일 21시,금요일,경상남도 양산시 삼호동,경상사고,0,0,1,0,차대차 - 추돌,안전운전불이행,건조,맑음,교차로 - 교차로안,화물,남,28세,상해없음,화물,남,40세,경상
2022072900100617,2022년 7월 29일 22시,금요일,경상남도 남해군 남해읍,중상사고,0,1,0,0,차대차 - 측면충돌,교차로운행방법위반,건조,맑음,교차로 - 교차로안,승용,여,50세,상해없음,개인형이동수단(PM),남,23세,중상
2022072900100638,2022년 7월 29일 23시,금요일,경상남도 창원시 진해구 경화동,사망사고,1,0,0,0,차대사람 - 횡단중,기타,건조,맑음,교차로 - 교차로횡단보도내,승용,남,59세,상해없음,보행자,여,74세,사망
2022072900100639,2022년 7월 29일 23시,금요일,경상남도 양산시 물금읍,경상사고,0,0,1,0,차대차 - 측면충돌,직진우회전진행방해,건조,맑음,교차로 - 교차로안,승용,여,38세,상해없음,승용,여,60세,경상
2022072900100640,2022년 7월 29일 23시,금요일,경상남도 창원시 의창구 서상동,경상사고,0,0,1,0,차대차 - 추돌,안전운전불이행,건조,맑음,교차로 - 교차로부근,승용,남,45세,상해없음,원동기,남,35세,경상
2022072900100641,2022년 7월 29일 23시,금요일,경상남도 창원시 의창구 도계동,경상사고,0,0,1,0,차량단독 - 기타,안전운전불이행,건조,맑음,단일로 - 기타,승합,남,37세,상해없음,,,,
2022073000100026,2022년 7월 30일 01시,토요일,경상남도 사천시 동동,중상사고,0,1,0,0,차대사람 - 길가장자리구역통행중,중앙선침범,건조,맑음,교차로 - 교차로부근,승용,남,36세,상해없음,보행자,남,62세,중상
2022073000100027,2022년 7월 30일 01시,토요일,경상남도 양산시 동면,경상사고,0,0,1,0,차량단독 - 전도전복 - 전도,기타,건조,맑음,단일로 - 기타,이륜,남,27세,경상,,,,
2022073000100054,2022년 7월 30일 04시,토요일,경상남도 창원시 성산구 신월동,경상사고,0,0,1,0,차대사람 - 기타,안전운전불이행,건조,흐림,교차로 - 교차로안,화물,남,72세,상해없음,보행자,여,26세,경상
2022073000100090,2022년 7월 30일 07시,토요일,경상남도 고성군 회화면,중상사고,0,1,0,0,차대차 - 측면충돌,신호위반,건조,맑음,교차로 - 교차로안,승용,여,59세,상해없음,이륜,남,50세,중상
2022073000100136,2022년 7월 30일 09시,토요일,경상남도 김해시 내동,중상사고,0,1,2,0,차대차 - 추돌,안전거리미확보,건조,맑음,교차로 - 교차로부근,승용,남,35세,상해없음,승용,여,48세,경상
2022073000100191,2022년 7월 30일 11시,토요일,경상남도 밀양시 산외면,중상사고,0,1,0,0,차대사람 - 기타,안전운전불이행,건조,맑음,기타 - 기타,승용,여,45세,상해없음,보행자,여,51세,중상
2022073000100192,2022년 7월 30일 11시,토요일,경상남도 김해시 부원동,중상사고,0,1,0,0,차대차 - 측면충돌,교차로운행방법위반,건조,맑음,교차로 - 교차로안,개인형이동수단(PM),남,26세,상해없음,자전거,남,62세,중상
2022073000100193,2022년 7월 30일 11시,토요일,경상남도 김해시 내동,경상사고,0,0,2,0,차대차 - 측면충돌,신호위반,건조,맑음,교차로 - 교차로안,승용,남,62세,상해없음,승용,여,26세,경상
2022073000100217,2022년 7월 30일 12시,토요일,경상남도 양산시 북부동,중상사고,0,1,0,0,차대차 - 정면충돌,안전운전불이행,건조,맑음,교차로 - 교차로안,화물,남,64세,상해없음,이륜,남,64세,중상
2022073000100268,2022년 7월 30일 13시,토요일,경상남도 고성군 하일면,사망사고,1,0,0,0,차량단독 - 도로외이탈 - 추락,안전운전불이행,건조,맑음,단일로 - 기타,건설기계,남,66세,사망,,,,
2022073000100365,2022년 7월 30일 16시,토요일,경상남도 창원시 성산구 성주동,경상사고,0,0,1,0,차대차 - 추돌,안전운전불이행,건조,맑음,단일로 - 기타,승용,남,72세,상해없음,승용,여,59세,경상
2022073000100366,2022년 7월 30일 16시,토요일,경상남도 창원시 의창구 팔용동,경상사고,0,0,4,0,차대차 - 기타,안전운전불이행,건조,맑음,교차로 - 교차로안,승용,남,54세,상해없음,승용,남,25세,경상
2022073000100400,2022년 7월 30일 17시,토요일,경상남도 창원시 진해구 이동,경상사고,0,0,1,0,차대사람 - 차도통행중,안전운전불이행,건조,맑음,교차로 - 교차로부근,승용,여,57세,상해없음,보행자,남,6세,경상
2022073000100437,2022년 7월 30일 18시,토요일,경상남도 김해시 대동면,부상신고사고,0,0,0,1,차대차 - 정면충돌,안전운전불이행,건조,흐림,단일로 - 기타,승용,남,38세,상해없음,자전거,남,78세,부상신고
2022073000100438,2022년 7월 30일 18시,토요일,경상남도 합천군 야로면,중상사고,0,1,0,0,차대사람 - 길가장자리구역통행중,안전운전불이행,건조,맑음,단일로 - 기타,승용,여,58세,상해없음,보행자,여,85세,중상
2022073000100439,2022년 7월 30일 18시,토요일,경상남도 창원시 마산회원구 양덕동,경상사고,0,0,1,0,차대차 - 추돌,안전운전불이행,건조,맑음,교차로 - 교차로부근,승합,남,26세,상해없음,승용,여,64세,경상
2022073000100457,2022년 7월 30일 19시,토요일,경상남도 거창군 북상면,사망사고,1,0,0,0,차량단독 - 공작물충돌,안전운전불이행,젖음/습기,흐림,단일로 - 기타,이륜,남,29세,사망,,,,
2022073000100526,2022년 7월 30일 21시,토요일,경상남도 창원시 진해구 용원동,경상사고,0,0,1,0,차대차 - 후진중충돌,안전운전불이행,건조,맑음,교차로 - 교차로부근,승용,남,66세,상해없음,승용,남,24세,경상
2022073000100527,2022년 7월 30일 21시,토요일,경상남도 양산시 용당동,경상사고,0,0,1,0,차대차 - 기타,교차로운행방법위반,건조,맑음,교차로 - 교차로안,승용,기타불명,미분류,기타불명,승용,여,26세,경상
2022073000100544,2022년 7월 30일 22시,토요일,경상남도 통영시 광도면,경상사고,0,0,1,0,차대사람 - 횡단중,안전운전불이행,젖음/습기,비,단일로 - 기타,승용,남,59세,상해없음,보행자,남,53세,경상
2022073000100558,2022년 7월 30일 23시,토요일,경상남도 창원시 마산합포구 오동동,중상사고,0,1,0,0,차대사람 - 횡단중,안전운전불이행,젖음/습기,비,단일로 - 기타,승용,남,53세,상해없음,보행자,여,49세,중상
2022073100100009,2022년 7월 31일 00시,일요일,경상남도 창원시 의창구 봉곡동,경상사고,0,0,1,0,차대차 - 기타,안전운전불이행,젖음/습기,비,교차로 - 교차로안,승용,남,32세,상해없음,이륜,남,38세,경상
2022073100100063,2022년 7월 31일 06시,일요일,경상남도 김해시 어방동,중상사고,0,1,0,0,차대차 - 측면충돌,교차로운행방법위반,건조,흐림,교차로 - 교차로안,승용,남,25세,상해없음,화물,남,52세,중상
2022073100100094,2022년 7월 31일 10시,일요일,경상남도 산청군 금서면,경상사고,0,0,5,0,차대차 - 측면충돌,신호위반,젖음/습기,비,교차로 - 교차로안,승용,남,63세,경상,승용,남,47세,경상
2022073100100095,2022년 7월 31일 10시,일요일,경상남도 창원시 의창구 대산면,경상사고,0,0,1,0,차대차 - 측면충돌,신호위반,젖음/습기,흐림,교차로 - 교차로안,승용,남,59세,상해없음,승용,남,51세,경상
2022073100100118,2022년 7월 31일 11시,일요일,경상남도 김해시 외동,경상사고,0,0,1,0,차대차 - 측면충돌,안전운전불이행,젖음/습기,비,교차로 - 교차로부근,자전거,남,73세,경상,이륜,남,43세,상해없음
2022073100100119,2022년 7월 31일 11시,일요일,경상남도 합천군 합천읍,부상신고사고,0,0,0,1,차대차 - 측면충돌,교차로운행방법위반,젖음/습기,비,교차로 - 교차로안,화물,남,72세,상해없음,승합,남,37세,부상신고
2022073100100120,2022년 7월 31일 11시,일요일,경상남도 양산시 북부동,경상사고,0,0,1,0,차대차 - 추돌,안전운전불이행,젖음/습기,비,단일로 - 기타,화물,남,47세,상해없음,이륜,남,60세,경상
2022073100100121,2022년 7월 31일 11시,일요일,경상남도 양산시 삼호동,부상신고사고,0,0,0,1,차대차 - 추돌,안전운전불이행,건조,맑음,단일로 - 기타,화물,남,65세,상해없음,이륜,남,32세,부상신고
2022073100100122,2022년 7월 31일 11시,일요일,경상남도 양산시 동면,중상사고,0,1,0,0,차대차 - 측면충돌,안전운전불이행,건조,맑음,교차로 - 교차로안,승용,남,42세,상해없음,이륜,남,53세,중상
2022073100100123,2022년 7월 31일 11시,일요일,경상남도 창원시 성산구 상복동,중상사고,0,2,0,0,차량단독 - 전도전복 - 전도,안전운전불이행,건조,맑음,단일로 - 고가도로위,원동기,남,17세,중상,,,,
2022073100100181,2022년 7월 31일 13시,일요일,경상남도 남해군 남면,부상신고사고,0,0,0,1,차대차 - 측면충돌,안전운전불이행,젖음/습기,비,교차로 - 교차로부근,승용,여,56세,부상신고,화물,기타불명,미분류,기타불명
2022073100100217,2022년 7월 31일 14시,일요일,경상남도 밀양시 무안면,경상사고,0,0,5,0,차대차 - 추돌,안전운전불이행,건조,맑음,교차로 - 교차로부근,승용,남,58세,상해없음,승용,남,30세,경상
2022073100100218,2022년 7월 31일 14시,일요일,경상남도 하동군 금남면,중상사고,0,1,1,0,차대차 - 추돌,안전운전불이행,젖음/습기,비,단일로 - 기타,승용,남,32세,상해없음,승용,남,54세,경상
2022073100100254,2022년 7월 31일 15시,일요일,경상남도 통영시 봉평동,경상사고,0,0,1,0,차대차 - 추돌,불법유턴,건조,맑음,단일로 - 기타,화물,남,53세,상해없음,원동기,남,35세,경상
2022073100100255,2022년 7월 31일 15시,일요일,경상남도 사천시 사남면,부상신고사고,0,0,0,1,차대차 - 측면충돌,안전운전불이행,젖음/습기,비,단일로 - 기타,원동기,남,49세,부상신고,승용,남,41세,상해없음
2022073100100256,2022년 7월 31일 15시,일요일,경상남도 김해시 삼계동,부상신고사고,0,0,0,3,차대차 - 측면충돌,안전운전불이행,건조,맑음,교차로 - 교차로안,이륜,남,25세,부상신고,승용,남,50세,부상신고
2022073100100257,2022년 7월 31일 15시,일요일,경상남도 함안군 군북면,경상사고,0,0,2,0,차대차 - 추돌,안전운전불이행,젖음/습기,비,교차로 - 교차로부근,화물,남,77세,상해없음,승용,여,33세,경상
2022073100100281,2022년 7월 31일 16시,일요일,경상남도 사천시 봉남동,중상사고,0,1,0,0,차대차 - 기타,교차로운행방법위반,젖음/습기,흐림,교차로 - 교차로안,승용,남,43세,상해없음,승용,남,71세,상해없음
2022073100100282,2022년 7월 31일 16시,일요일,경상남도 밀양시 삼랑진읍,중상사고,0,1,2,0,차량단독 - 공작물충돌,안전운전불이행,젖음/습기,흐림,단일로 - 기타,승용,여,57세,경상,,,,
2022073100100283,2022년 7월 31일 16시,일요일,경상남도 밀양시 산외면,경상사고,0,0,5,0,차대차 - 추돌,안전거리미확보,건조,맑음,단일로 - 기타,승용,남,61세,상해없음,승용,남,25세,경상
2022073100100284,2022년 7월 31일 16시,일요일,경상남도 양산시 동면,중상사고,0,2,0,0,차대차 - 측면충돌,교차로운행방법위반,건조,맑음,교차로 - 교차로안,승용,여,37세,상해없음,승용,여,45세,중상
2022073100100305,2022년 7월 31일 17시,일요일,경상남도 양산시 신기동,경상사고,0,0,1,0,차대차 - 추돌,안전운전불이행,건조,맑음,교차로 - 교차로부근,화물,남,59세,상해없음,승용,여,51세,경상
2022073100100306,2022년 7월 31일 17시,일요일,경상남도 함양군 함양읍,경상사고,0,0,2,0,차대차 - 기타,안전운전불이행,건조,맑음,단일로 - 기타,승용,여,29세,상해없음,승용,남,58세,경상
2022073100100335,2022년 7월 31일 18시,일요일,경상남도 김해시 내동,부상신고사고,0,0,0,1,차대사람 - 횡단중,안전운전불이행,건조,맑음,교차로 - 교차로횡단보도내,이륜,남,22세,상해없음,보행자,여,60세,부상신고
2022073100100366,2022년 7월 31일 19시,일요일,경상남도 밀양시 초동면,경상사고,0,0,1,0,차량단독 - 공작물충돌,안전운전불이행,건조,맑음,단일로 - 기타,화물,남,64세,경상,,,,
2022073100100387,2022년 7월 31일 20시,일요일,경상남도 진주시 초전동,중상사고,0,1,0,0,차대사람 - 횡단중,신호위반,젖음/습기,비,교차로 - 교차로횡단보도내,승용,여,50세,상해없음,보행자,여,24세,중상
2022073100100388,2022년 7월 31일 20시,일요일,경상남도 함안군 군북면,경상사고,0,0,2,0,차대차 - 추돌,안전운전불이행,젖음/습기,비,교차로 - 교차로부근,화물,남,71세,상해없음,승용,남,59세,경상
2022073100100438,2022년 7월 31일 22시,일요일,경상남도 창원시 마산회원구 양덕동,경상사고,0,0,1,0,차대차 - 측면충돌,신호위반,건조,맑음,교차로 - 교차로안,승용,남,71세,상해없음,이륜,남,25세,경상
2022073100100458,2022년 7월 31일 23시,일요일,경상남도 양산시 중부동,경상사고,0,0,1,1,차대차 - 추돌,안전운전불이행,건조,맑음,교차로 - 교차로부근,승용,남,41세,상해없음,승용,여,42세,경상
2022073100100459,2022년 7월 31일 23시,일요일,경상남도 양산시 동면,경상사고,0,0,2,0,차대차 - 측면충돌,안전운전불이행,건조,맑음,교차로 - 교차로안,이륜,남,24세,경상,승용,남,32세,경상
2022080100100011,2022년 8월 1일 01시,월요일,경상남도 양산시 물금읍,경상사고,0,0,1,0,차대차 - 추돌,안전거리미확보,건조,맑음,단일로 - 기타,승합,남,26세,상해없음,승용,남,27세,경상
2022080100100047,2022년 8월 1일 06시,월요일,경상남도 통영시 도천동,중상사고,0,1,0,0,차대사람 - 기타,안전운전불이행,건조,맑음,교차로 - 교차로안,승용,남,66세,상해없음,보행자,남,84세,중상
2022080100100064,2022년 8월 1일 07시,월요일,경상남도 양산시 덕계동,경상사고,0,0,1,1,차대차 - 측면충돌,안전운전불이행,건조,맑음,교차로 - 교차로부근,승용,여,59세,상해없음,승용,남,58세,경상
2022080100100134,2022년 8월 1일 10시,월요일,경상남도 거창군 남상면,경상사고,0,0,1,0,차량단독 - 공작물충돌,안전운전불이행,젖음/습기,흐림,단일로 - 기타,화물,남,61세,경상,,,,
2022080100100197,2022년 8월 1일 12시,월요일,경상남도 김해시 내동,중상사고,0,1,1,0,차대차 - 측면충돌,불법유턴,건조,맑음,교차로 - 교차로횡단보도내,이륜,남,42세,경상,이륜,남,31세,중상
2022080100100198,2022년 8월 1일 12시,월요일,경상남도 함양군 함양읍,경상사고,0,0,3,0,차대차 - 측면충돌,신호위반,젖음/습기,비,교차로 - 교차로안,승용,남,52세,상해없음,화물,남,55세,경상
2022080100100199,2022년 8월 1일 12시,월요일,경상남도 하동군 진교면,경상사고,0,0,4,0,차대차 - 추돌,안전운전불이행,건조,맑음,단일로 - 기타,승용,남,30세,경상,승용,남,41세,상해없음
2022080100100229,2022년 8월 1일 13시,월요일,경상남도 진주시 평거동,중상사고,0,1,0,0,차대사람 - 횡단중,보행자보호의무위반,건조,맑음,교차로 - 교차로횡단보도내,승용,남,64세,상해없음,보행자,여,8세,중상
2022080100100230,2022년 8월 1일 13시,월요일,경상남도 창원시 진해구 경화동,경상사고,0,0,1,0,차대차 - 측면충돌,직진우회전진행방해,젖음/습기,비,교차로 - 교차로안,승용,남,40세,상해없음,이륜,남,46세,경상
2022080100100232,2022년 8월 1일 13시,월요일,경상남도 거제시 사등면,경상사고,0,0,3,0,차대차 - 기타,안전운전불이행,건조,맑음,기타 - 기타,기타불명,기타불명,미분류,기타불명,승용,남,56세,경상
2022080100100266,2022년 8월 1일 14시,월요일,경상남도 진주시 상대동,중상사고,0,1,0,0,차대차 - 측면충돌,중앙선침범,건조,맑음,단일로 - 기타,승용,남,85세,상해없음,승용,남,67세,중상
2022080100100267,2022년 8월 1일 14시,월요일,경상남도 양산시 동면,경상사고,0,0,2,0,차대차 - 측면충돌,안전운전불이행,건조,맑음,교차로 - 교차로안,승용,남,26세,상해없음,승용,여,36세,경상
2022080100100315,2022년 8월 1일 16시,월요일,경상남도 밀양시 무안면,경상사고,0,0,1,0,차대차 - 측면충돌,기타,건조,맑음,교차로 - 교차로안,승용,여,57세,상해없음,승용,남,41세,경상
2022080100100316,2022년 8월 1일 16시,월요일,경상남도 창원시 성산구 남양동,중상사고,0,1,0,0,차대차 - 정면충돌,안전운전불이행,건조,맑음,교차로 - 교차로부근,승용,남,45세,상해없음,화물,남,49세,중상
2022080100100357,2022년 8월 1일 17시,월요일,경상남도 밀양시 내이동,중상사고,0,1,1,0,차대차 - 측면충돌,교차로운행방법위반,건조,맑음,교차로 - 교차로안,승용,남,52세,경상,이륜,남,39세,중상
2022080100100358,2022년 8월 1일 17시,월요일,경상남도 거창군 거창읍,경상사고,0,0,2,0,차대차 - 측면충돌,직진우회전진행방해,젖음/습기,흐림,교차로 - 교차로안,승합,여,45세,상해없음,승용,여,51세,경상
2022080100100401,2022년 8월 1일 18시,월요일,경상남도 통영시 무전동,중상사고,0,1,0,0,차대차 - 측면충돌,신호위반,건조,흐림,교차로 - 교차로부근,승용,남,53세,상해없음,승용,여,47세,중상
2022080100100426,2022년 8월 1일 19시,월요일,경상남도 진주시 하대동,중상사고,0,1,0,0,차대사람 - 횡단중,보행자보호의무위반,젖음/습기,비,교차로 - 교차로횡단보도내,승용,남,22세,상해없음,보행자,여,73세,중상
2022080100100427,2022년 8월 1일 19시,월요일,경상남도 창원시 진해구 충무동,경상사고,0,0,1,0,차대차 - 측면충돌,교차로운행방법위반,건조,맑음,교차로 - 교차로안,승용,남,58세,상해없음,승용,남,51세,경상
2022080100100428,2022년 8월 1일 19시,월요일,경상남도 통영시 광도면,경상사고,0,0,2,0,차대차 - 추돌,안전운전불이행,건조,맑음,단일로 - 기타,승용,남,65세,기타불명,승용,남,44세,경상
2022080100100429,2022년 8월 1일 19시,월요일,경상남도 양산시 중부동,경상사고,0,0,1,0,차대차 - 정면충돌,신호위반,건조,기타,기타 - 기타,승용,여,58세,상해없음,승용,남,34세,경상
2022080100100450,2022년 8월 1일 20시,월요일,경상남도 사천시 벌리동,경상사고,0,0,4,0,차대차 - 측면충돌,직진우회전진행방해,건조,맑음,교차로 - 교차로안,승용,남,26세,상해없음,승용,여,53세,경상
2022080100100477,2022년 8월 1일 21시,월요일,경상남도 창원시 진해구 용원동,부상신고사고,0,0,0,1,차대차 - 기타,중앙선침범,건조,맑음,단일로 - 기타,승용,남,26세,부상신고,화물,남,30세,기타불명
2022080100100478,2022년 8월 1일 21시,월요일,경상남도 양산시 삼호동,경상사고,0,0,1,1,차대차 - 추돌,안전거리미확보,건조,맑음,단일로 - 기타,이륜,남,21세,부상신고,승용,남,28세,경상
2022080100100500,2022년 8월 1일 22시,월요일,경상남도 함안군 칠원읍,중상사고,0,1,0,0,차량단독 - 공작물충돌,안전운전불이행,젖음/습기,비,교차로 - 교차로부근,승용,남,62세,중상,,,,
2022080100100515,2022년 8월 1일 23시,월요일,경상남도 김해시 삼정동,경상사고,0,0,2,0,차대차 - 측면충돌,안전운전불이행,건조,맑음,단일로 - 기타,승용,남,53세,상해없음,승용,남,62세,경상
2022080100100516,2022년 8월 1일 23시,월요일,경상남도 창원시 성산구 반림동,경상사고,0,0,1,0,차대차 - 추돌,안전운전불이행,젖음/습기,비,교차로 - 교차로부근,승용,여,56세,상해없음,승용,여,24세,경상
2022080200100023,2022년 8월 2일 01시,화요일,경상남도 창원시 마산합포구 산호동,경상사고,0,0,2,0,차대차 - 기타,안전운전불이행,젖음/습기,비,기타 - 기타,승용,남,19세,상해없음,승용,남,28세,경상
2022080200100024,2022년 8월 2일 01시,화요일,경상남도 김해시 진영읍,중상사고,0,1,0,0,차량단독 - 공작물충돌,안전운전불이행,젖음/습기,비,단일로 - 기타,승용,남,35세,중상,,,,
2022080200100037,2022년 8월 2일 02시,화요일,경상남도 양산시 신기동,경상사고,0,0,1,0,차대사람 - 횡단중,안전운전불이행,젖음/습기,맑음,교차로 - 교차로횡단보도내,승합,남,74세,상해없음,보행자,남,37세,경상
2022080200100038,2022년 8월 2일 02시,화요일,경상남도 창원시 의창구 팔용동,경상사고,0,0,4,0,차대차 - 정면충돌,신호위반,젖음/습기,비,교차로 - 교차로안,승용,여,24세,상해없음,승용,남,43세,경상
2022080200100099,2022년 8월 2일 08시,화요일,경상남도 창원시 마산회원구 석전동,경상사고,0,0,1,0,차대차 - 추돌,안전운전불이행,젖음/습기,비,단일로 - 기타,승용,남,54세,상해없음,승용,여,36세,경상
2022080200100126,2022년 8월 2일 09시,화요일,경상남도 창원시 성산구 성주동,중상사고,0,1,0,0,차대차 - 기타,안전운전불이행,건조,맑음,교차로 - 교차로안,승용,남,67세,상해없음,자전거,남,73세,중상
2022080200100152,2022년 8월 2일 10시,화요일,경상남도 통영시 인평동,경상사고,0,0,1,0,차대차 - 추돌,안전운전불이행,건조,맑음,단일로 - 기타,승용,남,50세,상해없음,이륜,남,66세,경상
2022080200100153,2022년 8월 2일 10시,화요일,경상남도 양산시 북부동,중상사고,0,2,0,0,차대차 - 측면충돌,안전운전불이행,젖음/습기,비,교차로 - 교차로부근,승용,남,67세,중상,승용,남,49세,중상
2022080200100155,2022년 8월 2일 10시,화요일,경상남도 창원시 의창구 사림동,중상사고,0,1,0,0,차대사람 - 횡단중,보행자보호의무위반,건조,맑음,교차로 - 교차로횡단보도내,화물,남,56세,상해없음,보행자,여,52세,중상
2022080200100182,2022년 8월 2일 11시,화요일,경상남도 김해시 전하동,경상사고,0,0,1,0,차대차 - 측면충돌,안전운전불이행,건조,맑음,교차로 - 교차로안,승용,여,53세,상해없음,승용,여,55세,경상
2022080200100183,2022년 8월 2일 11시,화요일,경상남도 남해군 삼동면,경상사고,0,0,1,0,차대사람 - 차도통행중,안전운전불이행,젖음/습기,비,단일로 - 기타,승용,여,30세,상해없음,보행자,여,61세,경상
2022080200100220,2022년 8월 2일 12시,화요일,경상남도 창원시 마산합포구 남성동,경상사고,0,0,1,0,차량단독 - 기타,안전운전불이행,건조,맑음,기타 - 기타,승합,남,41세,기타불명,,,,
2022080200100250,2022년 8월 2일 13시,화요일,경상남도 남해군 이동면,중상사고,0,2,2,1,차대차 - 정면충돌,중앙선침범,젖음/습기,비,단일로 - 기타,승용,여,43세,상해없음,승용,남,38세,중상
2022080200100288,2022년 8월 2일 14시,화요일,경상남도 김해시 주촌면,경상사고,0,0,1,0,차대차 - 기타,안전거리미확보,건조,맑음,교차로 - 교차로부근,승용,여,56세,상해없음,화물,남,51세,경상
2022080200100316,2022년 8월 2일 15시,화요일,경상남도 거창군 거창읍,중상사고,0,1,0,0,차대차 - 측면충돌,안전거리미확보,건조,맑음,교차로 - 교차로부근,화물,남,64세,상해없음,이륜,남,30세,중상
2022080200100317,2022년 8월 2일 15시,화요일,경상남도 양산시 하북면,경상사고,0,0,1,0,차대사람 - 기타,안전운전불이행,건조,맑음,교차로 - 교차로부근,승용,남,78세,상해없음,보행자,남,51세,경상
2022080200100347,2022년 8월 2일 16시,화요일,경상남도 김해시 응달동,경상사고,0,0,2,0,차대차 - 정면충돌,중앙선침범,건조,맑음,단일로 - 기타,승용,남,61세,상해없음,승용,남,69세,경상