사고번호,사고일시,요일,시군구,사고내용,사망자수,중상자수,경상자수,부상신고자수,사고유형,법규위반,노면상태,기상상태,도로형태,가해운전자 차종,가해운전자 성별,가해운전자 연령,가해운전자 상해정도,피해운전자 차종,피해운전자 성별,피해운전자 연령,피해운전자 상해정도
2022080200100390,2022년 8월 2일 17시,화요일,경상남도 창원시 마산합포구 상남동,부상신고사고,0,0,0,1,차대차 - 측면충돌,안전운전불이행,젖음/습기,비,교차로 - 교차로안,승용,여,65세,상해없음,이륜,남,78세,부상신고
2022080200100391,2022년 8월 2일 17시,화요일,경상남도 사천시 곤명면,중상사고,0,1,0,0,차대차 - 기타,신호위반,건조,맑음,교차로 - 교차로부근,승용,남,78세,상해없음,이륜,남,63세,중상
2022080200100392,2022년 8월 2일 17시,화요일,경상남도 밀양시 부북면,사망사고,1,0,1,0,차대차 - 측면충돌,신호위반,건조,맑음,교차로 - 교차로안,이륜,남,53세,사망,승용,남,37세,경상
2022080200100393,2022년 8월 2일 17시,화요일,경상남도 김해시 내동,경상사고,0,0,1,0,차대차 - 측면충돌,교차로운행방법위반,건조,맑음,교차로 - 교차로안,승용,남,55세,상해없음,승용,남,30세,경상
2022080200100427,2022년 8월 2일 18시,화요일,경상남도 거창군 거창읍,부상신고사고,0,0,0,1,차대차 - 측면충돌,안전운전불이행,건조,맑음,교차로 - 교차로부근,사륜오토바이(ATV),남,35세,부상신고,승용,여,44세,상해없음
2022080200100428,2022년 8월 2일 18시,화요일,경상남도 창원시 성산구 상남동,부상신고사고,0,0,0,1,차대사람 - 기타,안전운전불이행,건조,맑음,교차로 - 교차로부근,승용,남,58세,상해없음,보행자,남,9세,부상신고
2022080200100458,2022년 8월 2일 19시,화요일,경상남도 통영시 광도면,경상사고,0,0,1,0,차대차 - 측면충돌,신호위반,건조,흐림,단일로 - 기타,승용,여,37세,상해없음,승용,남,34세,경상
2022080200100459,2022년 8월 2일 19시,화요일,경상남도 거제시 고현동,중상사고,0,1,1,0,차대사람 - 기타,안전운전불이행,젖음/습기,비,교차로 - 교차로안,이륜,남,31세,경상,보행자,남,61세,중상
2022080200100472,2022년 8월 2일 20시,화요일,경상남도 합천군 봉산면,경상사고,0,0,1,0,차대차 - 정면충돌,안전운전불이행,건조,맑음,단일로 - 기타,승용,남,69세,경상,승용,남,70세,상해없음
2022080200100519,2022년 8월 2일 22시,화요일,경상남도 창원시 진해구 용원동,부상신고사고,0,0,0,1,차대차 - 측면충돌,안전거리미확보,젖음/습기,비,단일로 - 기타,승용,남,49세,상해없음,이륜,남,20세,부상신고
2022080200100520,2022년 8월 2일 22시,화요일,경상남도 사천시 서포면,중상사고,0,1,0,0,차대사람 - 차도통행중,안전운전불이행,건조,맑음,단일로 - 기타,승용,남,59세,상해없음,보행자,남,60세,중상
2022080300100024,2022년 8월 3일 01시,수요일,경상남도 통영시 광도면,경상사고,0,0,1,0,차대차 - 기타,안전운전불이행,건조,맑음,단일로 - 기타,화물,남,37세,상해없음,승용,여,36세,경상
2022080300100025,2022년 8월 3일 01시,수요일,경상남도 양산시 덕계동,중상사고,0,1,0,0,차대차 - 기타,안전운전불이행,젖음/습기,흐림,교차로 - 교차로부근,승용,남,28세,상해없음,이륜,남,21세,중상
2022080300100037,2022년 8월 3일 02시,수요일,경상남도 의령군 정곡면,중상사고,0,1,0,0,차량단독 - 도로외이탈 - 추락,안전운전불이행,젖음/습기,흐림,단일로 - 기타,승용,남,19세,중상,,,,
2022080300100084,2022년 8월 3일 07시,수요일,경상남도 창원시 진해구 경화동,경상사고,0,0,1,0,차대차 - 기타,중앙선침범,건조,맑음,단일로 - 기타,승용,남,22세,상해없음,승용,남,63세,경상
2022080300100112,2022년 8월 3일 08시,수요일,경상남도 통영시 광도면,경상사고,0,0,2,0,차대차 - 측면충돌,안전운전불이행,건조,맑음,교차로 - 교차로부근,승용,여,56세,상해없음,승용,남,67세,경상
2022080300100113,2022년 8월 3일 08시,수요일,경상남도 거제시 상동동,경상사고,0,0,1,0,차대차 - 기타,교차로운행방법위반,건조,맑음,교차로 - 교차로안,화물,남,53세,상해없음,승용,여,51세,경상
2022080300100136,2022년 8월 3일 09시,수요일,경상남도 의령군 부림면,경상사고,0,0,1,0,차대차 - 측면충돌,중앙선침범,건조,맑음,단일로 - 기타,승용,남,54세,상해없음,자전거,남,19세,경상
2022080300100174,2022년 8월 3일 11시,수요일,경상남도 밀양시 산외면,경상사고,0,0,5,2,차대차 - 추돌,안전운전불이행,건조,맑음,단일로 - 터널,승용,여,44세,상해없음,승용,남,34세,경상
2022080300100175,2022년 8월 3일 11시,수요일,경상남도 밀양시 산외면,중상사고,0,1,3,0,차대차 - 추돌,안전거리미확보,건조,맑음,단일로 - 터널,승용,남,53세,상해없음,승용,남,23세,경상
2022080300100189,2022년 8월 3일 11시,수요일,경상남도 산청군 산청읍,경상사고,0,0,1,0,차량단독 - 기타,안전운전불이행,건조,맑음,단일로 - 기타,승용,남,39세,경상,,,,
2022080300100190,2022년 8월 3일 11시,수요일,경상남도 통영시 광도면,경상사고,0,0,1,0,차대차 - 추돌,안전운전불이행,건조,맑음,단일로 - 기타,승용,남,63세,상해없음,승용,남,57세,경상
2022080300100203,2022년 8월 3일 12시,수요일,경상남도 밀양시 활성동,중상사고,0,1,9,0,차대차 - 추돌,안전운전불이행,건조,맑음,단일로 - 기타,화물,남,67세,상해없음,승용,남,25세,중상
2022080300100220,2022년 8월 3일 12시,수요일,경상남도 통영시 광도면,경상사고,0,0,1,0,차대차 - 측면충돌,안전운전불이행,건조,맑음,교차로 - 교차로안,이륜,남,40세,상해없음,이륜,남,35세,경상
2022080300100221,2022년 8월 3일 12시,수요일,경상남도 김해시 부원동,경상사고,0,0,1,0,차대차 - 기타,안전거리미확보,건조,맑음,단일로 - 기타,승용,남,63세,상해없음,이륜,남,41세,경상
2022080300100222,2022년 8월 3일 12시,수요일,경상남도 산청군 시천면,중상사고,0,1,3,0,차대차 - 기타,교차로운행방법위반,건조,맑음,교차로 - 교차로안,이륜,남,73세,중상,승용,남,24세,경상
2022080300100223,2022년 8월 3일 12시,수요일,경상남도 김해시 한림면,경상사고,0,0,1,0,차대차 - 측면충돌,안전운전불이행,건조,맑음,교차로 - 교차로안,승용,남,52세,상해없음,이륜,남,51세,경상
2022080300100285,2022년 8월 3일 14시,수요일,경상남도 함안군 칠원읍,경상사고,0,0,4,1,차대차 - 후진중충돌,안전운전불이행,건조,맑음,단일로 - 기타,승용,남,63세,상해없음,승용,남,24세,부상신고
2022080300100325,2022년 8월 3일 15시,수요일,경상남도 통영시 당동,경상사고,0,0,5,0,차대차 - 추돌,안전거리미확보,건조,맑음,교차로 - 교차로부근,승용,남,29세,상해없음,승용,남,29세,경상
2022080300100326,2022년 8월 3일 15시,수요일,경상남도 밀양시 상남면,중상사고,0,1,0,0,차량단독 - 공작물충돌,안전운전불이행,건조,맑음,단일로 - 기타,사륜오토바이(ATV),여,52세,상해없음,,,,
2022080300100345,2022년 8월 3일 16시,수요일,경상남도 진주시 가좌동,경상사고,0,0,1,0,차대차 - 측면충돌,안전운전불이행,건조,맑음,기타 - 기타,자전거,기타불명,미분류,기타불명,자전거,여,70세,경상
2022080300100346,2022년 8월 3일 16시,수요일,경상남도 거제시 문동동,경상사고,0,0,3,0,차대차 - 정면충돌,교차로운행방법위반,건조,맑음,교차로 - 교차로안,승용,여,61세,경상,승용,남,67세,경상
2022080300100347,2022년 8월 3일 16시,수요일,경상남도 남해군 삼동면,중상사고,0,2,1,1,차대차 - 측면충돌,중앙선침범,건조,맑음,교차로 - 교차로부근,승용,남,79세,부상신고,승용,여,73세,중상
2022080300100348,2022년 8월 3일 16시,수요일,경상남도 창원시 마산회원구 합성동,경상사고,0,0,1,0,차대차 - 측면충돌,안전운전불이행,건조,맑음,단일로 - 기타,승용,남,79세,상해없음,승합,남,35세,상해없음
2022080300100383,2022년 8월 3일 17시,수요일,경상남도 창원시 진해구 이동,중상사고,0,1,0,0,차대차 - 측면충돌,안전거리미확보,건조,맑음,교차로 - 교차로안,승용,여,41세,상해없음,이륜,남,45세,중상
2022080300100424,2022년 8월 3일 18시,수요일,경상남도 진주시 상대동,중상사고,0,1,0,0,차대차 - 추돌,안전운전불이행,건조,맑음,단일로 - 기타,이륜,남,17세,상해없음,이륜,남,32세,중상
2022080300100425,2022년 8월 3일 18시,수요일,경상남도 사천시 노룡동,경상사고,0,0,2,0,차대차 - 측면충돌,교차로운행방법위반,건조,맑음,교차로 - 교차로안,승용,여,55세,경상,승용,남,43세,경상
2022080300100426,2022년 8월 3일 18시,수요일,경상남도 김해시 내동,중상사고,0,1,0,0,차대차 - 기타,중앙선침범,건조,맑음,단일로 - 기타,승용,여,59세,상해없음,이륜,남,34세,중상
2022080300100427,2022년 8월 3일 18시,수요일,경상남도 창원시 의창구 북면,경상사고,0,0,4,0,차대차 - 측면충돌,신호위반,건조,맑음,교차로 - 교차로안,승용,여,58세,상해없음,승용,여,43세,경상
2022080300100457,2022년 8월 3일 19시,수요일,경상남도 함양군 함양읍,경상사고,0,0,1,0,차대차 - 추돌,교차로운행방법위반,젖음/습기,맑음,교차로 - 교차로안,승용,남,54세,상해없음,이륜,남,60세,경상
2022080300100490,2022년 8월 3일 20시,수요일,경상남도 밀양시 내일동,경상사고,0,0,1,0,차대차 - 측면충돌,교차로운행방법위반,건조,흐림,교차로 - 교차로안,승용,남,37세,상해없음,이륜,남,41세,경상
2022080400100041,2022년 8월 4일 06시,목요일,경상남도 김해시 부원동,경상사고,0,0,2,0,차대차 - 추돌,안전거리미확보,건조,맑음,교차로 - 교차로부근,승용,남,55세,상해없음,승용,여,50세,경상
2022080400100083,2022년 8월 4일 08시,목요일,경상남도 하동군 하동읍,사망사고,1,0,1,0,차대사람 - 기타,보행자보호의무위반,건조,맑음,교차로 - 교차로횡단보도내,승용,남,68세,상해없음,보행자,남,72세,사망
2022080400100084,2022년 8월 4일 08시,목요일,경상남도 거제시 상동동,경상사고,0,0,2,0,차대차 - 추돌,안전거리미확보,건조,맑음,교차로 - 교차로부근,승용,남,65세,상해없음,승용,남,46세,경상
2022080400100085,2022년 8월 4일 08시,목요일,경상남도 창원시 성산구 상남동,중상사고,0,1,0,0,차대차 - 측면충돌,신호위반,건조,맑음,교차로 - 교차로안,승용,남,29세,상해없음,승용,여,39세,중상
2022080400100142,2022년 8월 4일 10시,목요일,경상남도 통영시 도산면,경상사고,0,0,1,0,차대차 - 기타,안전운전불이행,건조,맑음,단일로 - 기타,화물,여,44세,상해없음,승용,남,58세,경상
2022080400100143,2022년 8월 4일 10시,목요일,경상남도 통영시 미수동,경상사고,0,0,1,0,차대차 - 측면충돌,안전거리미확보,건조,맑음,단일로 - 기타,특수,남,57세,상해없음,승합,남,48세,경상
2022080400100144,2022년 8월 4일 10시,목요일,경상남도 창원시 성산구 귀산동,경상사고,0,0,1,0,차대차 - 측면충돌,기타,건조,맑음,단일로 - 기타,화물,남,58세,상해없음,승용,남,42세,경상
2022080400100170,2022년 8월 4일 11시,목요일,경상남도 창원시 마산회원구 양덕동,경상사고,0,0,1,0,차대차 - 측면충돌,안전운전불이행,건조,기타,교차로 - 교차로부근,승용,남,60세,상해없음,화물,남,47세,경상
2022080400100213,2022년 8월 4일 12시,목요일,경상남도 양산시 물금읍,경상사고,0,0,3,0,차대차 - 추돌,안전운전불이행,건조,맑음,단일로 - 기타,이륜,남,42세,경상,승용,남,37세,경상
2022080400100214,2022년 8월 4일 12시,목요일,경상남도 산청군 단성면,경상사고,0,0,1,0,차대차 - 측면충돌,안전운전불이행,건조,맑음,단일로 - 기타,화물,남,75세,상해없음,승용,남,22세,상해없음
2022080400100246,2022년 8월 4일 13시,목요일,경상남도 통영시 미수동,경상사고,0,0,3,0,차대차 - 기타,교차로운행방법위반,건조,맑음,교차로 - 교차로부근,화물,남,76세,경상,승용,여,51세,경상
2022080400100282,2022년 8월 4일 14시,목요일,경상남도 진주시 가좌동,경상사고,0,0,1,0,차대차 - 기타,안전운전불이행,건조,맑음,단일로 - 기타,승합,남,54세,상해없음,승용,여,24세,경상
2022080400100283,2022년 8월 4일 14시,목요일,경상남도 창원시 진해구 자은동,경상사고,0,0,1,0,차대차 - 측면충돌,신호위반,건조,맑음,교차로 - 교차로안,이륜,남,41세,상해없음,이륜,남,42세,경상
2022080400100284,2022년 8월 4일 14시,목요일,경상남도 통영시 광도면,경상사고,0,0,2,0,차대차 - 측면충돌,안전거리미확보,건조,맑음,교차로 - 교차로부근,승용,남,62세,상해없음,이륜,남,36세,경상
2022080400100322,2022년 8월 4일 15시,목요일,경상남도 창원시 의창구 팔용동,경상사고,0,0,1,0,차대차 - 기타,신호위반,건조,맑음,교차로 - 교차로안,승용,여,66세,상해없음,승용,여,53세,경상
2022080400100323,2022년 8월 4일 15시,목요일,경상남도 창원시 의창구 북면,경상사고,0,0,1,0,차대차 - 기타,중앙선침범,건조,맑음,단일로 - 기타,승용,남,62세,상해없음,승용,남,42세,경상
2022080400100324,2022년 8월 4일 15시,목요일,경상남도 김해시 진영읍,경상사고,0,0,1,0,차대차 - 추돌,안전운전불이행,건조,맑음,교차로 - 교차로부근,승용,여,42세,상해없음,승용,남,47세,경상
2022080400100358,2022년 8월 4일 16시,목요일,경상남도 거제시 양정동,중상사고,0,1,0,0,차대사람 - 횡단중,보행자보호의무위반,건조,맑음,교차로 - 교차로안,승용,남,60세,상해없음,보행자,남,9세,중상
2022080400100359,2022년 8월 4일 16시,목요일,경상남도 산청군 오부면,경상사고,0,0,1,0,차량단독 - 기타,안전운전불이행,건조,맑음,단일로 - 기타,화물,남,62세,경상,,,,
2022080400100360,2022년 8월 4일 16시,목요일,경상남도 창원시 성산구 대원동,경상사고,0,0,1,0,차대차 - 측면충돌,신호위반,건조,맑음,교차로 - 교차로안,화물,남,65세,상해없음,승용,남,32세,경상
2022080400100361,2022년 8월 4일 16시,목요일,경상남도 창원시 성산구 신촌동,부상신고사고,0,0,0,1,차대사람 - 차도통행중,안전운전불이행,건조,맑음,단일로 - 기타,승용,남,32세,상해없음,보행자,남,40세,부상신고
2022080400100393,2022년 8월 4일 17시,목요일,경상남도 고성군 고성읍,중상사고,0,1,0,0,차대차 - 측면충돌,중앙선침범,건조,맑음,단일로 - 기타,개인형이동수단(PM),여,59세,중상,승용,남,49세,상해없음
2022080400100394,2022년 8월 4일 17시,목요일,경상남도 거제시 옥포동,경상사고,0,0,1,0,차대사람 - 횡단중,안전운전불이행,건조,맑음,교차로 - 교차로횡단보도내,자전거,남,30세,상해없음,보행자,여,22세,경상
2022080400100395,2022년 8월 4일 17시,목요일,경상남도 거제시 연초면,경상사고,0,0,1,0,차대차 - 측면충돌,교차로운행방법위반,건조,맑음,교차로 - 교차로안,승용,남,19세,상해없음,승용,남,65세,경상
2022080400100396,2022년 8월 4일 17시,목요일,경상남도 창원시 의창구 팔용동,경상사고,0,0,3,0,차대차 - 기타,안전운전불이행,건조,맑음,단일로 - 기타,화물,남,65세,상해없음,승용,여,26세,경상
2022080400100432,2022년 8월 4일 18시,목요일,경상남도 김해시 외동,중상사고,0,1,0,0,차대사람 - 횡단중,안전운전불이행,건조,맑음,교차로 - 교차로안,승용,여,27세,상해없음,보행자,여,27세,중상
2022080400100463,2022년 8월 4일 19시,목요일,경상남도 진주시 망경동,중상사고,0,1,0,0,차대사람 - 횡단중,보행자보호의무위반,건조,맑음,교차로 - 교차로안,승용,남,62세,상해없음,보행자,여,69세,중상
2022080400100491,2022년 8월 4일 20시,목요일,경상남도 사천시 정동면,경상사고,0,0,1,0,차대사람 - 차도통행중,안전운전불이행,건조,맑음,단일로 - 기타,이륜,남,32세,상해없음,보행자,여,45세,경상
2022080400100528,2022년 8월 4일 22시,목요일,경상남도 김해시 삼문동,경상사고,0,0,1,0,차대사람 - 횡단중,보행자보호의무위반,건조,맑음,교차로 - 교차로횡단보도내,이륜,남,27세,상해없음,보행자,여,35세,경상
2022080400100540,2022년 8월 4일 23시,목요일,경상남도 창원시 마산합포구 해운동,중상사고,0,2,0,1,차대차 - 정면충돌,중앙선침범,건조,맑음,단일로 - 기타,개인형이동수단(PM),남,16세,중상,승용,남,34세,부상신고
2022080400100541,2022년 8월 4일 23시,목요일,경상남도 통영시 무전동,중상사고,0,1,0,0,차량단독 - 공작물충돌,기타,건조,맑음,단일로 - 기타,승용,여,41세,기타불명,,,,
2022080400100542,2022년 8월 4일 23시,목요일,경상남도 김해시 삼방동,중상사고,0,1,0,0,차대차 - 측면충돌,교차로운행방법위반,건조,맑음,교차로 - 교차로안,승용,남,49세,상해없음,이륜,남,63세,중상
2022080400100543,2022년 8월 4일 23시,목요일,경상남도 김해시 진영읍,경상사고,0,0,1,0,차대차 - 추돌,안전운전불이행,건조,맑음,교차로 - 교차로부근,승용,남,51세,상해없음,원동기,남,48세,경상
2022080500100015,2022년 8월 5일 01시,금요일,경상남도 창원시 성산구 용호동,사망사고,1,0,0,0,차대사람 - 횡단중,안전운전불이행,건조,맑음,교차로 - 교차로횡단보도내,승용,남,30세,상해없음,보행자,남,70세,사망
2022080500100052,2022년 8월 5일 06시,금요일,경상남도 김해시 상동면,중상사고,0,1,1,0,차대차 - 기타,중앙선침범,건조,맑음,기타 - 기타,화물,남,50세,경상,화물,남,81세,중상
2022080500100067,2022년 8월 5일 07시,금요일,경상남도 창원시 진해구 안골동,경상사고,0,0,2,0,차대차 - 측면충돌,신호위반,건조,맑음,교차로 - 교차로안,화물,남,52세,상해없음,승용,남,69세,경상
2022080500100092,2022년 8월 5일 08시,금요일,경상남도 김해시 지내동,경상사고,0,0,2,0,차대차 - 기타,안전운전불이행,건조,맑음,교차로 - 교차로안,승용,여,52세,경상,승용,남,61세,경상
2022080500100093,2022년 8월 5일 08시,금요일,경상남도 고성군 동해면,경상사고,0,0,1,0,차대차 - 추돌,안전운전불이행,건조,맑음,단일로 - 기타,화물,남,28세,상해없음,승용,여,63세,경상
2022080500100117,2022년 8월 5일 09시,금요일,경상남도 하동군 금남면,경상사고,0,0,1,0,차대차 - 추돌,안전운전불이행,건조,맑음,단일로 - 기타,승용,여,52세,상해없음,승용,여,64세,경상
2022080500100118,2022년 8월 5일 09시,금요일,경상남도 산청군 차황면,경상사고,0,0,2,0,차량단독 - 도로외이탈 - 추락,안전운전불이행,건조,맑음,단일로 - 기타,승용,남,22세,경상,,,,
2022080500100154,2022년 8월 5일 10시,금요일,경상남도 통영시 용남면,경상사고,0,0,1,0,차대차 - 측면충돌,안전거리미확보,건조,맑음,기타 - 기타,승용,남,25세,상해없음,승용,남,29세,경상
2022080500100186,2022년 8월 5일 11시,금요일,경상남도 창원시 마산합포구 신포동1가,경상사고,0,0,1,0,차대차 - 측면충돌,안전운전불이행,건조,맑음,교차로 - 교차로안,승용,남,50세,상해없음,승용,남,34세,경상
2022080500100187,2022년 8월 5일 11시,금요일,경상남도 통영시 산양읍,중상사고,0,1,0,0,차대차 - 측면충돌,직진우회전진행방해,건조,맑음,교차로 - 교차로안,승용,남,70세,상해없음,승용,남,60세,상해없음
2022080500100226,2022년 8월 5일 12시,금요일,경상남도 사천시 사천읍,경상사고,0,0,1,0,차대차 - 측면충돌,직진우회전진행방해,건조,맑음,교차로 - 교차로안,화물,남,58세,상해없음,이륜,남,18세,경상
2022080500100227,2022년 8월 5일 12시,금요일,경상남도 양산시 덕계동,경상사고,0,0,1,0,차량단독 - 기타,안전운전불이행,건조,맑음,교차로 - 교차로안,승용,여,70세,상해없음,,,,
2022080500100228,2022년 8월 5일 12시,금요일,경상남도 창원시 의창구 중동,중상사고,0,1,0,0,차대차 - 추돌,안전운전불이행,건조,맑음,단일로 - 기타,이륜,남,39세,상해없음,이륜,여,35세,중상
2022080500100264,2022년 8월 5일 13시,금요일,경상남도 합천군 율곡면,중상사고,0,1,1,0,차대차 - 추돌,안전운전불이행,건조,맑음,교차로 - 교차로부근,화물,남,40세,상해없음,화물,남,65세,경상
2022080500100301,2022년 8월 5일 14시,금요일,경상남도 통영시 무전동,중상사고,0,1,0,0,차대차 - 측면충돌,안전운전불이행,건조,맑음,기타 - 기타,자전거,남,72세,중상,승용,남,46세,상해없음
2022080500100302,2022년 8월 5일 14시,금요일,경상남도 거창군 남하면,경상사고,0,0,2,0,차대차 - 추돌,기타,건조,맑음,단일로 - 기타,화물,남,58세,상해없음,화물,남,52세,상해없음
2022080500100337,2022년 8월 5일 15시,금요일,경상남도 통영시 도천동,경상사고,0,0,2,0,차대차 - 추돌,안전거리미확보,건조,맑음,교차로 - 교차로안,승용,남,37세,상해없음,승용,남,40세,경상
2022080500100339,2022년 8월 5일 15시,금요일,경상남도 김해시 삼계동,중상사고,0,2,0,0,차량단독 - 공작물충돌,안전운전불이행,건조,맑음,교차로 - 교차로안,승용,남,80세,중상,,,,
2022080500100340,2022년 8월 5일 15시,금요일,경상남도 양산시 물금읍,경상사고,0,0,2,1,차대차 - 측면충돌,안전운전불이행,건조,맑음,교차로 - 교차로안,승합,남,48세,상해없음,승합,남,58세,부상신고
2022080500100375,2022년 8월 5일 16시,금요일,경상남도 밀양시 상남면,경상사고,0,0,2,0,차대차 - 추돌,안전운전불이행,건조,맑음,교차로 - 교차로부근,화물,남,70세,상해없음,승용,여,42세,경상
2022080500100376,2022년 8월 5일 16시,금요일,경상남도 창녕군 남지읍,경상사고,0,0,2,0,차대차 - 기타,안전운전불이행,건조,맑음,기타 - 기타,승용,남,76세,상해없음,승용,여,36세,경상
2022080500100417,2022년 8월 5일 17시,금요일,경상남도 함양군 서상면,중상사고,0,1,0,0,차량단독 - 전도전복 - 전도,안전운전불이행,건조,맑음,단일로 - 기타,사륜오토바이(ATV),여,75세,중상,,,,
2022080500100418,2022년 8월 5일 17시,금요일,경상남도 함양군 서상면,사망사고,1,0,0,0,차량단독 - 기타,안전운전불이행,건조,맑음,단일로 - 기타,화물,남,67세,사망,,,,
2022080500100471,2022년 8월 5일 18시,금요일,경상남도 사천시 벌리동,경상사고,0,0,1,0,차대차 - 측면충돌,안전운전불이행,건조,맑음,교차로 - 교차로횡단보도내,자전거,남,12세,경상,승용,남,22세,상해없음
2022080500100472,2022년 8월 5일 18시,금요일,경상남도 김해시 강동,경상사고,0,0,1,0,차대차 - 측면충돌,안전운전불이행,건조,맑음,교차로 - 교차로안,승용,남,63세,상해없음,승용,남,41세,경상
2022080500100506,2022년 8월 5일 19시,금요일,경상남도 진주시 명석면,사망사고,1,0,0,0,차대차 - 후진중충돌,안전운전불이행,건조,맑음,단일로 - 기타,농기계,남,79세,사망,승합,기타불명,미분류,기타불명
2022080500100507,2022년 8월 5일 19시,금요일,경상남도 통영시 북신동,경상사고,0,0,1,0,차대차 - 측면충돌,불법유턴,건조,맑음,교차로 - 교차로안,승용,여,65세,상해없음,이륜,남,33세,경상
2022080500100508,2022년 8월 5일 19시,금요일,경상남도 김해시 어방동,경상사고,0,0,1,0,차대사람 - 길가장자리구역통행중,안전운전불이행,건조,맑음,단일로 - 기타,이륜,남,22세,상해없음,보행자,남,12세,경상
2022080500100509,2022년 8월 5일 19시,금요일,경상남도 남해군 남해읍,중상사고,0,1,1,0,차대차 - 측면충돌,기타,건조,맑음,단일로 - 기타,승용,남,46세,경상,특수,남,40세,중상
2022080500100510,2022년 8월 5일 19시,금요일,경상남도 의령군 의령읍,중상사고,0,1,0,0,차대차 - 추돌,안전운전불이행,건조,맑음,단일로 - 기타,이륜,남,65세,중상,자전거,남,17세,상해없음
2022080500100538,2022년 8월 5일 20시,금요일,경상남도 통영시 광도면,경상사고,0,0,1,0,차대차 - 측면충돌,안전거리미확보,건조,맑음,단일로 - 기타,승용,여,45세,기타불명,이륜,남,42세,경상
2022080500100589,2022년 8월 5일 22시,금요일,경상남도 창원시 의창구 봉곡동,경상사고,0,0,2,0,차대차 - 기타,안전운전불이행,건조,맑음,교차로 - 교차로안,승용,여,48세,상해없음,승합,남,40세,경상
2022080500100601,2022년 8월 5일 23시,금요일,경상남도 김해시 진례면,중상사고,0,2,0,0,차대차 - 기타,차로위반,건조,맑음,단일로 - 기타,화물,남,60세,상해없음,승용,남,27세,중상
2022080600100024,2022년 8월 6일 02시,토요일,경상남도 창원시 성산구 반지동,경상사고,0,0,2,0,차대차 - 추돌,안전운전불이행,건조,맑음,교차로 - 교차로부근,화물,남,45세,상해없음,승용,남,56세,경상
2022080600100053,2022년 8월 6일 06시,토요일,경상남도 거창군 가조면,중상사고,0,1,0,0,차량단독 - 공작물충돌,안전운전불이행,건조,맑음,단일로 - 기타,승용,여,65세,상해없음,,,,
2022080600100084,2022년 8월 6일 08시,토요일,경상남도 통영시 정량동,중상사고,0,1,0,0,차대차 - 측면충돌,교차로운행방법위반,건조,맑음,교차로 - 교차로안,승용,남,46세,상해없음,이륜,남,61세,중상
2022080600100108,2022년 8월 6일 09시,토요일,경상남도 창원시 진해구 용원동,경상사고,0,0,2,0,차대차 - 기타,직진우회전진행방해,건조,맑음,교차로 - 교차로안,승용,남,30세,상해없음,승용,여,50세,경상
2022080600100109,2022년 8월 6일 09시,토요일,경상남도 김해시 부원동,부상신고사고,0,0,0,1,차대차 - 측면충돌,안전운전불이행,건조,맑음,교차로 - 교차로안,이륜,남,50세,부상신고,승용,남,60세,상해없음
2022080600100110,2022년 8월 6일 09시,토요일,경상남도 양산시 남부동,경상사고,0,0,1,0,차대차 - 측면충돌,안전운전불이행,건조,맑음,단일로 - 기타,자전거,남,78세,경상,승합,남,59세,상해없음
2022080600100195,2022년 8월 6일 12시,토요일,경상남도 진주시 장대동,중상사고,0,1,0,0,차대사람 - 횡단중,보행자보호의무위반,건조,맑음,교차로 - 교차로횡단보도내,승용,여,50세,상해없음,보행자,여,75세,중상
2022080600100196,2022년 8월 6일 12시,토요일,경상남도 통영시 광도면,경상사고,0,0,1,0,차대차 - 측면충돌,차로위반,건조,맑음,단일로 - 기타,승용,남,68세,상해없음,승용,남,36세,경상
2022080600100197,2022년 8월 6일 12시,토요일,경상남도 거창군 북상면,중상사고,0,1,0,0,차량단독 - 공작물충돌,안전운전불이행,건조,맑음,단일로 - 기타,농기계,남,81세,중상,,,,
2022080600100198,2022년 8월 6일 12시,토요일,경상남도 김해시 대청동,경상사고,0,0,3,0,차대차 - 측면충돌,안전운전불이행,건조,맑음,단일로 - 기타,승용,남,48세,경상,승용,여,29세,경상
2022080600100235,2022년 8월 6일 13시,토요일,경상남도 거제시 양정동,중상사고,0,1,0,0,차대차 - 기타,안전운전불이행,건조,맑음,단일로 - 기타,승용,남,57세,상해없음,원동기,남,46세,중상
2022080600100236,2022년 8월 6일 13시,토요일,경상남도 산청군 산청읍,부상신고사고,0,0,0,1,차대차 - 정면충돌,안전운전불이행,건조,맑음,단일로 - 기타,원동기,여,74세,부상신고,승용,남,58세,상해없음
2022080600100269,2022년 8월 6일 14시,토요일,경상남도 김해시 외동,부상신고사고,0,0,0,1,차대차 - 측면충돌,안전운전불이행,건조,맑음,교차로 - 교차로안,자전거,남,6세,부상신고,승용,남,55세,상해없음
2022080600100298,2022년 8월 6일 15시,토요일,경상남도 함양군 마천면,중상사고,0,2,2,0,차대차 - 후진중충돌,불법유턴,건조,맑음,단일로 - 기타,승용,여,56세,경상,승용,여,55세,중상
2022080600100330,2022년 8월 6일 16시,토요일,경상남도 양산시 덕계동,중상사고,0,1,0,0,차대차 - 측면충돌,안전거리미확보,건조,맑음,교차로 - 교차로안,승용,여,34세,상해없음,이륜,남,38세,중상
2022080600100361,2022년 8월 6일 17시,토요일,경상남도 합천군 율곡면,중상사고,0,1,0,0,차량단독 - 도로외이탈 - 추락,안전운전불이행,건조,맑음,단일로 - 기타,승용,남,79세,중상,,,,
2022080600100362,2022년 8월 6일 17시,토요일,경상남도 양산시 중부동,경상사고,0,0,3,0,차대차 - 기타,안전거리미확보,건조,맑음,단일로 - 기타,승용,여,52세,상해없음,승용,여,34세,경상