사고번호,사고일시,요일,시군구,사고내용,사망자수,중상자수,경상자수,부상신고자수,사고유형,법규위반,노면상태,기상상태,도로형태,가해운전자 차종,가해운전자 성별,가해운전자 연령,가해운전자 상해정도,피해운전자 차종,피해운전자 성별,피해운전자 연령,피해운전자 상해정도
2022080600100409,2022년 8월 6일 19시,토요일,경상남도 사천시 사남면,경상사고,0,0,1,0,차대차 - 후진중충돌,안전운전불이행,건조,맑음,단일로 - 기타,승용,남,38세,상해없음,원동기,남,37세,경상
2022080600100453,2022년 8월 6일 21시,토요일,경상남도 창원시 성산구 귀곡동,경상사고,0,0,1,0,차대차 - 후진중충돌,안전운전불이행,건조,맑음,기타 - 기타,승용,여,22세,상해없음,승용,남,26세,경상
2022080600100475,2022년 8월 6일 22시,토요일,경상남도 사천시 벌리동,중상사고,0,1,0,0,차대사람 - 횡단중,보행자보호의무위반,건조,맑음,교차로 - 교차로부근,승용,여,62세,상해없음,보행자,여,48세,중상
2022080600100476,2022년 8월 6일 22시,토요일,경상남도 김해시 서상동,경상사고,0,0,1,0,차대차 - 측면충돌,안전운전불이행,건조,맑음,단일로 - 기타,승용,남,50세,상해없음,승용,여,55세,경상
2022080700100007,2022년 8월 7일 00시,일요일,경상남도 김해시 불암동,경상사고,0,0,2,0,차대차 - 추돌,안전운전불이행,건조,맑음,교차로 - 교차로부근,승용,남,43세,상해없음,승용,남,40세,경상
2022080700100039,2022년 8월 7일 05시,일요일,경상남도 김해시 삼계동,중상사고,0,1,0,0,차대사람 - 횡단중,신호위반,건조,맑음,교차로 - 교차로안,승용,남,52세,상해없음,보행자,여,24세,중상
2022080700100061,2022년 8월 7일 08시,일요일,경상남도 거제시 동부면,경상사고,0,0,1,0,차대차 - 정면충돌,중앙선침범,건조,맑음,단일로 - 기타,이륜,남,30세,경상,승용,여,61세,상해없음
2022080700100074,2022년 8월 7일 09시,일요일,경상남도 함양군 마천면,경상사고,0,0,1,0,차대차 - 측면충돌,안전운전불이행,건조,맑음,단일로 - 기타,승용,여,63세,상해없음,승합,남,62세,상해없음
2022080700100087,2022년 8월 7일 10시,일요일,경상남도 창원시 진해구 남문동,중상사고,0,1,0,0,차대차 - 측면충돌,안전운전불이행,건조,맑음,교차로 - 교차로안,승용,남,60세,상해없음,자전거,여,77세,중상
2022080700100108,2022년 8월 7일 11시,일요일,경상남도 창원시 마산합포구 진전면,중상사고,0,1,5,0,차대차 - 추돌,안전거리미확보,건조,맑음,단일로 - 기타,이륜,남,50세,경상,화물,남,48세,상해없음
2022080700100186,2022년 8월 7일 14시,일요일,경상남도 통영시 북신동,중상사고,0,1,5,0,차대차 - 추돌,안전거리미확보,건조,맑음,단일로 - 기타,승용,남,61세,경상,승용,남,75세,상해없음
2022080700100187,2022년 8월 7일 14시,일요일,경상남도 통영시 정량동,중상사고,0,1,0,0,차대사람 - 기타,안전운전불이행,건조,맑음,단일로 - 기타,승용,남,63세,상해없음,보행자,여,62세,중상
2022080700100188,2022년 8월 7일 14시,일요일,경상남도 김해시 어방동,경상사고,0,0,4,0,차대차 - 추돌,안전운전불이행,건조,맑음,단일로 - 기타,승용,남,68세,상해없음,승용,남,66세,경상
2022080700100190,2022년 8월 7일 14시,일요일,경상남도 거제시 일운면,중상사고,0,1,0,0,차대차 - 기타,직진우회전진행방해,건조,맑음,교차로 - 교차로안,승용,남,37세,상해없음,이륜,남,33세,중상
2022080700100191,2022년 8월 7일 14시,일요일,경상남도 거제시 고현동,경상사고,0,0,4,0,차대차 - 기타,안전거리미확보,건조,맑음,교차로 - 교차로부근,승용,여,60세,상해없음,승합,남,62세,경상
2022080700100212,2022년 8월 7일 15시,일요일,경상남도 통영시 문화동,경상사고,0,0,1,0,차대차 - 추돌,안전거리미확보,건조,맑음,단일로 - 기타,승용,남,61세,상해없음,승용,남,29세,경상
2022080700100213,2022년 8월 7일 15시,일요일,경상남도 사천시 노룡동,경상사고,0,0,5,0,차대차 - 추돌,안전운전불이행,건조,맑음,교차로 - 교차로부근,승용,여,33세,상해없음,승합,남,44세,경상
2022080700100228,2022년 8월 7일 16시,일요일,경상남도 통영시 산양읍,경상사고,0,0,4,0,차대차 - 측면충돌,중앙선침범,건조,맑음,단일로 - 기타,승용,여,57세,상해없음,승용,남,42세,경상
2022080700100229,2022년 8월 7일 16시,일요일,경상남도 양산시 산막동,중상사고,0,1,3,0,차대차 - 측면충돌,신호위반,건조,맑음,교차로 - 교차로안,승용,남,60세,상해없음,승용,남,50세,경상
2022080700100256,2022년 8월 7일 17시,일요일,경상남도 김해시 진영읍,경상사고,0,0,2,0,차대차 - 측면충돌,안전운전불이행,건조,맑음,단일로 - 기타,이륜,남,42세,상해없음,승용,남,38세,경상
2022080700100285,2022년 8월 7일 18시,일요일,경상남도 진주시 집현면,경상사고,0,0,1,0,차대차 - 측면충돌,신호위반,건조,맑음,교차로 - 교차로안,이륜,남,53세,경상,승용,남,69세,상해없음
2022080700100286,2022년 8월 7일 18시,일요일,경상남도 김해시 관동동,중상사고,0,1,1,0,차대차 - 측면충돌,교차로운행방법위반,건조,맑음,교차로 - 교차로안,이륜,남,20세,중상,이륜,남,18세,경상
2022080700100308,2022년 8월 7일 19시,일요일,경상남도 김해시 서상동,경상사고,0,0,1,0,차대사람 - 길가장자리구역통행중,안전운전불이행,건조,맑음,단일로 - 기타,이륜,남,55세,상해없음,보행자,여,56세,경상
2022080700100309,2022년 8월 7일 19시,일요일,경상남도 김해시 율하동,경상사고,0,0,1,0,차대차 - 측면충돌,안전거리미확보,건조,맑음,단일로 - 기타,승용,남,48세,상해없음,원동기,남,23세,경상
2022080700100333,2022년 8월 7일 20시,일요일,경상남도 통영시 미수동,경상사고,0,0,2,0,차대차 - 측면충돌,신호위반,건조,맑음,교차로 - 교차로부근,승용,남,55세,상해없음,화물,남,66세,경상
2022080700100334,2022년 8월 7일 20시,일요일,경상남도 남해군 미조면,경상사고,0,0,1,0,차대사람 - 차도통행중,안전운전불이행,건조,맑음,단일로 - 기타,승용,남,49세,상해없음,보행자,남,23세,경상
2022080700100335,2022년 8월 7일 20시,일요일,경상남도 김해시 율하동,중상사고,0,1,0,0,차대차 - 측면충돌,신호위반,건조,맑음,교차로 - 교차로안,승용,여,43세,상해없음,승용,여,44세,중상
2022080700100348,2022년 8월 7일 21시,일요일,경상남도 김해시 부곡동,경상사고,0,0,1,0,차대차 - 측면충돌,안전거리미확보,건조,맑음,단일로 - 기타,화물,남,62세,상해없음,승용,여,28세,경상
2022080700100367,2022년 8월 7일 22시,일요일,경상남도 밀양시 상남면,경상사고,0,0,4,0,차대차 - 측면충돌,신호위반,건조,흐림,교차로 - 교차로안,승용,남,25세,기타불명,승용,남,42세,경상
2022080800100084,2022년 8월 8일 08시,월요일,경상남도 통영시 무전동,중상사고,0,1,0,0,차대차 - 추돌,안전운전불이행,건조,맑음,단일로 - 기타,승용,남,62세,상해없음,승용,남,62세,상해없음
2022080800100085,2022년 8월 8일 08시,월요일,경상남도 합천군 합천읍,사망사고,1,1,0,0,차대차 - 측면충돌,교차로운행방법위반,건조,흐림,교차로 - 교차로안,승용,여,45세,중상,화물,남,72세,사망
2022080800100135,2022년 8월 8일 10시,월요일,경상남도 통영시 도남동,중상사고,0,1,0,0,차대차 - 측면충돌,교차로운행방법위반,건조,맑음,교차로 - 교차로안,승용,여,41세,상해없음,원동기,남,72세,중상
2022080800100136,2022년 8월 8일 10시,월요일,경상남도 김해시 외동,경상사고,0,0,1,0,차대사람 - 차도통행중,안전운전불이행,건조,맑음,단일로 - 기타,승용,여,36세,상해없음,보행자,남,8세,경상
2022080800100165,2022년 8월 8일 11시,월요일,경상남도 진주시 평거동,중상사고,0,1,0,0,차대차 - 측면충돌,안전운전불이행,건조,맑음,교차로 - 교차로부근,승용,남,53세,상해없음,승용,남,33세,중상
2022080800100166,2022년 8월 8일 11시,월요일,경상남도 양산시 덕계동,중상사고,0,1,0,0,차대사람 - 기타,보행자보호의무위반,건조,맑음,교차로 - 교차로안,승용,여,52세,상해없음,보행자,남,76세,중상
2022080800100167,2022년 8월 8일 11시,월요일,경상남도 창원시 의창구 사림동,중상사고,0,1,0,0,차대사람 - 횡단중,보행자보호의무위반,건조,맑음,교차로 - 교차로횡단보도내,승용,남,60세,상해없음,보행자,남,19세,중상
2022080800100195,2022년 8월 8일 12시,월요일,경상남도 거제시 수월동,중상사고,0,1,0,0,차대차 - 측면충돌,안전운전불이행,건조,맑음,기타 - 기타,승용,여,44세,상해없음,이륜,남,26세,중상
2022080800100224,2022년 8월 8일 13시,월요일,경상남도 함안군 가야읍,중상사고,0,1,0,0,차대차 - 측면충돌,안전운전불이행,건조,맑음,기타 - 기타,승용,남,42세,상해없음,자전거,남,12세,중상
2022080800100225,2022년 8월 8일 13시,월요일,경상남도 창원시 마산회원구 양덕동,중상사고,0,1,1,0,차대차 - 측면충돌,안전운전불이행,건조,맑음,교차로 - 교차로부근,승용,남,67세,상해없음,승용,여,50세,중상
2022080800100226,2022년 8월 8일 13시,월요일,경상남도 창원시 의창구 동읍,경상사고,0,0,3,0,차대차 - 측면충돌,신호위반,건조,맑음,단일로 - 기타,승용,여,54세,상해없음,승용,남,65세,경상
2022080800100261,2022년 8월 8일 14시,월요일,경상남도 창원시 마산합포구 해운동,중상사고,0,1,1,0,차대차 - 측면충돌,안전운전불이행,건조,맑음,교차로 - 교차로안,승합,여,55세,상해없음,승용,여,27세,중상
2022080800100262,2022년 8월 8일 14시,월요일,경상남도 양산시 덕계동,경상사고,0,0,1,0,차대차 - 측면충돌,안전거리미확보,건조,맑음,단일로 - 기타,승용,여,62세,상해없음,승용,여,28세,경상
2022080800100297,2022년 8월 8일 15시,월요일,경상남도 창원시 진해구 경화동,경상사고,0,0,2,0,차대차 - 추돌,안전운전불이행,건조,흐림,교차로 - 교차로부근,이륜,남,42세,상해없음,승용,여,52세,경상
2022080800100298,2022년 8월 8일 15시,월요일,경상남도 사천시 사천읍,경상사고,0,0,1,0,차대차 - 기타,직진우회전진행방해,건조,맑음,교차로 - 교차로안,승용,남,51세,상해없음,승용,여,52세,경상
2022080800100324,2022년 8월 8일 16시,월요일,경상남도 사천시 사남면,중상사고,0,1,0,0,차대차 - 측면충돌,직진우회전진행방해,건조,맑음,교차로 - 교차로안,화물,남,68세,상해없음,승용,남,63세,중상
2022080800100325,2022년 8월 8일 16시,월요일,경상남도 함양군 함양읍,경상사고,0,0,1,0,차대차 - 측면충돌,중앙선침범,건조,맑음,교차로 - 교차로안,자전거,남,12세,경상,승합,여,40세,상해없음
2022080800100326,2022년 8월 8일 16시,월요일,경상남도 창원시 의창구 소답동,경상사고,0,0,1,0,차대사람 - 기타,안전운전불이행,건조,맑음,단일로 - 기타,승용,여,43세,상해없음,보행자,여,42세,경상
2022080800100377,2022년 8월 8일 17시,월요일,경상남도 김해시 진영읍,부상신고사고,0,0,0,1,차대차 - 추돌,안전운전불이행,건조,맑음,단일로 - 기타,이륜,남,33세,부상신고,승용,여,56세,상해없음
2022080800100422,2022년 8월 8일 18시,월요일,경상남도 밀양시 상남면,중상사고,0,1,0,0,차대차 - 기타,안전운전불이행,건조,맑음,단일로 - 기타,승용,남,68세,상해없음,이륜,남,41세,중상
2022080800100452,2022년 8월 8일 19시,월요일,경상남도 창원시 마산회원구 합성동,중상사고,0,1,0,0,차대차 - 측면충돌,안전운전불이행,건조,맑음,교차로 - 교차로안,승용,여,72세,상해없음,이륜,남,78세,중상
2022080800100483,2022년 8월 8일 20시,월요일,경상남도 거제시 남부면,중상사고,0,1,0,0,차량단독 - 도로외이탈 - 추락,안전운전불이행,건조,맑음,단일로 - 기타,승용,여,51세,중상,,,,
2022080800100563,2022년 8월 8일 23시,월요일,경상남도 창원시 진해구 용원동,부상신고사고,0,0,0,1,차대차 - 정면충돌,안전운전불이행,건조,맑음,기타 - 기타,기타불명,기타불명,미분류,기타불명,자전거,남,16세,부상신고
2022080800100564,2022년 8월 8일 23시,월요일,경상남도 밀양시 내이동,경상사고,0,0,2,0,차대차 - 추돌,안전운전불이행,건조,맑음,교차로 - 교차로안,승용,남,24세,경상,승용,남,23세,경상
2022080800100565,2022년 8월 8일 23시,월요일,경상남도 거제시 장평동,중상사고,0,1,0,1,차대사람 - 기타,보행자보호의무위반,건조,맑음,교차로 - 교차로횡단보도내,이륜,남,24세,부상신고,보행자,남,47세,중상
2022080900100056,2022년 8월 9일 07시,화요일,경상남도 김해시 동상동,중상사고,0,1,0,0,차대사람 - 횡단중,보행자보호의무위반,건조,흐림,교차로 - 교차로횡단보도내,승용,여,66세,상해없음,보행자,여,58세,중상
2022080900100057,2022년 8월 9일 07시,화요일,경상남도 양산시 중부동,중상사고,0,1,0,0,차대차 - 측면충돌,안전운전불이행,건조,맑음,교차로 - 교차로횡단보도내,승용,여,30세,상해없음,자전거,남,90세,중상
2022080900100058,2022년 8월 9일 07시,화요일,경상남도 거제시 장평동,경상사고,0,0,1,0,차대차 - 기타,안전운전불이행,건조,맑음,교차로 - 교차로안,자전거,남,39세,경상,이륜,남,42세,상해없음
2022080900100084,2022년 8월 9일 08시,화요일,경상남도 고성군 고성읍,경상사고,0,0,1,0,차대차 - 추돌,안전거리미확보,건조,맑음,단일로 - 기타,승용,여,48세,상해없음,승용,남,56세,경상
2022080900100115,2022년 8월 9일 09시,화요일,경상남도 진주시 대평면,중상사고,0,1,1,0,차대차 - 기타,안전운전불이행,건조,맑음,단일로 - 기타,승용,여,53세,상해없음,자전거,남,42세,중상
2022080900100116,2022년 8월 9일 09시,화요일,경상남도 사천시 사천읍,경상사고,0,0,1,0,차대차 - 측면충돌,안전운전불이행,건조,맑음,교차로 - 교차로안,승용,여,30세,상해없음,승용,남,55세,경상
2022080900100117,2022년 8월 9일 09시,화요일,경상남도 함양군 함양읍,경상사고,0,0,1,0,차대차 - 후진중충돌,불법유턴,건조,맑음,교차로 - 교차로안,화물,남,78세,상해없음,자전거,여,73세,경상
2022080900100141,2022년 8월 9일 10시,화요일,경상남도 창녕군 창녕읍,중상사고,0,1,0,0,차대차 - 측면충돌,안전운전불이행,건조,맑음,교차로 - 교차로안,승용,남,63세,상해없음,승용,여,60세,상해없음
2022080900100142,2022년 8월 9일 10시,화요일,경상남도 양산시 동면,중상사고,0,1,0,0,차량단독 - 공작물충돌,안전운전불이행,젖음/습기,흐림,단일로 - 기타,승용,여,68세,중상,,,,
2022080900100143,2022년 8월 9일 10시,화요일,경상남도 김해시 장유동,경상사고,0,0,1,0,차대차 - 추돌,안전운전불이행,건조,맑음,단일로 - 기타,화물,남,66세,상해없음,승용,여,37세,경상
2022080900100199,2022년 8월 9일 12시,화요일,경상남도 통영시 북신동,경상사고,0,0,1,0,차대차 - 측면충돌,안전운전불이행,건조,맑음,교차로 - 교차로안,승용,남,63세,상해없음,승용,여,44세,경상
2022080900100200,2022년 8월 9일 12시,화요일,경상남도 통영시 당동,경상사고,0,0,2,0,차대차 - 추돌,안전운전불이행,건조,맑음,교차로 - 교차로안,화물,남,30세,상해없음,승용,남,65세,경상
2022080900100201,2022년 8월 9일 12시,화요일,경상남도 사천시 동금동,중상사고,0,1,0,0,차대차 - 측면충돌,안전거리미확보,건조,맑음,교차로 - 교차로부근,승용,남,71세,상해없음,이륜,남,37세,중상
2022080900100202,2022년 8월 9일 12시,화요일,경상남도 김해시 어방동,중상사고,0,1,0,0,차대차 - 기타,중앙선침범,건조,맑음,단일로 - 기타,승용,남,24세,상해없음,이륜,남,43세,중상
2022080900100203,2022년 8월 9일 12시,화요일,경상남도 창원시 마산회원구 내서읍,경상사고,0,0,1,0,차량단독 - 기타,기타,건조,맑음,교차로 - 교차로부근,이륜,남,73세,경상,,,,
2022080900100204,2022년 8월 9일 12시,화요일,경상남도 창원시 의창구 서상동,경상사고,0,0,1,0,차대차 - 측면충돌,차로위반,건조,맑음,교차로 - 교차로부근,승용,여,60세,상해없음,승용,여,32세,경상
2022080900100224,2022년 8월 9일 13시,화요일,경상남도 창원시 마산합포구 중앙동3가,경상사고,0,0,1,0,차량단독 - 기타,안전운전불이행,건조,맑음,단일로 - 기타,승합,남,49세,상해없음,,,,
2022080900100225,2022년 8월 9일 13시,화요일,경상남도 창녕군 고암면,경상사고,0,0,1,0,차대차 - 기타,안전운전불이행,건조,맑음,단일로 - 기타,기타불명,남,61세,기타불명,원동기,남,75세,경상
2022080900100226,2022년 8월 9일 13시,화요일,경상남도 거제시 옥포동,경상사고,0,0,1,0,차대차 - 기타,보행자보호의무위반,건조,맑음,교차로 - 교차로부근,승용,여,50세,상해없음,자전거,남,11세,경상
2022080900100251,2022년 8월 9일 14시,화요일,경상남도 사천시 동금동,중상사고,0,1,1,0,차대차 - 측면충돌,안전운전불이행,건조,맑음,단일로 - 기타,화물,남,63세,상해없음,자전거,남,78세,중상
2022080900100252,2022년 8월 9일 14시,화요일,경상남도 함양군 마천면,사망사고,1,0,0,0,차대사람 - 차도통행중,안전운전불이행,건조,흐림,교차로 - 교차로안,화물,남,55세,상해없음,보행자,여,75세,사망
2022080900100286,2022년 8월 9일 15시,화요일,경상남도 고성군 삼산면,중상사고,0,1,0,0,차대사람 - 차도통행중,안전운전불이행,건조,맑음,단일로 - 기타,화물,남,39세,상해없음,보행자,여,72세,중상
2022080900100310,2022년 8월 9일 16시,화요일,경상남도 통영시 항남동,중상사고,0,1,0,0,차대차 - 측면충돌,안전운전불이행,건조,맑음,교차로 - 교차로부근,승용,남,37세,상해없음,자전거,남,74세,중상
2022080900100311,2022년 8월 9일 16시,화요일,경상남도 통영시 광도면,경상사고,0,0,1,0,차대사람 - 횡단중,신호위반,건조,맑음,교차로 - 교차로안,이륜,남,21세,상해없음,보행자,남,11세,경상
2022080900100312,2022년 8월 9일 16시,화요일,경상남도 양산시 교동,중상사고,0,1,0,0,차량단독 - 전도전복 - 전도,기타,건조,흐림,교차로 - 교차로안,화물,남,48세,중상,,,,
2022080900100344,2022년 8월 9일 17시,화요일,경상남도 창원시 마산회원구 내서읍,경상사고,0,0,1,0,차대사람 - 기타,기타,건조,맑음,기타 - 기타,승용,여,33세,상해없음,보행자,여,40세,경상
2022080900100383,2022년 8월 9일 18시,화요일,경상남도 창원시 진해구 이동,경상사고,0,0,1,0,차대차 - 측면충돌,안전운전불이행,건조,맑음,교차로 - 교차로부근,특수,남,56세,상해없음,승용,남,43세,경상
2022080900100384,2022년 8월 9일 18시,화요일,경상남도 밀양시 교동,중상사고,0,1,0,0,차대사람 - 길가장자리구역통행중,안전운전불이행,건조,흐림,단일로 - 기타,승합,남,59세,상해없음,보행자,여,66세,중상
2022080900100385,2022년 8월 9일 18시,화요일,경상남도 창녕군 영산면,부상신고사고,0,0,0,1,차량단독 - 전도전복 - 전도,안전운전불이행,건조,맑음,기타 - 기타,원동기,남,61세,부상신고,,,,
2022080900100386,2022년 8월 9일 18시,화요일,경상남도 거제시 고현동,중상사고,0,1,1,0,차대차 - 측면충돌,기타,건조,맑음,교차로 - 교차로안,화물,남,35세,경상,이륜,남,38세,중상
2022080900100387,2022년 8월 9일 18시,화요일,경상남도 거제시 두모동,경상사고,0,0,1,0,차대차 - 기타,안전운전불이행,건조,맑음,주차장 - 주차장,승용,남,45세,상해없음,원동기,남,41세,경상
2022080900100388,2022년 8월 9일 18시,화요일,경상남도 창원시 의창구 사림동,중상사고,0,1,0,0,차대차 - 정면충돌,안전운전불이행,건조,맑음,교차로 - 교차로안,승용,남,58세,상해없음,자전거,여,61세,중상
2022080900100428,2022년 8월 9일 19시,화요일,경상남도 진주시 옥봉동,경상사고,0,0,1,0,차대사람 - 기타,보행자보호의무위반,건조,맑음,교차로 - 교차로횡단보도내,승용,여,23세,상해없음,보행자,남,75세,경상
2022080900100495,2022년 8월 9일 22시,화요일,경상남도 김해시 삼정동,중상사고,0,1,0,0,차대차 - 기타,신호위반,건조,맑음,교차로 - 교차로안,이륜,남,25세,중상,승용,남,61세,상해없음
2022080900100496,2022년 8월 9일 22시,화요일,경상남도 창원시 성산구 상남동,경상사고,0,0,2,0,차대차 - 측면충돌,안전운전불이행,건조,맑음,교차로 - 교차로안,승용,남,45세,상해없음,승용,남,40세,경상
2022080900100513,2022년 8월 9일 23시,화요일,경상남도 창원시 진해구 남문동,경상사고,0,0,1,0,차대차 - 측면충돌,안전운전불이행,건조,맑음,단일로 - 기타,승용,남,35세,상해없음,화물,남,23세,경상
2022081000100010,2022년 8월 10일 00시,수요일,경상남도 밀양시 내일동,중상사고,0,1,0,0,차량단독 - 기타,안전운전불이행,건조,맑음,단일로 - 기타,이륜,남,22세,중상,,,,
2022081000100049,2022년 8월 10일 06시,수요일,경상남도 창녕군 창녕읍,중상사고,0,1,0,0,차대차 - 측면충돌,안전운전불이행,건조,맑음,단일로 - 기타,승용,여,68세,상해없음,이륜,남,63세,중상
2022081000100065,2022년 8월 10일 07시,수요일,경상남도 산청군 시천면,경상사고,0,0,1,0,차량단독 - 기타,안전운전불이행,건조,맑음,단일로 - 기타,승용,여,53세,경상,,,,
2022081000100120,2022년 8월 10일 09시,수요일,경상남도 김해시 진영읍,경상사고,0,0,1,0,차대차 - 측면충돌,교차로운행방법위반,건조,맑음,교차로 - 교차로안,건설기계,남,58세,상해없음,승용,여,37세,경상
2022081000100144,2022년 8월 10일 10시,수요일,경상남도 김해시 주촌면,중상사고,0,1,0,0,차대차 - 측면충돌,안전거리미확보,건조,맑음,교차로 - 교차로부근,승용,여,51세,상해없음,승용,여,63세,중상
2022081000100199,2022년 8월 10일 12시,수요일,경상남도 함안군 칠원읍,경상사고,0,0,1,0,차대차 - 측면충돌,안전운전불이행,건조,맑음,단일로 - 기타,화물,남,61세,상해없음,특수,남,37세,경상
2022081000100222,2022년 8월 10일 13시,수요일,경상남도 양산시 삼호동,경상사고,0,0,1,0,차대차 - 측면충돌,신호위반,건조,맑음,교차로 - 교차로안,화물,남,41세,상해없음,승용,남,34세,경상
2022081000100223,2022년 8월 10일 13시,수요일,경상남도 김해시 관동동,사망사고,1,0,0,0,차대차 - 기타,안전운전불이행,건조,맑음,교차로 - 교차로안,승용,여,72세,사망,승용,여,67세,상해없음
2022081000100248,2022년 8월 10일 14시,수요일,경상남도 진주시 호탄동,경상사고,0,0,1,0,차대차 - 기타,안전운전불이행,건조,맑음,교차로 - 교차로부근,승용,남,87세,상해없음,승용,여,60세,경상
2022081000100249,2022년 8월 10일 14시,수요일,경상남도 사천시 향촌동,경상사고,0,0,1,0,차량단독 - 공작물충돌,안전운전불이행,건조,맑음,교차로 - 교차로안,화물,남,86세,경상,,,,
2022081000100283,2022년 8월 10일 15시,수요일,경상남도 밀양시 상남면,경상사고,0,0,1,0,차대차 - 측면충돌,안전운전불이행,건조,맑음,단일로 - 기타,화물,여,57세,상해없음,승용,여,49세,경상
2022081000100284,2022년 8월 10일 15시,수요일,경상남도 김해시 삼계동,경상사고,0,0,1,0,차대차 - 측면충돌,교차로운행방법위반,건조,맑음,교차로 - 교차로안,승용,여,43세,기타불명,이륜,남,73세,경상
2022081000100285,2022년 8월 10일 15시,수요일,경상남도 거제시 고현동,경상사고,0,0,1,0,차대차 - 측면충돌,교차로운행방법위반,건조,맑음,교차로 - 교차로안,화물,남,60세,상해없음,승용,여,65세,경상
2022081000100318,2022년 8월 10일 16시,수요일,경상남도 양산시 덕계동,중상사고,0,1,0,0,차량단독 - 기타,안전운전불이행,건조,맑음,단일로 - 기타,승합,남,29세,상해없음,,,,
2022081000100319,2022년 8월 10일 16시,수요일,경상남도 창원시 의창구 서상동,경상사고,0,0,1,0,차대차 - 추돌,안전운전불이행,건조,맑음,단일로 - 기타,이륜,남,59세,상해없음,승용,여,37세,경상
2022081000100351,2022년 8월 10일 17시,수요일,경상남도 진주시 내동면,경상사고,0,0,1,0,차대차 - 측면충돌,안전운전불이행,건조,맑음,단일로 - 기타,승용,남,68세,상해없음,승용,남,32세,경상
2022081000100352,2022년 8월 10일 17시,수요일,경상남도 양산시 삼호동,경상사고,0,0,1,0,차대차 - 측면충돌,안전운전불이행,건조,맑음,교차로 - 교차로안,승용,남,49세,상해없음,자전거,남,11세,경상
2022081000100353,2022년 8월 10일 17시,수요일,경상남도 함안군 칠원읍,경상사고,0,0,4,0,차대차 - 추돌,안전운전불이행,건조,맑음,단일로 - 기타,화물,남,38세,상해없음,승용,남,43세,경상
2022081000100397,2022년 8월 10일 18시,수요일,경상남도 통영시 무전동,경상사고,0,0,1,0,차대차 - 후진중충돌,안전운전불이행,건조,맑음,주차장 - 주차장,승용,여,53세,상해없음,승용,여,36세,경상
2022081000100398,2022년 8월 10일 18시,수요일,경상남도 남해군 창선면,경상사고,0,0,2,0,차대차 - 측면충돌,중앙선침범,건조,맑음,교차로 - 교차로부근,화물,남,61세,상해없음,승용,남,27세,경상
2022081000100399,2022년 8월 10일 18시,수요일,경상남도 김해시 진영읍,경상사고,0,0,1,0,차대사람 - 기타,안전운전불이행,건조,맑음,단일로 - 기타,이륜,남,40세,상해없음,보행자,여,11세,경상
2022081000100432,2022년 8월 10일 19시,수요일,경상남도 양산시 물금읍,경상사고,0,0,1,0,차대차 - 측면충돌,안전운전불이행,건조,맑음,교차로 - 교차로안,승용,여,42세,상해없음,승용,남,31세,경상
2022081000100433,2022년 8월 10일 19시,수요일,경상남도 창원시 마산회원구 석전동,중상사고,0,1,0,0,차대사람 - 횡단중,보행자보호의무위반,건조,맑음,단일로 - 기타,승용,여,49세,상해없음,보행자,남,5세,중상
2022081000100464,2022년 8월 10일 20시,수요일,경상남도 거제시 아주동,경상사고,0,0,1,0,차대사람 - 기타,안전운전불이행,건조,맑음,교차로 - 교차로부근,승용,남,36세,상해없음,보행자,여,31세,경상
2022081000100465,2022년 8월 10일 20시,수요일,경상남도 남해군 미조면,경상사고,0,0,2,0,차대차 - 정면충돌,중앙선침범,건조,맑음,교차로 - 교차로부근,승용,남,47세,상해없음,승용,남,54세,경상
2022081000100466,2022년 8월 10일 20시,수요일,경상남도 창원시 성산구 남양동,경상사고,0,0,1,0,차대사람 - 기타,안전운전불이행,건조,맑음,단일로 - 기타,승용,여,51세,상해없음,보행자,남,20세,경상
2022081100100022,2022년 8월 11일 02시,목요일,경상남도 창원시 성산구 사파정동,경상사고,0,0,1,0,차대차 - 측면충돌,신호위반,건조,맑음,교차로 - 교차로부근,승용,남,59세,상해없음,자전거,남,54세,경상
2022081100100059,2022년 8월 11일 06시,목요일,경상남도 사천시 사천읍,중상사고,0,1,0,0,차대차 - 측면충돌,안전운전불이행,건조,맑음,단일로 - 기타,화물,남,53세,상해없음,승용,남,44세,중상
2022081100100089,2022년 8월 11일 08시,목요일,경상남도 거창군 거창읍,경상사고,0,0,3,0,차대차 - 측면충돌,직진우회전진행방해,건조,맑음,교차로 - 교차로안,승용,여,40세,경상,승합,남,54세,경상
2022081100100154,2022년 8월 11일 11시,목요일,경상남도 고성군 구만면,경상사고,0,0,1,0,차량단독 - 도로외이탈 - 추락,안전운전불이행,젖음/습기,비,단일로 - 기타,자전거,남,63세,경상,,,,
2022081100100155,2022년 8월 11일 11시,목요일,경상남도 창원시 마산회원구 양덕동,중상사고,0,1,0,0,차대사람 - 횡단중,보행자보호의무위반,젖음/습기,비,단일로 - 기타,승용,여,57세,상해없음,보행자,여,52세,중상
2022081100100156,2022년 8월 11일 11시,목요일,경상남도 창원시 의창구 북면,경상사고,0,0,1,0,차대차 - 측면충돌,안전운전불이행,건조,맑음,단일로 - 기타,승용,여,64세,상해없음,승용,여,49세,경상
2022081100100180,2022년 8월 11일 12시,목요일,경상남도 창원시 마산합포구 오동동,경상사고,0,0,1,0,차대사람 - 횡단중,안전운전불이행,젖음/습기,비,교차로 - 교차로안,승용,남,58세,상해없음,보행자,남,39세,경상