사고번호,사고일시,요일,시군구,사고내용,사망자수,중상자수,경상자수,부상신고자수,사고유형,법규위반,노면상태,기상상태,도로형태,가해운전자 차종,가해운전자 성별,가해운전자 연령,가해운전자 상해정도,피해운전자 차종,피해운전자 성별,피해운전자 연령,피해운전자 상해정도
2022081500100262,2022년 8월 15일 15시,월요일,경상남도 밀양시 상동면,경상사고,0,0,1,0,차대차 - 측면충돌,안전운전불이행,건조,흐림,교차로 - 교차로안,화물,남,58세,상해없음,승용,남,65세,경상
2022081500100287,2022년 8월 15일 16시,월요일,경상남도 진주시 봉곡동,경상사고,0,0,2,0,차대차 - 기타,안전운전불이행,건조,맑음,교차로 - 교차로안,화물,남,65세,상해없음,승용,남,22세,경상
2022081500100314,2022년 8월 15일 17시,월요일,경상남도 사천시 벌리동,중상사고,0,1,0,0,차대사람 - 횡단중,안전운전불이행,건조,맑음,교차로 - 교차로안,승용,남,51세,상해없음,보행자,남,12세,중상
2022081500100315,2022년 8월 15일 17시,월요일,경상남도 거제시 일운면,경상사고,0,0,1,0,차대차 - 측면충돌,기타,건조,맑음,단일로 - 기타,이륜,남,42세,경상,승용,남,38세,상해없음
2022081500100316,2022년 8월 15일 17시,월요일,경상남도 창원시 의창구 도계동,경상사고,0,0,1,0,차대사람 - 차도통행중,신호위반,건조,맑음,단일로 - 기타,개인형이동수단(PM),남,13세,상해없음,보행자,여,66세,경상
2022081500100337,2022년 8월 15일 18시,월요일,경상남도 양산시 삼호동,경상사고,0,0,1,0,차대사람 - 횡단중,안전운전불이행,건조,맑음,단일로 - 기타,승용,여,58세,상해없음,보행자,여,26세,경상
2022081500100363,2022년 8월 15일 19시,월요일,경상남도 창원시 마산합포구 월남동2가,부상신고사고,0,0,0,1,차대사람 - 차도통행중,안전운전불이행,건조,흐림,교차로 - 교차로안,승용,남,50세,상해없음,보행자,여,67세,부상신고
2022081500100364,2022년 8월 15일 19시,월요일,경상남도 진주시 인사동,중상사고,0,1,0,0,차대사람 - 길가장자리구역통행중,안전운전불이행,건조,맑음,단일로 - 기타,승용,남,42세,상해없음,보행자,남,59세,중상
2022081500100387,2022년 8월 15일 20시,월요일,경상남도 김해시 삼계동,경상사고,0,0,1,0,차대차 - 측면충돌,신호위반,건조,맑음,단일로 - 기타,승용,남,18세,상해없음,이륜,남,59세,경상
2022081500100388,2022년 8월 15일 20시,월요일,경상남도 고성군 고성읍,중상사고,0,1,0,0,차대차 - 측면충돌,중앙선침범,건조,맑음,단일로 - 기타,승용,여,63세,상해없음,승용,남,61세,중상
2022081500100449,2022년 8월 15일 23시,월요일,경상남도 밀양시 상동면,경상사고,0,0,1,0,차대차 - 측면충돌,중앙선침범,건조,흐림,단일로 - 기타,이륜,남,47세,상해없음,승용,남,31세,경상
2022081500100450,2022년 8월 15일 23시,월요일,경상남도 거제시 옥포동,경상사고,0,0,2,0,차대차 - 정면충돌,안전운전불이행,건조,맑음,단일로 - 기타,승용,남,51세,상해없음,승용,남,24세,경상
2022081600100022,2022년 8월 16일 03시,화요일,경상남도 창원시 마산합포구 신포동2가,사망사고,1,0,0,0,차대사람 - 횡단중,안전운전불이행,건조,흐림,단일로 - 기타,화물,남,72세,상해없음,보행자,여,76세,사망
2022081600100146,2022년 8월 16일 10시,화요일,경상남도 김해시 삼계동,중상사고,0,1,0,1,차량단독 - 전도전복 - 전도,안전운전불이행,젖음/습기,비,단일로 - 기타,이륜,남,75세,부상신고,,,,
2022081600100147,2022년 8월 16일 10시,화요일,경상남도 거창군 거창읍,중상사고,0,1,0,0,차대사람 - 차도통행중,기타,건조,맑음,단일로 - 기타,화물,남,54세,상해없음,보행자,여,81세,중상
2022081600100191,2022년 8월 16일 11시,화요일,경상남도 진주시 신안동,경상사고,0,0,1,0,차대차 - 측면충돌,안전운전불이행,젖음/습기,흐림,교차로 - 교차로부근,화물,남,64세,상해없음,승용,여,58세,경상
2022081600100192,2022년 8월 16일 11시,화요일,경상남도 김해시 내덕동,중상사고,0,1,0,0,차대사람 - 기타,안전운전불이행,젖음/습기,비,단일로 - 터널,승용,남,36세,기타불명,보행자,남,67세,중상
2022081600100212,2022년 8월 16일 12시,화요일,경상남도 창원시 마산합포구 진전면,중상사고,0,1,0,0,차대차 - 추돌,안전거리미확보,젖음/습기,비,교차로 - 교차로부근,건설기계,남,57세,상해없음,승용,남,48세,중상
2022081600100213,2022년 8월 16일 12시,화요일,경상남도 창원시 진해구 자은동,경상사고,0,0,1,0,차대차 - 측면충돌,직진우회전진행방해,젖음/습기,비,교차로 - 교차로안,승용,남,53세,상해없음,원동기,남,76세,경상
2022081600100214,2022년 8월 16일 12시,화요일,경상남도 김해시 신문동,경상사고,0,0,2,0,차대차 - 정면충돌,안전운전불이행,젖음/습기,비,교차로 - 교차로안,승용,여,29세,상해없음,승용,남,26세,경상
2022081600100259,2022년 8월 16일 13시,화요일,경상남도 하동군 하동읍,중상사고,0,1,0,0,차대차 - 측면충돌,신호위반,건조,맑음,교차로 - 교차로안,화물,남,65세,상해없음,승용,남,79세,중상
2022081600100260,2022년 8월 16일 13시,화요일,경상남도 김해시 신문동,중상사고,0,1,0,0,차대차 - 기타,안전거리미확보,젖음/습기,비,교차로 - 교차로안,승합,여,61세,상해없음,이륜,남,45세,중상
2022081600100298,2022년 8월 16일 14시,화요일,경상남도 진주시 상봉동,경상사고,0,0,1,0,차대차 - 추돌,안전운전불이행,건조,맑음,교차로 - 교차로부근,승용,여,57세,상해없음,승용,남,39세,경상
2022081600100326,2022년 8월 16일 15시,화요일,경상남도 거제시 장평동,경상사고,0,0,1,0,차대사람 - 기타,안전운전불이행,건조,맑음,기타 - 기타,자전거,여,10세,상해없음,보행자,여,84세,경상
2022081600100327,2022년 8월 16일 15시,화요일,경상남도 창원시 마산회원구 석전동,중상사고,0,1,0,0,차대차 - 측면충돌,안전운전불이행,건조,맑음,교차로 - 교차로안,승용,남,64세,상해없음,원동기,남,76세,중상
2022081600100402,2022년 8월 16일 17시,화요일,경상남도 창원시 진해구 청안동,중상사고,0,1,0,0,차대사람 - 횡단중,안전운전불이행,젖음/습기,비,교차로 - 교차로횡단보도내,승용,남,23세,상해없음,보행자,남,18세,중상
2022081600100403,2022년 8월 16일 17시,화요일,경상남도 창원시 진해구 용원동,중상사고,0,1,0,0,차대차 - 측면충돌,교차로운행방법위반,젖음/습기,비,교차로 - 교차로부근,승용,여,35세,상해없음,이륜,남,22세,중상
2022081600100404,2022년 8월 16일 17시,화요일,경상남도 김해시 외동,중상사고,0,1,0,0,차대차 - 추돌,안전운전불이행,젖음/습기,비,교차로 - 교차로부근,승용,남,52세,상해없음,자전거,남,79세,중상
2022081600100405,2022년 8월 16일 17시,화요일,경상남도 창녕군 도천면,중상사고,0,2,0,0,차대차 - 측면충돌,안전운전불이행,젖음/습기,흐림,교차로 - 교차로안,승용,남,72세,중상,승합,남,61세,중상
2022081600100406,2022년 8월 16일 17시,화요일,경상남도 창원시 의창구 팔용동,경상사고,0,0,1,0,차대차 - 기타,안전운전불이행,젖음/습기,흐림,교차로 - 교차로안,화물,남,64세,상해없음,승용,남,41세,경상
2022081600100483,2022년 8월 16일 19시,화요일,경상남도 김해시 안동,경상사고,0,0,1,0,차대사람 - 횡단중,보행자보호의무위반,젖음/습기,비,기타 - 기타,화물,남,64세,상해없음,보행자,남,53세,경상
2022081600100484,2022년 8월 16일 19시,화요일,경상남도 양산시 물금읍,중상사고,0,1,0,0,차대차 - 기타,안전운전불이행,젖음/습기,비,단일로 - 기타,승용,남,46세,상해없음,이륜,남,41세,중상
2022081600100485,2022년 8월 16일 19시,화요일,경상남도 창원시 마산회원구 합성동,중상사고,0,1,0,0,차대사람 - 차도통행중,안전운전불이행,젖음/습기,비,교차로 - 교차로안,승용,남,59세,상해없음,보행자,여,94세,중상
2022081600100534,2022년 8월 16일 21시,화요일,경상남도 진주시 강남동,경상사고,0,0,2,0,차대차 - 측면충돌,신호위반,젖음/습기,비,교차로 - 교차로안,승용,남,33세,상해없음,승용,남,33세,경상
2022081600100535,2022년 8월 16일 21시,화요일,경상남도 김해시 대청동,중상사고,0,1,0,0,차대사람 - 횡단중,보행자보호의무위반,젖음/습기,비,교차로 - 교차로횡단보도내,승용,여,49세,기타불명,보행자,남,57세,중상
2022081600100548,2022년 8월 16일 22시,화요일,경상남도 창원시 마산합포구 두월동2가,경상사고,0,0,1,0,차대사람 - 횡단중,안전운전불이행,젖음/습기,비,단일로 - 기타,승용,남,39세,상해없음,보행자,남,64세,경상
2022081600100549,2022년 8월 16일 22시,화요일,경상남도 거제시 연초면,경상사고,0,0,1,0,차대차 - 추돌,안전운전불이행,건조,맑음,교차로 - 교차로부근,화물,남,57세,상해없음,승용,여,52세,경상
2022081600100574,2022년 8월 16일 23시,화요일,경상남도 창원시 성산구 남산동,중상사고,0,1,0,0,차대차 - 정면충돌,안전운전불이행,젖음/습기,맑음,단일로 - 교량,승용,남,55세,상해없음,승용,남,67세,중상
2022081600100575,2022년 8월 16일 23시,화요일,경상남도 김해시 풍유동,경상사고,0,0,3,0,차대차 - 추돌,안전운전불이행,젖음/습기,비,교차로 - 교차로부근,승용,남,62세,상해없음,화물,남,50세,경상
2022081700100014,2022년 8월 17일 00시,수요일,경상남도 창원시 성산구 대방동,경상사고,0,0,1,0,차대차 - 정면충돌,신호위반,젖음/습기,비,교차로 - 교차로안,승용,남,56세,상해없음,승용,남,46세,경상
2022081700100075,2022년 8월 17일 07시,수요일,경상남도 창원시 진해구 이동,경상사고,0,0,1,0,차대차 - 측면충돌,직진우회전진행방해,건조,맑음,교차로 - 교차로안,승용,남,47세,상해없음,승용,남,52세,경상
2022081700100076,2022년 8월 17일 07시,수요일,경상남도 양산시 북정동,중상사고,0,1,2,0,차대차 - 측면충돌,기타,건조,맑음,교차로 - 교차로안,승용,남,23세,상해없음,승합,남,67세,경상
2022081700100077,2022년 8월 17일 07시,수요일,경상남도 거제시 옥포동,경상사고,0,0,1,0,차대차 - 측면충돌,안전운전불이행,젖음/습기,흐림,단일로 - 기타,승용,남,75세,상해없음,승용,여,61세,경상
2022081700100106,2022년 8월 17일 08시,수요일,경상남도 함안군 칠원읍,경상사고,0,0,3,0,차대차 - 추돌,안전운전불이행,건조,맑음,교차로 - 교차로부근,건설기계,남,59세,상해없음,승용,여,61세,경상
2022081700100107,2022년 8월 17일 08시,수요일,경상남도 김해시 부곡동,중상사고,0,1,0,0,차대사람 - 횡단중,안전운전불이행,건조,맑음,단일로 - 기타,승용,남,68세,상해없음,보행자,여,14세,중상
2022081700100179,2022년 8월 17일 10시,수요일,경상남도 김해시 한림면,경상사고,0,0,1,0,차대차 - 측면충돌,안전운전불이행,건조,맑음,단일로 - 기타,화물,남,49세,상해없음,화물,남,62세,경상
2022081700100201,2022년 8월 17일 11시,수요일,경상남도 김해시 부원동,경상사고,0,0,1,0,차대차 - 측면충돌,중앙선침범,건조,맑음,단일로 - 기타,승용,남,56세,상해없음,승용,남,44세,경상
2022081700100239,2022년 8월 17일 12시,수요일,경상남도 통영시 북신동,경상사고,0,0,1,0,차대차 - 추돌,안전운전불이행,건조,맑음,교차로 - 교차로안,승용,여,34세,기타불명,승용,여,40세,경상
2022081700100240,2022년 8월 17일 12시,수요일,경상남도 사천시 사천읍,중상사고,0,1,0,0,차대사람 - 기타,중앙선침범,건조,맑음,단일로 - 기타,개인형이동수단(PM),남,15세,상해없음,보행자,남,66세,중상
2022081700100241,2022년 8월 17일 12시,수요일,경상남도 거창군 거창읍,경상사고,0,0,1,0,차대차 - 후진중충돌,안전운전불이행,건조,맑음,주차장 - 주차장,승용,남,61세,상해없음,이륜,남,76세,경상
2022081700100279,2022년 8월 17일 13시,수요일,경상남도 사천시 벌리동,경상사고,0,0,1,0,차대차 - 측면충돌,안전운전불이행,건조,맑음,단일로 - 기타,승용,남,51세,상해없음,원동기,남,64세,경상
2022081700100280,2022년 8월 17일 13시,수요일,경상남도 의령군 용덕면,경상사고,0,0,3,0,차대차 - 측면충돌,신호위반,건조,흐림,교차로 - 교차로부근,승용,여,61세,경상,화물,남,73세,경상
2022081700100309,2022년 8월 17일 14시,수요일,경상남도 통영시 무전동,경상사고,0,0,1,0,차대차 - 측면충돌,안전운전불이행,젖음/습기,비,교차로 - 교차로부근,승용,남,70세,상해없음,승용,여,53세,경상
2022081700100310,2022년 8월 17일 14시,수요일,경상남도 양산시 신기동,경상사고,0,0,1,0,차대차 - 기타,안전운전불이행,젖음/습기,비,단일로 - 교량,화물,남,42세,상해없음,승용,남,38세,경상
2022081700100311,2022년 8월 17일 14시,수요일,경상남도 창원시 성산구 반지동,사망사고,1,0,0,0,차대차 - 정면충돌,신호위반,젖음/습기,비,교차로 - 교차로횡단보도내,화물,남,57세,상해없음,자전거,여,69세,사망
2022081700100347,2022년 8월 17일 15시,수요일,경상남도 창원시 의창구 명서동,경상사고,0,0,1,0,차대차 - 기타,안전운전불이행,건조,맑음,교차로 - 교차로안,승용,남,62세,상해없음,승용,여,40세,경상
2022081700100533,2022년 8월 17일 19시,수요일,경상남도 거제시 수월동,중상사고,0,1,0,0,차대차 - 기타,교차로운행방법위반,건조,맑음,교차로 - 교차로안,이륜,남,25세,상해없음,이륜,남,55세,중상
2022081700100558,2022년 8월 17일 20시,수요일,경상남도 양산시 평산동,경상사고,0,0,1,0,차대차 - 측면충돌,교차로운행방법위반,건조,맑음,교차로 - 교차로안,승용,여,56세,상해없음,승용,여,30세,경상
2022081700100594,2022년 8월 17일 21시,수요일,경상남도 김해시 내동,중상사고,0,1,1,0,차대사람 - 횡단중,안전운전불이행,건조,맑음,단일로 - 기타,이륜,남,28세,경상,보행자,남,54세,중상
2022081700100595,2022년 8월 17일 21시,수요일,경상남도 창원시 성산구 대원동,경상사고,0,0,3,0,차대차 - 측면충돌,중앙선침범,건조,맑음,교차로 - 교차로부근,승용,여,51세,상해없음,승용,남,56세,경상
2022081700100619,2022년 8월 17일 22시,수요일,경상남도 김해시 무계동,중상사고,0,1,0,0,차대사람 - 횡단중,안전운전불이행,건조,맑음,교차로 - 교차로횡단보도내,화물,남,52세,상해없음,보행자,여,69세,중상
2022081800100004,2022년 8월 18일 00시,목요일,경상남도 김해시 삼정동,경상사고,0,0,1,0,차량단독 - 공작물충돌,안전운전불이행,건조,맑음,교차로 - 교차로안,승용,남,24세,경상,,,,
2022081800100013,2022년 8월 18일 01시,목요일,경상남도 진주시 인사동,경상사고,0,0,2,0,차대차 - 추돌,안전운전불이행,건조,맑음,교차로 - 교차로부근,승용,여,24세,상해없음,승용,남,43세,상해없음
2022081800100021,2022년 8월 18일 02시,목요일,경상남도 김해시 외동,경상사고,0,0,1,0,차량단독 - 전도전복 - 전도,안전운전불이행,건조,맑음,단일로 - 기타,개인형이동수단(PM),여,19세,경상,,,,
2022081800100031,2022년 8월 18일 04시,목요일,경상남도 창원시 마산합포구 월포동,경상사고,0,0,2,0,차대차 - 추돌,안전운전불이행,건조,흐림,교차로 - 교차로부근,이륜,남,33세,경상,승용,남,66세,경상
2022081800100032,2022년 8월 18일 04시,목요일,경상남도 창원시 마산회원구 내서읍,경상사고,0,0,1,0,차대차 - 측면충돌,안전운전불이행,건조,맑음,교차로 - 교차로부근,승용,남,49세,상해없음,승용,남,55세,경상
2022081800100038,2022년 8월 18일 05시,목요일,경상남도 창원시 마산합포구 월영동,중상사고,0,1,0,0,차대사람 - 기타,안전운전불이행,건조,맑음,교차로 - 교차로부근,승용,남,67세,기타불명,보행자,남,23세,중상
2022081800100049,2022년 8월 18일 06시,목요일,경상남도 통영시 도산면,중상사고,0,1,1,0,차대차 - 측면충돌,신호위반,건조,맑음,교차로 - 교차로안,승용,남,60세,상해없음,화물,남,53세,중상
2022081800100050,2022년 8월 18일 06시,목요일,경상남도 양산시 덕계동,중상사고,0,1,0,0,차대사람 - 기타,기타,건조,맑음,단일로 - 기타,화물,남,62세,기타불명,보행자,남,49세,중상
2022081800100105,2022년 8월 18일 08시,목요일,경상남도 통영시 봉평동,중상사고,0,1,0,0,차대사람 - 횡단중,안전운전불이행,건조,맑음,단일로 - 기타,승합,남,64세,상해없음,보행자,남,13세,중상
2022081800100106,2022년 8월 18일 08시,목요일,경상남도 창원시 의창구 중동,경상사고,0,0,1,0,차대차 - 측면충돌,안전운전불이행,건조,맑음,단일로 - 기타,승용,여,62세,상해없음,승용,남,64세,경상
2022081800100107,2022년 8월 18일 08시,목요일,경상남도 김해시 풍유동,중상사고,0,1,1,0,차대차 - 측면충돌,신호위반,건조,맑음,교차로 - 교차로안,화물,남,71세,경상,승용,여,50세,중상
2022081800100134,2022년 8월 18일 09시,목요일,경상남도 사천시 서포면,경상사고,0,0,2,0,차대차 - 추돌,안전운전불이행,건조,맑음,단일로 - 기타,화물,남,70세,상해없음,화물,여,74세,경상
2022081800100135,2022년 8월 18일 09시,목요일,경상남도 창원시 성산구 상남동,중상사고,0,1,0,0,차대사람 - 횡단중,보행자보호의무위반,건조,맑음,교차로 - 교차로부근,개인형이동수단(PM),남,27세,상해없음,보행자,남,38세,중상
2022081800100168,2022년 8월 18일 10시,목요일,경상남도 창원시 마산합포구 상남동,경상사고,0,0,1,0,차대차 - 측면충돌,안전운전불이행,건조,맑음,단일로 - 기타,승용,남,68세,상해없음,자전거,여,67세,경상
2022081800100169,2022년 8월 18일 10시,목요일,경상남도 진주시 집현면,경상사고,0,0,1,0,차대사람 - 기타,안전운전불이행,건조,맑음,단일로 - 기타,화물,남,57세,상해없음,보행자,남,56세,경상
2022081800100170,2022년 8월 18일 10시,목요일,경상남도 창녕군 창녕읍,중상사고,0,1,0,0,차대차 - 기타,신호위반,건조,맑음,교차로 - 교차로안,이륜,남,80세,중상,승용,남,42세,상해없음
2022081800100171,2022년 8월 18일 10시,목요일,경상남도 함양군 병곡면,중상사고,0,2,0,0,차량단독 - 도로외이탈 - 추락,안전운전불이행,건조,맑음,교차로 - 교차로안,농기계,남,71세,중상,,,,
2022081800100207,2022년 8월 18일 11시,목요일,경상남도 사천시 용강동,경상사고,0,0,1,0,차대차 - 후진중충돌,안전운전불이행,건조,맑음,기타 - 기타,화물,남,79세,상해없음,승용,남,25세,경상
2022081800100208,2022년 8월 18일 11시,목요일,경상남도 밀양시 내이동,중상사고,0,1,0,0,차량단독 - 공작물충돌,안전운전불이행,건조,흐림,단일로 - 기타,화물,남,53세,중상,,,,
2022081800100209,2022년 8월 18일 11시,목요일,경상남도 창원시 성산구 상남동,경상사고,0,0,1,0,차대차 - 측면충돌,안전운전불이행,건조,맑음,교차로 - 교차로부근,승용,남,62세,상해없음,이륜,남,31세,경상
2022081800100241,2022년 8월 18일 12시,목요일,경상남도 김해시 대동면,경상사고,0,0,1,0,차대차 - 측면충돌,안전운전불이행,건조,맑음,단일로 - 기타,승용,남,63세,상해없음,화물,남,60세,경상
2022081800100242,2022년 8월 18일 12시,목요일,경상남도 거창군 거창읍,중상사고,0,1,1,0,차대차 - 측면충돌,직진우회전진행방해,건조,맑음,교차로 - 교차로안,승용,남,37세,경상,승용,여,52세,중상
2022081800100243,2022년 8월 18일 12시,목요일,경상남도 김해시 대청동,경상사고,0,0,1,0,차대차 - 측면충돌,안전운전불이행,건조,맑음,단일로 - 기타,승용,남,40세,상해없음,승용,여,37세,경상
2022081800100273,2022년 8월 18일 13시,목요일,경상남도 고성군 고성읍,경상사고,0,0,1,0,차대차 - 측면충돌,교차로운행방법위반,건조,맑음,교차로 - 교차로안,승용,남,62세,상해없음,승용,여,58세,경상
2022081800100274,2022년 8월 18일 13시,목요일,경상남도 창원시 의창구 팔용동,경상사고,0,0,4,0,차대차 - 추돌,안전운전불이행,건조,맑음,단일로 - 기타,승용,남,34세,상해없음,승용,남,69세,경상
2022081800100336,2022년 8월 18일 15시,목요일,경상남도 진주시 내동면,중상사고,0,1,0,0,차대차 - 측면충돌,신호위반,건조,맑음,교차로 - 교차로부근,승용,남,69세,상해없음,승용,남,47세,중상
2022081800100337,2022년 8월 18일 15시,목요일,경상남도 밀양시 상남면,중상사고,0,2,0,0,차대차 - 측면충돌,신호위반,건조,맑음,교차로 - 교차로안,승용,남,74세,상해없음,승용,남,60세,중상
2022081800100369,2022년 8월 18일 16시,목요일,경상남도 함양군 수동면,경상사고,0,0,1,0,차대사람 - 기타,안전운전불이행,건조,맑음,기타 - 기타,화물,남,34세,상해없음,보행자,여,72세,경상
2022081800100370,2022년 8월 18일 16시,목요일,경상남도 양산시 용당동,중상사고,0,1,0,0,차대차 - 측면충돌,신호위반,건조,맑음,교차로 - 교차로안,승용,남,38세,상해없음,승용,여,66세,중상
2022081800100371,2022년 8월 18일 16시,목요일,경상남도 창원시 성산구 남양동,중상사고,0,1,0,0,차대사람 - 횡단중,보행자보호의무위반,건조,맑음,교차로 - 교차로부근,승용,여,41세,상해없음,보행자,여,46세,중상
2022081800100407,2022년 8월 18일 17시,목요일,경상남도 김해시 내동,경상사고,0,0,1,0,차대사람 - 보도통행중,기타,건조,맑음,단일로 - 기타,개인형이동수단(PM),남,16세,상해없음,보행자,여,16세,경상
2022081800100408,2022년 8월 18일 17시,목요일,경상남도 양산시 동면,경상사고,0,0,2,0,차대차 - 추돌,안전운전불이행,건조,맑음,단일로 - 기타,화물,남,57세,상해없음,화물,남,66세,경상
2022081800100449,2022년 8월 18일 18시,목요일,경상남도 창원시 진해구 남문동,경상사고,0,0,2,0,차대차 - 측면충돌,안전거리미확보,건조,맑음,단일로 - 기타,특수,남,51세,상해없음,승용,여,46세,경상
2022081800100450,2022년 8월 18일 18시,목요일,경상남도 김해시 부원동,경상사고,0,0,1,0,차대사람 - 횡단중,보행자보호의무위반,건조,맑음,교차로 - 교차로횡단보도내,승용,남,64세,상해없음,보행자,남,30세,경상
2022081800100451,2022년 8월 18일 18시,목요일,경상남도 창녕군 창녕읍,경상사고,0,0,1,0,차대사람 - 기타,기타,건조,맑음,단일로 - 기타,자전거,여,10세,상해없음,보행자,여,55세,경상
2022081800100452,2022년 8월 18일 18시,목요일,경상남도 고성군 마암면,중상사고,0,2,0,0,차량단독 - 공작물충돌,안전운전불이행,건조,맑음,단일로 - 기타,승용,남,57세,상해없음,,,,
2022081800100453,2022년 8월 18일 18시,목요일,경상남도 하동군 금성면,경상사고,0,0,1,0,차대차 - 측면충돌,안전운전불이행,건조,맑음,교차로 - 교차로안,승용,남,28세,상해없음,승용,남,54세,경상
2022081800100454,2022년 8월 18일 18시,목요일,경상남도 김해시 한림면,경상사고,0,0,1,0,차량단독 - 전도전복 - 전도,안전운전불이행,건조,맑음,단일로 - 기타,화물,남,55세,경상,,,,
2022081800100496,2022년 8월 18일 19시,목요일,경상남도 창원시 진해구 풍호동,중상사고,0,1,0,0,차대사람 - 차도통행중,안전운전불이행,건조,맑음,교차로 - 교차로안,승용,남,64세,상해없음,보행자,남,66세,중상
2022081800100497,2022년 8월 18일 19시,목요일,경상남도 밀양시 삼문동,부상신고사고,0,0,0,1,차대차 - 측면충돌,교차로운행방법위반,건조,흐림,교차로 - 교차로안,승용,남,57세,상해없음,원동기,남,20세,부상신고
2022081800100572,2022년 8월 18일 23시,목요일,경상남도 창원시 마산합포구 신포동1가,경상사고,0,0,1,0,차대차 - 측면충돌,안전운전불이행,건조,맑음,교차로 - 교차로안,승용,여,41세,상해없음,이륜,남,20세,경상
2022081800100573,2022년 8월 18일 23시,목요일,경상남도 창원시 마산합포구 창포동3가,경상사고,0,0,2,0,차대차 - 측면충돌,신호위반,건조,맑음,교차로 - 교차로안,승용,남,50세,상해없음,승용,남,45세,경상
2022081900100020,2022년 8월 19일 01시,금요일,경상남도 사천시 사천읍,경상사고,0,0,2,0,차대차 - 추돌,안전운전불이행,건조,맑음,단일로 - 기타,승용,남,50세,상해없음,승용,여,29세,경상
2022081900100031,2022년 8월 19일 03시,금요일,경상남도 김해시 어방동,경상사고,0,0,1,0,차대차 - 측면충돌,신호위반,건조,맑음,교차로 - 교차로안,화물,남,49세,상해없음,승용,여,37세,경상
2022081900100041,2022년 8월 19일 05시,금요일,경상남도 의령군 의령읍,부상신고사고,0,0,0,1,차량단독 - 기타,안전운전불이행,건조,맑음,단일로 - 기타,화물,남,76세,부상신고,,,,
2022081900100042,2022년 8월 19일 05시,금요일,경상남도 김해시 주촌면,경상사고,0,0,1,0,차대차 - 추돌,안전운전불이행,건조,맑음,교차로 - 교차로부근,승용,남,52세,상해없음,승용,여,29세,경상
2022081900100103,2022년 8월 19일 08시,금요일,경상남도 통영시 미수동,경상사고,0,0,1,1,차대차 - 추돌,안전운전불이행,건조,맑음,교차로 - 교차로부근,화물,남,60세,상해없음,화물,남,30세,경상
2022081900100104,2022년 8월 19일 08시,금요일,경상남도 창원시 의창구 팔용동,중상사고,0,1,0,0,차대차 - 측면충돌,교차로운행방법위반,건조,맑음,교차로 - 교차로안,승용,남,39세,상해없음,이륜,여,24세,중상
2022081900100173,2022년 8월 19일 10시,금요일,경상남도 창원시 진해구 자은동,중상사고,0,1,1,0,차대차 - 정면충돌,안전운전불이행,건조,맑음,교차로 - 교차로안,승용,여,63세,상해없음,승용,여,39세,중상
2022081900100174,2022년 8월 19일 10시,금요일,경상남도 김해시 부원동,경상사고,0,0,1,0,차대차 - 측면충돌,안전운전불이행,건조,흐림,교차로 - 교차로횡단보도내,승용,남,51세,상해없음,자전거,남,73세,경상
2022081900100175,2022년 8월 19일 10시,금요일,경상남도 함양군 안의면,경상사고,0,0,1,0,차대차 - 정면충돌,안전운전불이행,건조,맑음,단일로 - 기타,화물,남,60세,상해없음,원동기,남,54세,경상
2022081900100176,2022년 8월 19일 10시,금요일,경상남도 산청군 생초면,경상사고,0,0,2,0,차대차 - 추돌,안전운전불이행,건조,맑음,단일로 - 기타,특수,남,43세,경상,승용,여,52세,경상
2022081900100213,2022년 8월 19일 11시,금요일,경상남도 거제시 하청면,중상사고,0,2,1,0,차대차 - 정면충돌,중앙선침범,건조,맑음,단일로 - 기타,승합,남,19세,중상,화물,남,50세,경상
2022081900100214,2022년 8월 19일 11시,금요일,경상남도 창원시 마산회원구 석전동,경상사고,0,0,2,0,차대차 - 측면충돌,안전운전불이행,건조,맑음,교차로 - 교차로부근,승용,남,72세,상해없음,승용,남,46세,경상
2022081900100247,2022년 8월 19일 12시,금요일,경상남도 통영시 광도면,경상사고,0,0,2,0,차대차 - 측면충돌,안전운전불이행,건조,맑음,교차로 - 교차로부근,승용,남,22세,상해없음,승용,남,40세,상해없음
2022081900100248,2022년 8월 19일 12시,금요일,경상남도 양산시 남부동,중상사고,0,1,0,0,차대차 - 기타,교차로운행방법위반,건조,맑음,교차로 - 교차로안,승용,남,48세,기타불명,자전거,남,51세,중상
2022081900100249,2022년 8월 19일 12시,금요일,경상남도 거제시 아주동,경상사고,0,0,1,0,차대차 - 측면충돌,안전운전불이행,건조,맑음,단일로 - 기타,이륜,남,31세,상해없음,승합,남,49세,경상
2022081900100278,2022년 8월 19일 13시,금요일,경상남도 통영시 북신동,경상사고,0,0,1,0,차대차 - 측면충돌,안전운전불이행,건조,맑음,교차로 - 교차로안,승용,여,60세,상해없음,승용,여,58세,경상
2022081900100313,2022년 8월 19일 14시,금요일,경상남도 창원시 진해구 석동,경상사고,0,0,4,0,차대차 - 추돌,안전운전불이행,건조,맑음,교차로 - 교차로부근,승용,남,49세,경상,승용,남,47세,경상
2022081900100314,2022년 8월 19일 14시,금요일,경상남도 양산시 북정동,경상사고,0,0,1,0,차대차 - 측면충돌,안전운전불이행,건조,맑음,단일로 - 기타,화물,남,62세,상해없음,건설기계,남,61세,경상