사고번호,사고일시,요일,시군구,사고내용,사망자수,중상자수,경상자수,부상신고자수,사고유형,법규위반,노면상태,기상상태,도로형태,가해운전자 차종,가해운전자 성별,가해운전자 연령,가해운전자 상해정도,피해운전자 차종,피해운전자 성별,피해운전자 연령,피해운전자 상해정도
2022082400100224,2022년 8월 24일 11시,수요일,경상남도 양산시 중부동,경상사고,0,0,1,0,차대사람 - 횡단중,보행자보호의무위반,건조,맑음,단일로 - 기타,화물,남,38세,상해없음,보행자,남,78세,경상
2022082400100259,2022년 8월 24일 12시,수요일,경상남도 김해시 삼계동,경상사고,0,0,1,0,차대차 - 기타,직진우회전진행방해,젖음/습기,비,교차로 - 교차로안,승용,남,55세,상해없음,이륜,남,44세,경상
2022082400100260,2022년 8월 24일 12시,수요일,경상남도 양산시 동면,경상사고,0,0,1,0,차량단독 - 공작물충돌,안전운전불이행,건조,맑음,단일로 - 기타,화물,남,66세,경상,,,,
2022082400100261,2022년 8월 24일 12시,수요일,경상남도 사천시 축동면,경상사고,0,0,1,0,차대차 - 기타,기타,젖음/습기,비,단일로 - 기타,화물,남,74세,상해없음,특수,남,39세,경상
2022082400100293,2022년 8월 24일 13시,수요일,경상남도 통영시 정량동,경상사고,0,0,1,0,차대차 - 기타,불법유턴,건조,맑음,단일로 - 기타,화물,여,51세,상해없음,이륜,남,32세,경상
2022082400100294,2022년 8월 24일 13시,수요일,경상남도 창녕군 도천면,경상사고,0,0,1,0,차대차 - 기타,안전운전불이행,기타,맑음,기타 - 기타,승용,남,75세,상해없음,승용,여,60세,경상
2022082400100295,2022년 8월 24일 13시,수요일,경상남도 고성군 고성읍,경상사고,0,0,1,0,차대차 - 추돌,안전운전불이행,건조,맑음,단일로 - 기타,승용,남,74세,상해없음,승용,여,40세,경상
2022082400100320,2022년 8월 24일 14시,수요일,경상남도 사천시 벌리동,중상사고,0,1,0,0,차대사람 - 기타,보행자보호의무위반,건조,맑음,교차로 - 교차로부근,화물,남,69세,상해없음,보행자,여,39세,중상
2022082400100321,2022년 8월 24일 14시,수요일,경상남도 양산시 물금읍,경상사고,0,0,1,0,차대차 - 측면충돌,안전운전불이행,건조,맑음,교차로 - 교차로안,승용,여,43세,상해없음,이륜,남,33세,경상
2022082400100322,2022년 8월 24일 14시,수요일,경상남도 양산시 상북면,중상사고,0,1,0,0,차대차 - 기타,안전운전불이행,건조,맑음,기타 - 기타,화물,여,51세,중상,승용,여,59세,상해없음
2022082400100388,2022년 8월 24일 16시,수요일,경상남도 통영시 광도면,경상사고,0,0,1,0,차대사람 - 횡단중,보행자보호의무위반,건조,맑음,교차로 - 교차로횡단보도내,승용,남,66세,상해없음,보행자,여,9세,경상
2022082400100389,2022년 8월 24일 16시,수요일,경상남도 양산시 덕계동,경상사고,0,0,1,0,차대차 - 측면충돌,안전운전불이행,건조,맑음,단일로 - 기타,승용,남,41세,상해없음,화물,여,49세,경상
2022082400100390,2022년 8월 24일 16시,수요일,경상남도 창원시 의창구 도계동,경상사고,0,0,1,0,차대사람 - 차도통행중,안전운전불이행,건조,맑음,단일로 - 기타,승용,남,39세,상해없음,보행자,여,59세,경상
2022082400100433,2022년 8월 24일 17시,수요일,경상남도 통영시 광도면,중상사고,0,1,1,0,차대차 - 기타,중앙선침범,건조,맑음,단일로 - 기타,승용,남,62세,상해없음,승용,남,53세,중상
2022082400100434,2022년 8월 24일 17시,수요일,경상남도 사천시 곤양면,경상사고,0,0,1,0,차대차 - 측면충돌,신호위반,건조,맑음,교차로 - 교차로부근,승용,여,54세,경상,화물,남,54세,상해없음
2022082400100435,2022년 8월 24일 17시,수요일,경상남도 김해시 상동면,중상사고,0,1,0,0,차대차 - 기타,안전운전불이행,건조,맑음,단일로 - 기타,화물,남,54세,상해없음,농기계,남,81세,중상
2022082400100436,2022년 8월 24일 17시,수요일,경상남도 창원시 의창구 서상동,경상사고,0,0,1,0,차대차 - 측면충돌,안전운전불이행,건조,맑음,교차로 - 교차로횡단보도내,승용,남,55세,기타불명,자전거,남,62세,경상
2022082400100515,2022년 8월 24일 19시,수요일,경상남도 진주시 문산읍,경상사고,0,0,1,0,차대사람 - 기타,안전운전불이행,건조,맑음,교차로 - 교차로부근,승용,여,36세,상해없음,보행자,여,70세,경상
2022082400100516,2022년 8월 24일 19시,수요일,경상남도 양산시 삼호동,경상사고,0,0,1,0,차대차 - 정면충돌,안전운전불이행,건조,맑음,교차로 - 교차로안,승용,남,62세,상해없음,자전거,남,67세,경상
2022082400100517,2022년 8월 24일 19시,수요일,경상남도 창원시 성산구 사파동,중상사고,0,1,0,0,차대차 - 측면충돌,안전운전불이행,건조,맑음,교차로 - 교차로안,화물,남,57세,상해없음,개인형이동수단(PM),여,19세,중상
2022082400100548,2022년 8월 24일 20시,수요일,경상남도 진주시 하대동,경상사고,0,0,1,0,차대사람 - 기타,안전운전불이행,건조,맑음,교차로 - 교차로안,승용,여,40세,상해없음,보행자,남,25세,경상
2022082400100549,2022년 8월 24일 20시,수요일,경상남도 밀양시 부북면,경상사고,0,0,1,0,차대차 - 측면충돌,중앙선침범,건조,기타,단일로 - 기타,승용,남,69세,상해없음,승합,남,52세,경상
2022082400100550,2022년 8월 24일 20시,수요일,경상남도 창원시 성산구 남산동,경상사고,0,0,1,0,차대사람 - 보도통행중,신호위반,건조,맑음,단일로 - 기타,원동기,남,23세,상해없음,보행자,여,69세,경상
2022082400100569,2022년 8월 24일 21시,수요일,경상남도 창원시 마산합포구 해운동,경상사고,0,0,1,0,차량단독 - 기타,기타,건조,맑음,단일로 - 기타,승합,남,54세,상해없음,,,,
2022082400100570,2022년 8월 24일 21시,수요일,경상남도 거창군 가조면,경상사고,0,0,1,0,차대차 - 추돌,안전운전불이행,건조,맑음,단일로 - 기타,승용,남,21세,상해없음,화물,남,51세,경상
2022082400100617,2022년 8월 24일 23시,수요일,경상남도 양산시 물금읍,경상사고,0,0,2,0,차대차 - 측면충돌,교차로운행방법위반,건조,맑음,교차로 - 교차로안,승용,여,30세,상해없음,승용,남,53세,경상
2022082500100007,2022년 8월 25일 00시,목요일,경상남도 함안군 군북면,중상사고,0,1,0,0,차량단독 - 공작물충돌,안전운전불이행,건조,맑음,단일로 - 기타,승용,남,37세,상해없음,,,,
2022082500100028,2022년 8월 25일 04시,목요일,경상남도 창원시 마산합포구 월영동,중상사고,0,1,0,0,차대차 - 기타,안전운전불이행,건조,맑음,단일로 - 기타,승용,남,58세,상해없음,이륜,남,58세,중상
2022082500100029,2022년 8월 25일 04시,목요일,경상남도 거제시 장평동,중상사고,0,2,2,0,차대차 - 정면충돌,신호위반,건조,맑음,교차로 - 교차로안,승용,남,72세,경상,승용,남,66세,중상
2022082500100030,2022년 8월 25일 04시,목요일,경상남도 거제시 사등면,중상사고,0,1,0,0,차대사람 - 기타,안전운전불이행,건조,맑음,단일로 - 기타,기타불명,기타불명,미분류,기타불명,보행자,남,73세,중상
2022082500100037,2022년 8월 25일 05시,목요일,경상남도 창녕군 남지읍,경상사고,0,0,1,0,차대차 - 측면충돌,직진우회전진행방해,건조,맑음,교차로 - 교차로안,승용,남,62세,상해없음,승용,여,67세,경상
2022082500100121,2022년 8월 25일 09시,목요일,경상남도 거창군 거창읍,경상사고,0,0,1,0,차대차 - 측면충돌,중앙선침범,건조,맑음,단일로 - 기타,승용,남,53세,상해없음,승용,남,75세,경상
2022082500100153,2022년 8월 25일 10시,목요일,경상남도 양산시 중부동,경상사고,0,0,1,0,차대차 - 측면충돌,안전운전불이행,건조,맑음,교차로 - 교차로부근,승용,남,59세,상해없음,승합,남,42세,경상
2022082500100186,2022년 8월 25일 11시,목요일,경상남도 김해시 부원동,경상사고,0,0,1,0,차대차 - 측면충돌,신호위반,건조,맑음,교차로 - 교차로안,승용,남,20세,상해없음,승용,남,63세,경상
2022082500100187,2022년 8월 25일 11시,목요일,경상남도 하동군 진교면,경상사고,0,0,1,0,차대차 - 측면충돌,신호위반,건조,맑음,교차로 - 교차로안,승용,남,59세,상해없음,승용,남,45세,경상
2022082500100225,2022년 8월 25일 12시,목요일,경상남도 진주시 하대동,중상사고,0,1,0,0,차대차 - 기타,안전운전불이행,건조,맑음,단일로 - 기타,화물,남,43세,상해없음,자전거,남,76세,중상
2022082500100226,2022년 8월 25일 12시,목요일,경상남도 함안군 산인면,경상사고,0,0,1,0,차대차 - 측면충돌,안전운전불이행,건조,맑음,단일로 - 기타,승용,남,58세,상해없음,승용,남,33세,경상
2022082500100264,2022년 8월 25일 13시,목요일,경상남도 창원시 진해구 석동,경상사고,0,0,2,0,차대차 - 추돌,안전운전불이행,건조,맑음,교차로 - 교차로부근,승용,남,65세,경상,화물,남,75세,경상
2022082500100265,2022년 8월 25일 13시,목요일,경상남도 김해시 상동면,사망사고,1,0,0,0,차대사람 - 기타,안전운전불이행,건조,맑음,단일로 - 기타,화물,남,60세,상해없음,보행자,남,70세,사망
2022082500100293,2022년 8월 25일 14시,목요일,경상남도 창원시 성산구 중앙동,경상사고,0,0,2,0,차대차 - 기타,안전운전불이행,건조,맑음,주차장 - 주차장,승용,남,56세,상해없음,승용,남,46세,경상
2022082500100324,2022년 8월 25일 15시,목요일,경상남도 진주시 강남동,중상사고,0,1,0,0,차대차 - 측면충돌,직진우회전진행방해,건조,맑음,교차로 - 교차로안,승용,남,73세,상해없음,사륜오토바이(ATV),남,89세,중상
2022082500100325,2022년 8월 25일 15시,목요일,경상남도 밀양시 가곡동,경상사고,0,0,1,0,차대사람 - 횡단중,보행자보호의무위반,건조,맑음,교차로 - 교차로횡단보도내,화물,남,55세,상해없음,보행자,남,12세,경상
2022082500100326,2022년 8월 25일 15시,목요일,경상남도 창녕군 길곡면,중상사고,0,1,0,0,차대사람 - 기타,안전운전불이행,건조,맑음,기타 - 기타,승용,남,78세,상해없음,보행자,여,71세,중상
2022082500100436,2022년 8월 25일 18시,목요일,경상남도 창원시 의창구 도계동,중상사고,0,1,0,0,차대사람 - 기타,안전운전불이행,건조,맑음,기타 - 기타,승용,여,27세,상해없음,보행자,남,10세,중상
2022082500100472,2022년 8월 25일 19시,목요일,경상남도 밀양시 삼문동,중상사고,0,1,0,0,차대차 - 기타,신호위반,건조,맑음,교차로 - 교차로횡단보도내,원동기,남,18세,상해없음,자전거,남,54세,중상
2022082500100502,2022년 8월 25일 20시,목요일,경상남도 창원시 진해구 용원동,중상사고,0,1,0,0,차대차 - 측면충돌,신호위반,건조,맑음,교차로 - 교차로안,승용,여,54세,상해없음,이륜,남,57세,중상
2022082500100503,2022년 8월 25일 20시,목요일,경상남도 사천시 사천읍,중상사고,0,1,0,0,차대사람 - 기타,안전운전불이행,건조,맑음,단일로 - 기타,승용,남,71세,상해없음,보행자,여,74세,중상
2022082500100504,2022년 8월 25일 20시,목요일,경상남도 양산시 명동,중상사고,0,1,0,0,차대사람 - 횡단중,안전운전불이행,건조,맑음,교차로 - 교차로안,승용,남,65세,상해없음,보행자,남,34세,중상
2022082500100505,2022년 8월 25일 20시,목요일,경상남도 의령군 의령읍,경상사고,0,0,1,0,차대차 - 정면충돌,직진우회전진행방해,건조,맑음,교차로 - 교차로안,승용,남,67세,상해없음,자전거,남,52세,경상
2022082500100533,2022년 8월 25일 21시,목요일,경상남도 통영시 무전동,경상사고,0,0,1,0,차대차 - 측면충돌,신호위반,건조,맑음,단일로 - 기타,승용,남,69세,기타불명,승용,남,38세,상해없음
2022082500100534,2022년 8월 25일 21시,목요일,경상남도 산청군 산청읍,경상사고,0,0,1,0,차량단독 - 도로외이탈 - 추락,안전운전불이행,건조,맑음,단일로 - 기타,화물,남,59세,경상,,,,
2022082600100006,2022년 8월 26일 00시,금요일,경상남도 김해시 어방동,경상사고,0,0,1,0,차대차 - 기타,신호위반,건조,맑음,교차로 - 교차로안,승용,남,44세,상해없음,승용,남,67세,경상
2022082600100007,2022년 8월 26일 00시,금요일,경상남도 양산시 북부동,경상사고,0,0,2,0,차대차 - 측면충돌,신호위반,건조,맑음,교차로 - 교차로안,승용,남,25세,상해없음,승용,남,26세,기타불명
2022082600100059,2022년 8월 26일 06시,금요일,경상남도 진주시 초전동,중상사고,0,1,0,0,차대차 - 측면충돌,중앙선침범,건조,맑음,단일로 - 기타,이륜,남,25세,중상,화물,남,58세,상해없음
2022082600100081,2022년 8월 26일 07시,금요일,경상남도 고성군 상리면,경상사고,0,0,1,0,차대차 - 추돌,안전운전불이행,건조,맑음,교차로 - 교차로부근,화물,남,59세,상해없음,승용,여,46세,경상
2022082600100082,2022년 8월 26일 07시,금요일,경상남도 김해시 흥동,중상사고,0,1,0,0,차대차 - 측면충돌,안전운전불이행,건조,맑음,교차로 - 교차로안,승용,여,42세,상해없음,자전거,남,79세,중상
2022082600100083,2022년 8월 26일 07시,금요일,경상남도 김해시 관동동,중상사고,0,1,0,0,차대차 - 정면충돌,중앙선침범,건조,맑음,단일로 - 기타,승용,남,37세,상해없음,이륜,남,22세,중상
2022082600100114,2022년 8월 26일 08시,금요일,경상남도 사천시 벌리동,경상사고,0,0,1,0,차대사람 - 기타,안전운전불이행,건조,맑음,단일로 - 기타,화물,남,46세,상해없음,보행자,남,60세,경상
2022082600100146,2022년 8월 26일 09시,금요일,경상남도 양산시 중부동,경상사고,0,0,1,0,차대사람 - 길가장자리구역통행중,안전운전불이행,건조,맑음,주차장 - 주차장,승용,남,23세,상해없음,보행자,여,79세,경상
2022082600100177,2022년 8월 26일 10시,금요일,경상남도 창원시 진해구 자은동,경상사고,0,0,2,0,차대차 - 기타,안전운전불이행,건조,맑음,교차로 - 교차로부근,승용,여,37세,경상,승용,여,52세,경상
2022082600100178,2022년 8월 26일 10시,금요일,경상남도 김해시 봉황동,중상사고,0,1,0,0,차대사람 - 기타,안전운전불이행,건조,맑음,교차로 - 교차로안,승용,여,63세,상해없음,보행자,여,87세,중상
2022082600100179,2022년 8월 26일 10시,금요일,경상남도 고성군 고성읍,경상사고,0,0,1,0,차대사람 - 차도통행중,안전운전불이행,건조,맑음,단일로 - 기타,승용,남,77세,상해없음,보행자,여,69세,경상
2022082600100215,2022년 8월 26일 11시,금요일,경상남도 밀양시 내일동,경상사고,0,0,1,0,차대사람 - 기타,안전운전불이행,건조,맑음,교차로 - 교차로안,승용,남,52세,상해없음,보행자,여,69세,경상
2022082600100216,2022년 8월 26일 11시,금요일,경상남도 거제시 고현동,경상사고,0,0,2,0,차대차 - 측면충돌,직진우회전진행방해,건조,맑음,교차로 - 교차로안,승용,여,40세,상해없음,승용,남,53세,경상
2022082600100217,2022년 8월 26일 11시,금요일,경상남도 김해시 무계동,중상사고,0,1,0,0,차대차 - 측면충돌,안전운전불이행,건조,맑음,교차로 - 교차로안,승용,여,49세,상해없음,이륜,남,71세,중상
2022082600100241,2022년 8월 26일 12시,금요일,경상남도 진주시 남성동,중상사고,0,1,0,0,차대사람 - 횡단중,안전운전불이행,건조,맑음,교차로 - 교차로안,화물,남,44세,상해없음,보행자,남,80세,중상
2022082600100271,2022년 8월 26일 13시,금요일,경상남도 남해군 남해읍,부상신고사고,0,0,0,1,차대사람 - 기타,안전운전불이행,건조,맑음,단일로 - 기타,승합,남,49세,상해없음,보행자,남,52세,부상신고
2022082600100272,2022년 8월 26일 13시,금요일,경상남도 창원시 성산구 상남동,경상사고,0,0,1,0,차대차 - 측면충돌,안전운전불이행,건조,맑음,교차로 - 교차로안,승용,여,23세,상해없음,원동기,남,52세,경상
2022082600100273,2022년 8월 26일 13시,금요일,경상남도 창원시 의창구 동읍,경상사고,0,0,1,0,차대차 - 측면충돌,교차로운행방법위반,건조,맑음,교차로 - 교차로안,승합,남,66세,상해없음,승용,남,40세,경상
2022082600100340,2022년 8월 26일 15시,금요일,경상남도 김해시 구산동,부상신고사고,0,0,0,1,차대차 - 기타,안전운전불이행,건조,맑음,교차로 - 교차로안,자전거,남,15세,부상신고,승용,남,76세,상해없음
2022082600100365,2022년 8월 26일 16시,금요일,경상남도 양산시 하북면,중상사고,0,2,0,0,차대차 - 측면충돌,안전거리미확보,건조,맑음,단일로 - 기타,승용,남,76세,중상,승용,여,32세,중상
2022082600100386,2022년 8월 26일 16시,금요일,경상남도 통영시 북신동,경상사고,0,0,1,0,차대차 - 측면충돌,안전운전불이행,건조,맑음,단일로 - 기타,승용,남,48세,상해없음,승용,남,71세,경상
2022082600100430,2022년 8월 26일 17시,금요일,경상남도 창원시 마산합포구 중앙동3가,중상사고,0,1,0,0,차량단독 - 기타,기타,건조,맑음,교차로 - 교차로부근,승합,남,53세,상해없음,,,,
2022082600100431,2022년 8월 26일 17시,금요일,경상남도 창원시 진해구 경화동,경상사고,0,0,2,0,차대차 - 추돌,안전거리미확보,건조,맑음,교차로 - 교차로부근,이륜,남,72세,경상,승용,여,51세,경상
2022082600100432,2022년 8월 26일 17시,금요일,경상남도 밀양시 가곡동,중상사고,0,1,0,0,차대차 - 측면충돌,안전운전불이행,건조,맑음,교차로 - 교차로부근,승합,남,71세,상해없음,자전거,남,75세,중상
2022082600100433,2022년 8월 26일 17시,금요일,경상남도 함양군 함양읍,중상사고,0,2,0,0,차대차 - 측면충돌,교차로운행방법위반,건조,맑음,교차로 - 교차로안,승용,여,44세,상해없음,승용,남,47세,중상
2022082600100434,2022년 8월 26일 17시,금요일,경상남도 거제시 고현동,중상사고,0,1,0,0,차대사람 - 보도통행중,보행자보호의무위반,건조,맑음,단일로 - 기타,승용,여,43세,상해없음,보행자,여,10세,중상
2022082600100492,2022년 8월 26일 18시,금요일,경상남도 통영시 항남동,경상사고,0,0,1,0,차대사람 - 기타,안전운전불이행,건조,맑음,교차로 - 교차로부근,승용,여,49세,상해없음,보행자,남,49세,경상
2022082600100493,2022년 8월 26일 18시,금요일,경상남도 김해시 생림면,부상신고사고,0,0,0,1,차대차 - 정면충돌,중앙선침범,건조,맑음,교차로 - 교차로부근,원동기,남,40세,부상신고,승용,남,64세,상해없음
2022082600100494,2022년 8월 26일 18시,금요일,경상남도 창원시 의창구 팔용동,경상사고,0,0,1,0,차대차 - 측면충돌,안전운전불이행,건조,맑음,단일로 - 기타,승용,여,43세,상해없음,승용,남,44세,경상
2022082600100598,2022년 8월 26일 21시,금요일,경상남도 사천시 사천읍,경상사고,0,0,2,0,차대차 - 기타,안전운전불이행,건조,맑음,단일로 - 기타,승용,여,49세,상해없음,승용,남,55세,경상
2022082600100623,2022년 8월 26일 22시,금요일,경상남도 창원시 마산회원구 석전동,경상사고,0,0,1,0,차대차 - 기타,안전운전불이행,건조,맑음,교차로 - 교차로부근,승용,남,22세,상해없음,승용,남,26세,경상
2022082700100024,2022년 8월 27일 01시,토요일,경상남도 김해시 동상동,경상사고,0,0,1,0,차대차 - 측면충돌,신호위반,건조,맑음,교차로 - 교차로안,이륜,남,26세,상해없음,승용,남,64세,상해없음
2022082700100051,2022년 8월 27일 03시,토요일,경상남도 진주시 진성면,경상사고,0,0,1,0,차대차 - 추돌,안전운전불이행,건조,맑음,단일로 - 기타,승용,남,50세,상해없음,승용,여,45세,경상
2022082700100060,2022년 8월 27일 04시,토요일,경상남도 진주시 상평동,중상사고,0,1,0,0,차대사람 - 기타,안전운전불이행,건조,맑음,단일로 - 기타,자전거,남,17세,상해없음,보행자,남,69세,중상
2022082700100061,2022년 8월 27일 04시,토요일,경상남도 김해시 신문동,중상사고,0,1,0,0,차대차 - 추돌,안전운전불이행,건조,맑음,교차로 - 교차로부근,화물,남,54세,상해없음,승용,남,27세,중상
2022082700100082,2022년 8월 27일 06시,토요일,경상남도 김해시 생림면,중상사고,0,1,0,0,차대차 - 추돌,안전운전불이행,건조,맑음,단일로 - 기타,승용,남,40세,상해없음,승용,남,30세,중상
2022082700100083,2022년 8월 27일 06시,토요일,경상남도 창원시 의창구 팔용동,경상사고,0,0,1,0,차대차 - 측면충돌,교차로운행방법위반,건조,맑음,교차로 - 교차로안,승용,남,67세,상해없음,자전거,남,24세,경상
2022082700100100,2022년 8월 27일 07시,토요일,경상남도 통영시 용남면,경상사고,0,0,1,0,차대사람 - 기타,안전운전불이행,건조,맑음,교차로 - 교차로부근,승합,남,41세,상해없음,보행자,남,66세,경상
2022082700100113,2022년 8월 27일 08시,토요일,경상남도 합천군 가회면,중상사고,0,1,0,0,차량단독 - 기타,안전운전불이행,건조,맑음,단일로 - 기타,원동기,남,70세,중상,,,,
2022082700100142,2022년 8월 27일 09시,토요일,경상남도 합천군 쌍백면,중상사고,0,1,2,0,차량단독 - 기타,안전운전불이행,건조,맑음,단일로 - 기타,승합,남,56세,상해없음,,,,
2022082700100171,2022년 8월 27일 10시,토요일,경상남도 진주시 가좌동,중상사고,0,1,0,0,차대사람 - 길가장자리구역통행중,안전운전불이행,건조,맑음,기타 - 기타,승용,여,52세,상해없음,보행자,여,62세,중상
2022082700100172,2022년 8월 27일 10시,토요일,경상남도 거제시 고현동,부상신고사고,0,0,0,1,차대차 - 기타,안전운전불이행,건조,맑음,단일로 - 기타,이륜,여,53세,부상신고,승용,남,54세,상해없음
2022082700100212,2022년 8월 27일 11시,토요일,경상남도 진주시 문산읍,경상사고,0,0,1,0,차대차 - 측면충돌,안전운전불이행,건조,맑음,교차로 - 교차로안,승용,남,52세,상해없음,승용,남,52세,경상
2022082700100213,2022년 8월 27일 11시,토요일,경상남도 통영시 북신동,중상사고,0,1,0,0,차대사람 - 기타,안전운전불이행,건조,맑음,기타 - 기타,화물,남,54세,상해없음,보행자,여,84세,중상
2022082700100214,2022년 8월 27일 11시,토요일,경상남도 양산시 동면,중상사고,0,1,0,0,차대차 - 측면충돌,안전운전불이행,건조,맑음,교차로 - 교차로안,이륜,남,45세,중상,승용,남,65세,상해없음
2022082700100215,2022년 8월 27일 11시,토요일,경상남도 창원시 의창구 도계동,경상사고,0,0,3,0,차대차 - 측면충돌,차로위반,건조,맑음,교차로 - 교차로안,건설기계,남,58세,상해없음,승용,여,63세,경상
2022082700100255,2022년 8월 27일 12시,토요일,경상남도 통영시 미수동,경상사고,0,0,1,0,차대차 - 측면충돌,안전운전불이행,건조,맑음,단일로 - 기타,승용,여,29세,상해없음,승용,남,46세,경상
2022082700100256,2022년 8월 27일 12시,토요일,경상남도 양산시 북정동,경상사고,0,0,2,0,차대차 - 측면충돌,신호위반,건조,맑음,교차로 - 교차로안,승용,남,62세,상해없음,화물,남,50세,경상
2022082700100303,2022년 8월 27일 13시,토요일,경상남도 양산시 명동,중상사고,0,1,0,0,차대차 - 측면충돌,교차로운행방법위반,건조,맑음,교차로 - 교차로안,승용,남,24세,상해없음,이륜,남,35세,중상
2022082700100304,2022년 8월 27일 13시,토요일,경상남도 남해군 남면,중상사고,0,1,1,0,차대차 - 측면충돌,교차로운행방법위반,건조,맑음,단일로 - 기타,승용,남,76세,경상,승용,남,40세,중상
2022082700100327,2022년 8월 27일 14시,토요일,경상남도 김해시 상동면,경상사고,0,0,1,0,차대차 - 추돌,안전거리미확보,건조,맑음,단일로 - 기타,승용,남,50세,경상,승합,남,48세,상해없음
2022082700100388,2022년 8월 27일 15시,토요일,경상남도 창원시 진해구 용원동,경상사고,0,0,1,0,차대차 - 정면충돌,중앙선침범,건조,맑음,단일로 - 기타,이륜,남,17세,상해없음,승용,여,28세,경상
2022082700100389,2022년 8월 27일 15시,토요일,경상남도 의령군 화정면,경상사고,0,0,1,0,차대사람 - 차도통행중,안전운전불이행,건조,맑음,교차로 - 교차로안,승용,여,51세,상해없음,보행자,남,70세,경상
2022082700100434,2022년 8월 27일 16시,토요일,경상남도 사천시 동금동,경상사고,0,0,4,0,차대차 - 측면충돌,직진우회전진행방해,건조,맑음,교차로 - 교차로안,승용,남,72세,상해없음,승용,여,44세,경상
2022082700100435,2022년 8월 27일 16시,토요일,경상남도 사천시 곤양면,경상사고,0,0,2,0,차대차 - 측면충돌,안전운전불이행,건조,맑음,단일로 - 기타,승용,남,87세,상해없음,승용,남,24세,경상
2022082700100436,2022년 8월 27일 16시,토요일,경상남도 함안군 가야읍,중상사고,0,1,1,0,차대차 - 추돌,안전운전불이행,건조,맑음,단일로 - 기타,승용,남,30세,상해없음,승용,남,49세,중상
2022082700100477,2022년 8월 27일 17시,토요일,경상남도 진주시 문산읍,중상사고,0,2,0,0,차대사람 - 차도통행중,안전운전불이행,건조,맑음,단일로 - 기타,승용,남,67세,상해없음,보행자,여,58세,중상
2022082700100478,2022년 8월 27일 17시,토요일,경상남도 사천시 서포면,경상사고,0,0,1,0,차대사람 - 기타,안전운전불이행,건조,맑음,교차로 - 교차로부근,승용,남,65세,상해없음,보행자,남,9세,경상
2022082700100479,2022년 8월 27일 17시,토요일,경상남도 합천군 야로면,경상사고,0,0,1,0,차량단독 - 공작물충돌,안전운전불이행,건조,맑음,단일로 - 기타,화물,남,57세,경상,,,,
2022082700100520,2022년 8월 27일 18시,토요일,경상남도 창원시 성산구 상남동,경상사고,0,0,4,0,차대차 - 측면충돌,차로위반,건조,맑음,단일로 - 기타,승용,남,23세,상해없음,승용,남,35세,경상
2022082700100560,2022년 8월 27일 19시,토요일,경상남도 진주시 금곡면,경상사고,0,0,1,0,차대차 - 추돌,안전운전불이행,건조,맑음,기타 - 기타,승용,남,64세,상해없음,농기계,남,84세,경상
2022082700100561,2022년 8월 27일 19시,토요일,경상남도 양산시 물금읍,경상사고,0,0,1,0,차대사람 - 길가장자리구역통행중,안전운전불이행,건조,맑음,교차로 - 교차로안,승용,남,67세,상해없음,보행자,남,61세,경상
2022082700100589,2022년 8월 27일 20시,토요일,경상남도 창원시 진해구 장천동,경상사고,0,0,1,0,차대차 - 정면충돌,중앙선침범,건조,맑음,교차로 - 교차로부근,승용,남,53세,상해없음,승용,남,47세,경상
2022082700100606,2022년 8월 27일 21시,토요일,경상남도 통영시 북신동,경상사고,0,0,1,0,차대사람 - 횡단중,안전운전불이행,건조,맑음,단일로 - 기타,승용,여,30세,상해없음,보행자,남,76세,경상
2022082700100607,2022년 8월 27일 21시,토요일,경상남도 창원시 의창구 소계동,경상사고,0,0,1,0,차대차 - 측면충돌,교차로운행방법위반,건조,맑음,교차로 - 교차로안,승용,남,26세,상해없음,이륜,남,37세,경상
2022082700100621,2022년 8월 27일 22시,토요일,경상남도 밀양시 삼문동,경상사고,0,0,1,0,차대사람 - 횡단중,보행자보호의무위반,건조,흐림,교차로 - 교차로횡단보도내,승용,남,44세,상해없음,보행자,남,16세,경상
2022082700100622,2022년 8월 27일 22시,토요일,경상남도 김해시 외동,경상사고,0,0,3,0,차대차 - 측면충돌,신호위반,건조,맑음,교차로 - 교차로안,승용,남,32세,상해없음,승용,여,44세,경상
2022082700100623,2022년 8월 27일 22시,토요일,경상남도 양산시 삼호동,경상사고,0,0,3,0,차대차 - 후진중충돌,안전운전불이행,건조,맑음,교차로 - 교차로부근,승용,남,57세,상해없음,승용,남,21세,경상
2022082800100022,2022년 8월 28일 01시,일요일,경상남도 김해시 진영읍,경상사고,0,0,1,0,차량단독 - 공작물충돌,안전운전불이행,건조,맑음,단일로 - 기타,승용,남,24세,경상,,,,
2022082800100030,2022년 8월 28일 02시,일요일,경상남도 창원시 마산회원구 석전동,중상사고,0,1,0,0,차대사람 - 기타,안전운전불이행,건조,맑음,교차로 - 교차로부근,승용,남,60세,상해없음,보행자,여,57세,중상
2022082800100041,2022년 8월 28일 03시,일요일,경상남도 양산시 신기동,경상사고,0,0,1,0,차량단독 - 전도전복 - 전도,안전운전불이행,건조,맑음,단일로 - 기타,이륜,남,30세,경상,,,,