사고번호,사고일시,요일,시군구,사고내용,사망자수,중상자수,경상자수,부상신고자수,사고유형,법규위반,노면상태,기상상태,도로형태,가해운전자 차종,가해운전자 성별,가해운전자 연령,가해운전자 상해정도,피해운전자 차종,피해운전자 성별,피해운전자 연령,피해운전자 상해정도
2022082800100051,2022년 8월 28일 05시,일요일,경상남도 양산시 신기동,부상신고사고,0,0,0,1,차량단독 - 공작물충돌,안전운전불이행,건조,맑음,단일로 - 기타,승용,남,24세,상해없음,,,,
2022082800100056,2022년 8월 28일 06시,일요일,경상남도 창원시 진해구 용원동,경상사고,0,0,2,0,차대차 - 기타,안전운전불이행,건조,맑음,단일로 - 기타,승용,여,64세,기타불명,승용,여,29세,경상
2022082800100057,2022년 8월 28일 06시,일요일,경상남도 사천시 이홀동,경상사고,0,0,1,0,차대차 - 측면충돌,중앙선침범,건조,맑음,단일로 - 기타,승용,남,53세,상해없음,승용,남,67세,경상
2022082800100058,2022년 8월 28일 06시,일요일,경상남도 김해시 어방동,경상사고,0,0,1,0,차대차 - 정면충돌,안전운전불이행,건조,맑음,단일로 - 기타,이륜,남,29세,경상,승용,남,64세,상해없음
2022082800100070,2022년 8월 28일 07시,일요일,경상남도 창원시 마산회원구 두척동,경상사고,0,0,1,0,차량단독 - 기타,안전운전불이행,건조,맑음,단일로 - 기타,승합,남,63세,상해없음,,,,
2022082800100071,2022년 8월 28일 07시,일요일,경상남도 창원시 의창구 팔용동,경상사고,0,0,1,0,차대차 - 추돌,안전운전불이행,건조,맑음,교차로 - 교차로부근,승용,남,41세,상해없음,승용,남,30세,경상
2022082800100078,2022년 8월 28일 08시,일요일,경상남도 양산시 평산동,사망사고,1,0,0,0,차대사람 - 횡단중,보행자보호의무위반,건조,맑음,교차로 - 교차로횡단보도내,승용,남,27세,상해없음,보행자,남,54세,사망
2022082800100097,2022년 8월 28일 09시,일요일,경상남도 사천시 대방동,부상신고사고,0,0,0,1,차량단독 - 공작물충돌,안전운전불이행,건조,맑음,단일로 - 기타,승용,여,41세,부상신고,,,,
2022082800100098,2022년 8월 28일 09시,일요일,경상남도 김해시 동상동,경상사고,0,0,4,0,차대차 - 추돌,안전운전불이행,건조,맑음,교차로 - 교차로부근,승용,여,45세,상해없음,승용,여,60세,경상
2022082800100099,2022년 8월 28일 09시,일요일,경상남도 거제시 연초면,경상사고,0,0,4,0,차대차 - 정면충돌,신호위반,건조,맑음,교차로 - 교차로안,승용,남,62세,상해없음,승용,여,41세,경상
2022082800100155,2022년 8월 28일 11시,일요일,경상남도 김해시 외동,부상신고사고,0,0,0,1,차대차 - 정면충돌,신호위반,건조,맑음,교차로 - 교차로안,승용,남,39세,상해없음,승용,남,41세,부상신고
2022082800100187,2022년 8월 28일 12시,일요일,경상남도 김해시 삼정동,중상사고,0,1,1,0,차대차 - 측면충돌,신호위반,건조,맑음,교차로 - 교차로안,개인형이동수단(PM),남,14세,중상,승용,남,28세,경상
2022082800100188,2022년 8월 28일 12시,일요일,경상남도 김해시 구산동,경상사고,0,0,1,0,차대차 - 추돌,안전운전불이행,건조,맑음,단일로 - 기타,승용,남,52세,상해없음,승용,여,52세,경상
2022082800100189,2022년 8월 28일 12시,일요일,경상남도 거창군 거창읍,중상사고,0,1,0,0,차대차 - 측면충돌,직진우회전진행방해,건조,맑음,교차로 - 교차로안,승용,여,29세,상해없음,화물,남,55세,상해없음
2022082800100190,2022년 8월 28일 12시,일요일,경상남도 거제시 옥포동,중상사고,0,1,0,0,차대사람 - 기타,보행자보호의무위반,건조,맑음,교차로 - 교차로안,승용,남,43세,상해없음,보행자,여,52세,중상
2022082800100226,2022년 8월 28일 13시,일요일,경상남도 통영시 무전동,중상사고,0,2,0,0,차대차 - 측면충돌,교차로운행방법위반,건조,맑음,교차로 - 교차로안,승용,남,72세,중상,이륜,남,18세,중상
2022082800100227,2022년 8월 28일 13시,일요일,경상남도 거제시 고현동,경상사고,0,0,1,0,차대차 - 기타,교차로운행방법위반,건조,맑음,교차로 - 교차로안,승용,남,52세,상해없음,이륜,남,43세,경상
2022082800100228,2022년 8월 28일 13시,일요일,경상남도 창원시 성산구 외동,경상사고,0,0,1,0,차대차 - 추돌,안전운전불이행,건조,맑음,교차로 - 교차로부근,승용,남,49세,상해없음,승용,여,33세,경상
2022082800100241,2022년 8월 28일 14시,일요일,경상남도 양산시 하북면,부상신고사고,0,0,0,5,차대차 - 추돌,안전거리미확보,건조,맑음,단일로 - 기타,승용,남,34세,상해없음,승용,남,37세,부상신고
2022082800100242,2022년 8월 28일 14시,일요일,경상남도 양산시 상북면,중상사고,0,2,2,0,차대차 - 추돌,안전거리미확보,건조,맑음,단일로 - 기타,승용,남,77세,중상,승용,남,69세,상해없음
2022082800100258,2022년 8월 28일 14시,일요일,경상남도 양산시 덕계동,경상사고,0,0,2,0,차대차 - 기타,안전운전불이행,건조,맑음,단일로 - 기타,승용,여,38세,기타불명,승용,남,33세,경상
2022082800100259,2022년 8월 28일 14시,일요일,경상남도 창원시 성산구 신월동,중상사고,0,2,1,0,차대차 - 측면충돌,신호위반,건조,맑음,교차로 - 교차로안,승용,남,63세,상해없음,승용,남,65세,경상
2022082800100298,2022년 8월 28일 15시,일요일,경상남도 양산시 동면,경상사고,0,0,3,0,차대차 - 측면충돌,신호위반,건조,맑음,단일로 - 기타,이륜,남,57세,상해없음,승용,남,60세,상해없음
2022082800100299,2022년 8월 28일 15시,일요일,경상남도 남해군 남해읍,중상사고,0,1,1,0,차대차 - 측면충돌,안전운전불이행,건조,맑음,교차로 - 교차로부근,승용,여,59세,상해없음,승용,여,38세,경상
2022082800100328,2022년 8월 28일 16시,일요일,경상남도 함양군 병곡면,경상사고,0,0,2,0,차대차 - 기타,신호위반,건조,맑음,단일로 - 터널,승용,남,34세,상해없음,승용,남,54세,경상
2022082800100420,2022년 8월 28일 19시,일요일,경상남도 창원시 마산합포구 중앙동3가,경상사고,0,0,1,0,차량단독 - 기타,안전운전불이행,건조,맑음,교차로 - 교차로안,승합,남,51세,상해없음,,,,
2022082800100453,2022년 8월 28일 20시,일요일,경상남도 김해시 어방동,중상사고,0,1,0,0,차대사람 - 길가장자리구역통행중,안전운전불이행,건조,맑음,단일로 - 기타,승용,남,38세,상해없음,보행자,여,52세,중상
2022082800100473,2022년 8월 28일 21시,일요일,경상남도 김해시 삼계동,경상사고,0,0,1,0,차대차 - 측면충돌,신호위반,건조,맑음,교차로 - 교차로안,승용,남,57세,상해없음,이륜,남,21세,경상
2022082900100014,2022년 8월 29일 01시,월요일,경상남도 김해시 외동,중상사고,0,1,0,0,차대사람 - 횡단중,안전운전불이행,건조,맑음,교차로 - 교차로안,승용,여,22세,상해없음,보행자,여,76세,중상
2022082900100031,2022년 8월 29일 05시,월요일,경상남도 창원시 의창구 소답동,경상사고,0,0,1,0,차대사람 - 기타,보행자보호의무위반,건조,맑음,단일로 - 기타,승용,여,67세,상해없음,보행자,남,47세,경상
2022082900100046,2022년 8월 29일 06시,월요일,경상남도 김해시 불암동,경상사고,0,0,1,0,차대차 - 추돌,신호위반,건조,맑음,교차로 - 교차로안,승용,남,54세,상해없음,승용,남,50세,경상
2022082900100076,2022년 8월 29일 07시,월요일,경상남도 창원시 진해구 이동,경상사고,0,0,1,0,차대차 - 추돌,안전거리미확보,건조,맑음,교차로 - 교차로부근,승용,남,30세,상해없음,승용,남,48세,경상
2022082900100077,2022년 8월 29일 07시,월요일,경상남도 거창군 거창읍,경상사고,0,0,1,0,차대차 - 측면충돌,직진우회전진행방해,건조,맑음,교차로 - 교차로안,자전거,여,81세,경상,건설기계,남,41세,상해없음
2022082900100113,2022년 8월 29일 08시,월요일,경상남도 진주시 칠암동,경상사고,0,0,1,0,차대차 - 측면충돌,안전운전불이행,건조,맑음,교차로 - 교차로안,승용,남,71세,상해없음,승용,남,28세,경상
2022082900100114,2022년 8월 29일 08시,월요일,경상남도 김해시 신문동,경상사고,0,0,1,0,차대차 - 측면충돌,안전거리미확보,건조,흐림,단일로 - 기타,건설기계,남,59세,상해없음,승용,여,62세,경상
2022082900100151,2022년 8월 29일 09시,월요일,경상남도 창원시 마산합포구 남성동,경상사고,0,0,4,0,차대차 - 기타,신호위반,건조,맑음,교차로 - 교차로안,승용,여,34세,상해없음,승용,여,47세,경상
2022082900100184,2022년 8월 29일 10시,월요일,경상남도 진주시 평거동,경상사고,0,0,1,0,차대차 - 정면충돌,신호위반,건조,맑음,교차로 - 교차로안,승용,여,52세,상해없음,승용,여,40세,경상
2022082900100216,2022년 8월 29일 11시,월요일,경상남도 밀양시 교동,중상사고,0,1,0,0,차대차 - 측면충돌,안전운전불이행,건조,맑음,단일로 - 기타,사륜오토바이(ATV),여,68세,중상,승용,여,54세,상해없음
2022082900100217,2022년 8월 29일 11시,월요일,경상남도 거제시 장목면,경상사고,0,0,1,0,차대사람 - 기타,안전운전불이행,건조,맑음,기타 - 기타,승용,여,71세,상해없음,보행자,남,48세,경상
2022082900100218,2022년 8월 29일 11시,월요일,경상남도 거제시 남부면,경상사고,0,0,4,0,차대차 - 추돌,안전운전불이행,건조,맑음,주차장 - 주차장,승용,남,32세,상해없음,승용,남,46세,경상
2022082900100248,2022년 8월 29일 12시,월요일,경상남도 양산시 물금읍,경상사고,0,0,1,0,차대차 - 정면충돌,신호위반,건조,맑음,교차로 - 교차로안,이륜,남,46세,상해없음,승용,여,24세,경상
2022082900100319,2022년 8월 29일 14시,월요일,경상남도 김해시 구산동,경상사고,0,0,2,0,차대차 - 추돌,안전운전불이행,건조,맑음,단일로 - 기타,화물,남,60세,상해없음,화물,남,49세,경상
2022082900100320,2022년 8월 29일 14시,월요일,경상남도 거제시 옥포동,경상사고,0,0,1,0,차대사람 - 차도통행중,안전운전불이행,건조,맑음,단일로 - 기타,승용,여,52세,상해없음,보행자,남,42세,경상
2022082900100358,2022년 8월 29일 15시,월요일,경상남도 함양군 함양읍,중상사고,0,2,0,0,차대사람 - 횡단중,보행자보호의무위반,건조,흐림,교차로 - 교차로횡단보도내,승용,여,71세,상해없음,보행자,여,13세,중상
2022082900100476,2022년 8월 29일 18시,월요일,경상남도 창원시 마산합포구 교원동,중상사고,0,1,0,0,차대사람 - 횡단중,보행자보호의무위반,건조,맑음,교차로 - 교차로횡단보도내,승용,남,29세,상해없음,보행자,여,74세,중상
2022082900100477,2022년 8월 29일 18시,월요일,경상남도 거제시 양정동,경상사고,0,0,1,0,차대차 - 기타,기타,건조,맑음,단일로 - 기타,승용,여,41세,상해없음,자전거,남,43세,경상
2022082900100515,2022년 8월 29일 19시,월요일,경상남도 사천시 사남면,사망사고,1,0,0,0,차대사람 - 횡단중,안전운전불이행,건조,맑음,단일로 - 기타,화물,남,43세,상해없음,보행자,여,88세,사망
2022082900100516,2022년 8월 29일 19시,월요일,경상남도 밀양시 가곡동,중상사고,0,1,0,0,차대사람 - 기타,안전운전불이행,건조,흐림,교차로 - 교차로안,승용,남,53세,상해없음,보행자,여,91세,중상
2022082900100562,2022년 8월 29일 21시,월요일,경상남도 김해시 내동,경상사고,0,0,1,0,차대사람 - 횡단중,보행자보호의무위반,건조,맑음,교차로 - 교차로횡단보도내,승용,남,22세,상해없음,보행자,여,22세,경상
2022082900100563,2022년 8월 29일 21시,월요일,경상남도 양산시 물금읍,경상사고,0,0,1,0,차대차 - 추돌,안전운전불이행,건조,흐림,단일로 - 기타,승용,남,20세,상해없음,이륜,남,44세,경상
2022082900100589,2022년 8월 29일 22시,월요일,경상남도 창원시 성산구 상남동,부상신고사고,0,0,0,1,차대사람 - 기타,안전운전불이행,건조,맑음,단일로 - 기타,이륜,남,36세,상해없음,보행자,남,50세,부상신고
2022082900100611,2022년 8월 29일 23시,월요일,경상남도 김해시 주촌면,중상사고,0,1,0,0,차대차 - 정면충돌,안전운전불이행,건조,맑음,교차로 - 교차로안,승용,여,46세,상해없음,이륜,남,25세,중상
2022083000100014,2022년 8월 30일 01시,화요일,경상남도 사천시 사천읍,중상사고,0,2,0,0,차대차 - 추돌,안전운전불이행,건조,맑음,교차로 - 교차로부근,승용,남,32세,상해없음,승용,남,30세,중상
2022083000100039,2022년 8월 30일 04시,화요일,경상남도 창원시 의창구 팔용동,중상사고,0,1,0,0,차대사람 - 기타,안전운전불이행,건조,맑음,교차로 - 교차로부근,화물,남,43세,상해없음,보행자,남,48세,중상
2022083000100051,2022년 8월 30일 05시,화요일,경상남도 거제시 아주동,중상사고,0,1,0,0,차대차 - 추돌,안전운전불이행,건조,맑음,단일로 - 기타,승용,남,29세,상해없음,화물,남,52세,중상
2022083000100060,2022년 8월 30일 06시,화요일,경상남도 거창군 거창읍,중상사고,0,1,0,0,차량단독 - 공작물충돌,안전운전불이행,건조,맑음,단일로 - 기타,화물,남,70세,중상,,,,
2022083000100077,2022년 8월 30일 07시,화요일,경상남도 양산시 북정동,경상사고,0,0,1,0,차대차 - 추돌,안전운전불이행,건조,맑음,교차로 - 교차로부근,승용,기타불명,미분류,기타불명,승용,여,41세,경상
2022083000100078,2022년 8월 30일 07시,화요일,경상남도 김해시 흥동,사망사고,1,0,0,0,차대사람 - 길가장자리구역통행중,안전운전불이행,건조,흐림,교차로 - 교차로부근,승용,남,31세,상해없음,보행자,남,68세,사망
2022083000100118,2022년 8월 30일 08시,화요일,경상남도 김해시 외동,경상사고,0,0,1,0,차대차 - 추돌,안전운전불이행,건조,맑음,단일로 - 기타,화물,남,64세,상해없음,승용,여,46세,경상
2022083000100119,2022년 8월 30일 08시,화요일,경상남도 김해시 진영읍,경상사고,0,0,1,0,차대차 - 추돌,안전운전불이행,건조,맑음,교차로 - 교차로안,승용,여,45세,상해없음,원동기,여,35세,경상
2022083000100181,2022년 8월 30일 10시,화요일,경상남도 창원시 진해구 용원동,경상사고,0,0,1,0,차대차 - 측면충돌,차로위반,건조,맑음,단일로 - 기타,화물,남,60세,상해없음,화물,남,27세,경상
2022083000100182,2022년 8월 30일 10시,화요일,경상남도 사천시 축동면,중상사고,0,1,0,0,차대차 - 추돌,안전운전불이행,건조,맑음,단일로 - 기타,특수,남,59세,상해없음,승용,남,71세,중상
2022083000100241,2022년 8월 30일 12시,화요일,경상남도 창원시 진해구 용원동,경상사고,0,0,2,0,차대차 - 후진중충돌,안전운전불이행,젖음/습기,비,단일로 - 기타,특수,남,30세,상해없음,승용,남,33세,경상
2022083000100242,2022년 8월 30일 12시,화요일,경상남도 산청군 삼장면,경상사고,0,0,2,0,차대차 - 정면충돌,교차로운행방법위반,젖음/습기,비,교차로 - 교차로안,승용,남,22세,상해없음,화물,남,54세,경상
2022083000100273,2022년 8월 30일 13시,화요일,경상남도 사천시 좌룡동,경상사고,0,0,2,0,차대차 - 추돌,안전운전불이행,건조,흐림,교차로 - 교차로부근,건설기계,남,58세,상해없음,승용,여,52세,경상
2022083000100274,2022년 8월 30일 13시,화요일,경상남도 창원시 의창구 북면,경상사고,0,0,1,0,차대사람 - 보도통행중,기타,젖음/습기,비,단일로 - 기타,원동기,남,51세,상해없음,보행자,여,8세,경상
2022083000100300,2022년 8월 30일 14시,화요일,경상남도 남해군 창선면,부상신고사고,0,0,0,1,차대차 - 기타,중앙선침범,건조,맑음,단일로 - 기타,승용,남,56세,상해없음,승용,남,57세,부상신고
2022083000100338,2022년 8월 30일 15시,화요일,경상남도 진주시 초전동,경상사고,0,0,1,0,차대차 - 기타,안전운전불이행,건조,맑음,교차로 - 교차로안,화물,남,39세,상해없음,승용,남,58세,경상
2022083000100370,2022년 8월 30일 16시,화요일,경상남도 통영시 무전동,경상사고,0,0,1,0,차대사람 - 기타,안전운전불이행,젖음/습기,비,단일로 - 기타,승용,남,64세,상해없음,보행자,여,20세,경상
2022083000100371,2022년 8월 30일 16시,화요일,경상남도 김해시 진영읍,중상사고,0,1,0,0,차대차 - 측면충돌,안전운전불이행,젖음/습기,비,단일로 - 기타,승용,여,52세,상해없음,승용,남,68세,중상
2022083000100372,2022년 8월 30일 16시,화요일,경상남도 김해시 내덕동,경상사고,0,0,1,0,차대차 - 추돌,안전운전불이행,젖음/습기,비,기타 - 기타,화물,남,54세,상해없음,승용,여,27세,경상
2022083000100373,2022년 8월 30일 16시,화요일,경상남도 김해시 대청동,경상사고,0,0,1,0,차대차 - 측면충돌,안전거리미확보,젖음/습기,비,단일로 - 기타,화물,남,47세,상해없음,승용,남,40세,경상
2022083000100460,2022년 8월 30일 18시,화요일,경상남도 김해시 외동,경상사고,0,0,4,0,차대차 - 추돌,안전거리미확보,젖음/습기,흐림,단일로 - 기타,승용,여,41세,상해없음,승용,남,43세,경상
2022083000100461,2022년 8월 30일 18시,화요일,경상남도 창원시 성산구 상남동,중상사고,0,1,0,0,차대차 - 측면충돌,신호위반,젖음/습기,비,교차로 - 교차로안,승용,여,56세,상해없음,승용,여,39세,중상
2022083000100462,2022년 8월 30일 18시,화요일,경상남도 김해시 주촌면,경상사고,0,0,1,0,차대차 - 추돌,안전운전불이행,젖음/습기,흐림,교차로 - 교차로안,화물,남,49세,상해없음,승용,여,59세,경상
2022083000100527,2022년 8월 30일 20시,화요일,경상남도 밀양시 내이동,경상사고,0,0,1,0,차대차 - 측면충돌,안전운전불이행,젖음/습기,흐림,교차로 - 교차로안,승용,여,66세,상해없음,승용,남,38세,경상
2022083000100528,2022년 8월 30일 20시,화요일,경상남도 양산시 삼호동,경상사고,0,0,1,0,차대차 - 기타,안전운전불이행,젖음/습기,비,교차로 - 교차로안,승용,여,65세,상해없음,이륜,남,57세,경상
2022083000100529,2022년 8월 30일 20시,화요일,경상남도 양산시 교동,경상사고,0,0,1,0,차대차 - 기타,안전운전불이행,젖음/습기,비,교차로 - 교차로안,승용,여,54세,상해없음,이륜,남,61세,경상
2022083000100552,2022년 8월 30일 21시,화요일,경상남도 김해시 상동면,경상사고,0,0,1,0,차대차 - 정면충돌,교차로운행방법위반,건조,맑음,교차로 - 교차로부근,승용,남,31세,상해없음,이륜,남,27세,경상
2022083100100034,2022년 8월 31일 02시,수요일,경상남도 고성군 고성읍,경상사고,0,0,1,0,차량단독 - 도로외이탈 - 추락,안전운전불이행,건조,맑음,단일로 - 기타,승용,남,47세,경상,,,,
2022083100100076,2022년 8월 31일 07시,수요일,경상남도 통영시 광도면,경상사고,0,0,1,0,차대차 - 측면충돌,중앙선침범,젖음/습기,비,단일로 - 기타,자전거,남,35세,경상,승용,남,67세,상해없음
2022083100100092,2022년 8월 31일 08시,수요일,경상남도 김해시 대동면,중상사고,0,1,5,0,차대차 - 측면충돌,안전거리미확보,젖음/습기,비,기타 - 기타,승용,남,44세,상해없음,승용,남,69세,경상
2022083100100154,2022년 8월 31일 10시,수요일,경상남도 양산시 물금읍,경상사고,0,0,2,0,차대차 - 기타,안전운전불이행,젖음/습기,비,단일로 - 기타,특수,남,63세,상해없음,승용,여,37세,경상
2022083100100155,2022년 8월 31일 10시,수요일,경상남도 김해시 대동면,중상사고,0,1,0,0,차대차 - 기타,안전운전불이행,젖음/습기,비,단일로 - 기타,화물,남,61세,상해없음,화물,남,43세,중상
2022083100100166,2022년 8월 31일 10시,수요일,경상남도 합천군 가회면,중상사고,0,1,0,0,차대차 - 기타,안전운전불이행,건조,맑음,교차로 - 교차로안,승용,남,72세,상해없음,이륜,남,71세,중상
2022083100100167,2022년 8월 31일 10시,수요일,경상남도 양산시 주진동,중상사고,0,1,0,1,차대차 - 정면충돌,안전거리미확보,젖음/습기,맑음,단일로 - 기타,승합,남,48세,부상신고,승용,남,64세,중상
2022083100100192,2022년 8월 31일 11시,수요일,경상남도 진주시 상대동,사망사고,1,0,0,0,차대차 - 측면충돌,신호위반,건조,맑음,교차로 - 교차로횡단보도내,이륜,남,28세,상해없음,자전거,남,74세,사망
2022083100100193,2022년 8월 31일 11시,수요일,경상남도 김해시 삼계동,경상사고,0,0,1,0,차대차 - 측면충돌,안전운전불이행,젖음/습기,비,교차로 - 교차로부근,승용,남,58세,상해없음,화물,남,38세,경상
2022083100100252,2022년 8월 31일 13시,수요일,경상남도 사천시 사남면,경상사고,0,0,2,0,차대차 - 추돌,안전운전불이행,건조,흐림,교차로 - 교차로부근,승용,남,50세,상해없음,승용,여,28세,경상
2022083100100253,2022년 8월 31일 13시,수요일,경상남도 남해군 삼동면,경상사고,0,0,1,0,차대차 - 측면충돌,안전운전불이행,건조,맑음,교차로 - 교차로안,화물,남,63세,상해없음,승용,여,47세,경상
2022083100100286,2022년 8월 31일 14시,수요일,경상남도 창원시 성산구 상남동,경상사고,0,0,1,0,차대차 - 측면충돌,신호위반,건조,맑음,교차로 - 교차로안,승용,여,62세,상해없음,승용,여,30세,경상
2022083100100346,2022년 8월 31일 16시,수요일,경상남도 김해시 삼계동,중상사고,0,1,0,0,차대차 - 기타,안전운전불이행,건조,맑음,교차로 - 교차로안,승용,여,64세,상해없음,승용,남,25세,중상
2022083100100390,2022년 8월 31일 17시,수요일,경상남도 김해시 삼방동,경상사고,0,0,1,0,차대차 - 기타,안전운전불이행,건조,맑음,단일로 - 기타,승용,남,61세,상해없음,원동기,남,48세,경상
2022083100100391,2022년 8월 31일 17시,수요일,경상남도 김해시 삼계동,경상사고,0,0,2,0,차대차 - 기타,교차로운행방법위반,건조,맑음,교차로 - 교차로안,승용,여,41세,경상,승용,남,35세,경상
2022083100100431,2022년 8월 31일 18시,수요일,경상남도 양산시 북정동,경상사고,0,0,1,0,차대차 - 측면충돌,중앙선침범,건조,맑음,단일로 - 기타,승용,남,30세,상해없음,승용,남,39세,경상
2022083100100432,2022년 8월 31일 18시,수요일,경상남도 남해군 창선면,중상사고,0,1,0,0,차대차 - 측면충돌,안전운전불이행,건조,맑음,단일로 - 기타,승용,여,24세,상해없음,개인형이동수단(PM),남,57세,중상
2022083100100433,2022년 8월 31일 18시,수요일,경상남도 산청군 차황면,중상사고,0,1,0,0,차량단독 - 공작물충돌,기타,건조,맑음,단일로 - 기타,화물,남,67세,중상,,,,
2022083100100434,2022년 8월 31일 18시,수요일,경상남도 창원시 성산구 가음동,경상사고,0,0,1,0,차대차 - 측면충돌,교차로운행방법위반,건조,맑음,교차로 - 교차로안,승용,여,51세,상해없음,자전거,남,13세,경상
2022083100100466,2022년 8월 31일 19시,수요일,경상남도 진주시 칠암동,중상사고,0,1,0,0,차대사람 - 횡단중,보행자보호의무위반,건조,맑음,교차로 - 교차로횡단보도내,승용,남,47세,상해없음,보행자,여,67세,중상
2022083100100467,2022년 8월 31일 19시,수요일,경상남도 사천시 송포동,중상사고,0,1,0,0,차대차 - 측면충돌,안전운전불이행,건조,맑음,단일로 - 기타,승용,남,23세,상해없음,승용,남,23세,중상
2022090100100006,2022년 9월 1일 00시,목요일,경상남도 양산시 명동,경상사고,0,0,1,0,차대차 - 정면충돌,안전운전불이행,건조,맑음,단일로 - 기타,승용,남,49세,상해없음,이륜,남,32세,경상
2022090100100073,2022년 9월 1일 07시,목요일,경상남도 거제시 연초면,중상사고,0,1,0,0,차대차 - 기타,교차로운행방법위반,건조,맑음,교차로 - 교차로안,화물,남,63세,상해없음,승용,남,39세,중상
2022090100100113,2022년 9월 1일 08시,목요일,경상남도 창원시 진해구 풍호동,경상사고,0,0,2,0,차대차 - 측면충돌,직진우회전진행방해,건조,맑음,교차로 - 교차로안,승용,여,46세,경상,승용,여,56세,상해없음
2022090100100114,2022년 9월 1일 08시,목요일,경상남도 양산시 산막동,경상사고,0,0,1,0,차대차 - 기타,안전운전불이행,건조,맑음,교차로 - 교차로안,승용,남,71세,기타불명,승합,남,49세,경상
2022090100100172,2022년 9월 1일 10시,목요일,경상남도 사천시 동동,중상사고,0,1,0,0,차대사람 - 기타,안전운전불이행,건조,맑음,교차로 - 교차로부근,화물,남,27세,상해없음,보행자,여,81세,중상
2022090100100173,2022년 9월 1일 10시,목요일,경상남도 고성군 고성읍,부상신고사고,0,0,0,1,차대사람 - 기타,안전운전불이행,건조,맑음,단일로 - 기타,승용,남,76세,상해없음,보행자,여,59세,부상신고
2022090100100174,2022년 9월 1일 10시,목요일,경상남도 고성군 거류면,경상사고,0,0,1,0,차대차 - 측면충돌,기타,건조,맑음,교차로 - 교차로안,화물,여,62세,상해없음,승용,남,73세,경상
2022090100100175,2022년 9월 1일 10시,목요일,경상남도 창원시 의창구 소답동,경상사고,0,0,1,0,차대사람 - 기타,안전운전불이행,건조,맑음,교차로 - 교차로안,승용,여,53세,상해없음,보행자,여,80세,경상
2022090100100176,2022년 9월 1일 10시,목요일,경상남도 김해시 대청동,경상사고,0,0,1,0,차대차 - 측면충돌,안전거리미확보,건조,맑음,단일로 - 기타,화물,남,70세,상해없음,승용,남,48세,경상
2022090100100211,2022년 9월 1일 11시,목요일,경상남도 통영시 도천동,경상사고,0,0,1,0,차대사람 - 기타,안전운전불이행,젖음/습기,비,단일로 - 기타,승용,여,39세,상해없음,보행자,여,17세,경상
2022090100100212,2022년 9월 1일 11시,목요일,경상남도 창원시 의창구 동읍,경상사고,0,0,1,0,차대차 - 측면충돌,안전운전불이행,건조,맑음,단일로 - 기타,화물,남,60세,상해없음,승용,여,49세,경상
2022090100100241,2022년 9월 1일 12시,목요일,경상남도 통영시 당동,중상사고,0,1,0,0,차대차 - 측면충돌,안전운전불이행,건조,맑음,단일로 - 기타,승용,남,52세,상해없음,이륜,남,21세,중상
2022090100100292,2022년 9월 1일 13시,목요일,경상남도 창원시 마산합포구 월남동5가,경상사고,0,0,1,0,차대차 - 기타,안전운전불이행,건조,맑음,교차로 - 교차로부근,승용,여,66세,상해없음,승합,남,56세,상해없음
2022090100100326,2022년 9월 1일 14시,목요일,경상남도 양산시 동면,경상사고,0,0,1,0,차대차 - 측면충돌,안전운전불이행,건조,맑음,교차로 - 교차로안,승용,여,59세,상해없음,이륜,남,43세,경상
2022090100100327,2022년 9월 1일 14시,목요일,경상남도 창원시 성산구 신월동,중상사고,0,1,0,0,차대차 - 측면충돌,안전운전불이행,건조,맑음,교차로 - 교차로안,승용,남,25세,상해없음,원동기,남,51세,중상
2022090100100361,2022년 9월 1일 15시,목요일,경상남도 거제시 장목면,중상사고,0,1,2,0,차대차 - 추돌,기타,젖음/습기,흐림,단일로 - 교량,승용,남,31세,중상,승용,여,61세,경상
2022090100100362,2022년 9월 1일 15시,목요일,경상남도 창원시 의창구 팔용동,경상사고,0,0,1,0,차대차 - 추돌,안전운전불이행,건조,맑음,단일로 - 기타,승용,남,67세,상해없음,화물,남,38세,경상
2022090100100408,2022년 9월 1일 16시,목요일,경상남도 김해시 동상동,경상사고,0,0,2,0,차대차 - 정면충돌,중앙선침범,건조,맑음,단일로 - 기타,승용,여,54세,상해없음,승합,여,41세,경상
2022090100100409,2022년 9월 1일 16시,목요일,경상남도 양산시 중부동,경상사고,0,0,2,0,차대차 - 기타,신호위반,건조,맑음,교차로 - 교차로안,이륜,남,45세,상해없음,승용,남,28세,경상
2022090100100411,2022년 9월 1일 16시,목요일,경상남도 거제시 장평동,중상사고,0,1,3,0,차대차 - 기타,안전거리미확보,건조,맑음,단일로 - 기타,승용,남,47세,상해없음,승용,여,45세,중상
2022090100100412,2022년 9월 1일 16시,목요일,경상남도 산청군 산청읍,중상사고,0,1,0,0,차대차 - 측면충돌,신호위반,건조,맑음,교차로 - 교차로안,승용,여,58세,상해없음,자전거,남,23세,중상
2022090100100413,2022년 9월 1일 16시,목요일,경상남도 산청군 신안면,경상사고,0,0,1,0,차대사람 - 기타,안전운전불이행,건조,맑음,교차로 - 교차로안,화물,남,58세,상해없음,보행자,남,7세,경상
2022090100100414,2022년 9월 1일 16시,목요일,경상남도 창원시 의창구 도계동,경상사고,0,0,1,0,차대사람 - 기타,보행자보호의무위반,건조,맑음,교차로 - 교차로횡단보도내,승용,남,65세,상해없음,보행자,남,14세,경상