사고번호,사고일시,요일,시군구,사고내용,사망자수,중상자수,경상자수,부상신고자수,사고유형,법규위반,노면상태,기상상태,도로형태,가해운전자 차종,가해운전자 성별,가해운전자 연령,가해운전자 상해정도,피해운전자 차종,피해운전자 성별,피해운전자 연령,피해운전자 상해정도
2022090100100472,2022년 9월 1일 17시,목요일,경상남도 창원시 진해구 용원동,경상사고,0,0,1,0,차대사람 - 횡단중,신호위반,건조,맑음,교차로 - 교차로횡단보도내,이륜,남,18세,상해없음,보행자,여,3세,경상
2022090100100506,2022년 9월 1일 18시,목요일,경상남도 창원시 진해구 인사동,경상사고,0,0,1,0,차대사람 - 기타,안전운전불이행,건조,흐림,단일로 - 기타,화물,남,52세,상해없음,보행자,남,55세,경상
2022090100100507,2022년 9월 1일 18시,목요일,경상남도 양산시 하북면,경상사고,0,0,1,0,차대차 - 기타,기타,건조,맑음,단일로 - 기타,승용,남,41세,상해없음,승용,남,21세,경상
2022090100100508,2022년 9월 1일 18시,목요일,경상남도 창원시 의창구 서상동,경상사고,0,0,1,0,차대사람 - 기타,안전운전불이행,건조,맑음,교차로 - 교차로안,승용,남,25세,상해없음,보행자,남,25세,경상
2022090100100544,2022년 9월 1일 19시,목요일,경상남도 통영시 미수동,경상사고,0,0,2,0,차대차 - 기타,안전운전불이행,건조,맑음,교차로 - 교차로안,승용,여,44세,상해없음,승용,남,39세,경상
2022090100100545,2022년 9월 1일 19시,목요일,경상남도 김해시 지내동,경상사고,0,0,1,0,차대차 - 정면충돌,신호위반,건조,맑음,교차로 - 교차로안,이륜,남,17세,경상,승용,남,57세,상해없음
2022090100100546,2022년 9월 1일 19시,목요일,경상남도 양산시 북부동,경상사고,0,0,1,0,차대사람 - 기타,안전운전불이행,건조,맑음,단일로 - 기타,이륜,남,46세,상해없음,보행자,남,36세,경상
2022090100100547,2022년 9월 1일 19시,목요일,경상남도 창원시 마산회원구 양덕동,중상사고,0,1,0,0,차대사람 - 기타,안전운전불이행,건조,맑음,단일로 - 기타,승용,남,75세,상해없음,보행자,여,56세,중상
2022090100100548,2022년 9월 1일 19시,목요일,경상남도 창원시 의창구 봉곡동,경상사고,0,0,1,0,차대사람 - 횡단중,보행자보호의무위반,건조,맑음,단일로 - 기타,화물,남,45세,상해없음,보행자,남,37세,경상
2022090100100579,2022년 9월 1일 20시,목요일,경상남도 양산시 신기동,경상사고,0,0,2,0,차대차 - 측면충돌,신호위반,젖음/습기,비,교차로 - 교차로안,이륜,남,59세,경상,승용,남,45세,경상
2022090100100580,2022년 9월 1일 20시,목요일,경상남도 양산시 덕계동,경상사고,0,0,1,0,차대차 - 측면충돌,교차로운행방법위반,건조,맑음,교차로 - 교차로안,승용,남,46세,상해없음,승용,여,59세,경상
2022090100100581,2022년 9월 1일 20시,목요일,경상남도 양산시 북부동,경상사고,0,0,1,0,차대차 - 기타,안전운전불이행,건조,맑음,교차로 - 교차로부근,승용,남,60세,상해없음,승용,남,42세,경상
2022090100100582,2022년 9월 1일 20시,목요일,경상남도 창원시 성산구 남산동,경상사고,0,0,1,0,차대차 - 측면충돌,신호위반,젖음/습기,비,교차로 - 교차로안,승용,여,46세,기타불명,승용,여,26세,경상
2022090100100583,2022년 9월 1일 20시,목요일,경상남도 창원시 마산회원구 석전동,경상사고,0,0,1,0,차대사람 - 보도통행중,보행자보호의무위반,젖음/습기,흐림,교차로 - 교차로횡단보도내,이륜,기타불명,미분류,기타불명,보행자,여,64세,경상
2022090100100584,2022년 9월 1일 20시,목요일,경상남도 김해시 대청동,경상사고,0,0,1,0,차대차 - 추돌,안전운전불이행,건조,맑음,단일로 - 기타,승용,여,51세,경상,승용,기타불명,미분류,기타불명
2022090100100620,2022년 9월 1일 22시,목요일,경상남도 창원시 마산회원구 양덕동,경상사고,0,0,1,0,차대차 - 추돌,안전운전불이행,젖음/습기,비,단일로 - 기타,승용,남,47세,상해없음,승용,남,28세,경상
2022090100100621,2022년 9월 1일 22시,목요일,경상남도 김해시 율하동,경상사고,0,0,1,0,차대차 - 측면충돌,신호위반,건조,흐림,교차로 - 교차로안,승용,여,26세,상해없음,이륜,남,40세,경상
2022090200100017,2022년 9월 2일 01시,금요일,경상남도 사천시 사천읍,경상사고,0,0,2,0,차대차 - 기타,안전운전불이행,건조,맑음,교차로 - 교차로부근,승용,남,29세,상해없음,승용,남,62세,경상
2022090200100018,2022년 9월 2일 01시,금요일,경상남도 하동군 고전면,경상사고,0,0,1,0,차량단독 - 공작물충돌,안전운전불이행,젖음/습기,비,교차로 - 교차로안,화물,남,61세,상해없음,,,,
2022090200100031,2022년 9월 2일 03시,금요일,경상남도 창원시 마산합포구 예곡동,경상사고,0,0,2,0,차대차 - 측면충돌,안전운전불이행,건조,맑음,단일로 - 기타,이륜,남,24세,경상,화물,남,29세,경상
2022090200100086,2022년 9월 2일 07시,금요일,경상남도 산청군 신안면,경상사고,0,0,1,0,차대차 - 추돌,안전운전불이행,건조,맑음,교차로 - 교차로부근,승용,여,44세,경상,화물,남,65세,상해없음
2022090200100133,2022년 9월 2일 08시,금요일,경상남도 창녕군 부곡면,경상사고,0,0,1,0,차대차 - 기타,신호위반,젖음/습기,흐림,교차로 - 교차로안,화물,남,28세,상해없음,승용,남,68세,경상
2022090200100176,2022년 9월 2일 09시,금요일,경상남도 창원시 진해구 석동,경상사고,0,0,1,0,차대차 - 후진중충돌,안전운전불이행,건조,맑음,단일로 - 기타,승용,남,54세,상해없음,승용,여,39세,경상
2022090200100249,2022년 9월 2일 11시,금요일,경상남도 통영시 무전동,경상사고,0,0,2,0,차대차 - 추돌,안전운전불이행,건조,맑음,단일로 - 기타,승합,남,51세,상해없음,승용,남,65세,경상
2022090200100250,2022년 9월 2일 11시,금요일,경상남도 거제시 옥포동,경상사고,0,0,1,0,차대차 - 기타,안전운전불이행,젖음/습기,비,단일로 - 기타,승용,여,66세,기타불명,승용,여,39세,경상
2022090200100279,2022년 9월 2일 12시,금요일,경상남도 사천시 동금동,경상사고,0,0,1,0,차대차 - 측면충돌,안전운전불이행,젖음/습기,비,교차로 - 교차로안,화물,남,53세,상해없음,이륜,남,55세,경상
2022090200100280,2022년 9월 2일 12시,금요일,경상남도 창원시 성산구 웅남동,중상사고,0,1,0,0,차대차 - 정면충돌,신호위반,젖음/습기,비,교차로 - 교차로안,승용,여,54세,상해없음,승용,남,70세,상해없음
2022090200100318,2022년 9월 2일 13시,금요일,경상남도 사천시 사남면,중상사고,0,1,0,0,차대차 - 측면충돌,신호위반,젖음/습기,비,교차로 - 교차로부근,화물,남,47세,상해없음,이륜,남,39세,중상
2022090200100319,2022년 9월 2일 13시,금요일,경상남도 김해시 외동,중상사고,0,3,0,0,차대차 - 측면충돌,교차로운행방법위반,젖음/습기,비,교차로 - 교차로안,승용,여,47세,중상,승용,남,50세,중상
2022090200100320,2022년 9월 2일 13시,금요일,경상남도 김해시 내동,경상사고,0,0,3,0,차대차 - 측면충돌,안전운전불이행,젖음/습기,비,교차로 - 교차로안,승용,여,48세,경상,승용,여,20세,경상
2022090200100337,2022년 9월 2일 14시,금요일,경상남도 김해시 부원동,부상신고사고,0,0,0,1,차대차 - 기타,안전거리미확보,젖음/습기,비,단일로 - 기타,화물,남,28세,상해없음,승용,남,70세,부상신고
2022090200100357,2022년 9월 2일 14시,금요일,경상남도 창원시 마산합포구 중앙동3가,중상사고,0,1,1,0,차대차 - 정면충돌,안전운전불이행,젖음/습기,비,교차로 - 교차로부근,승용,남,60세,상해없음,승용,남,25세,경상
2022090200100358,2022년 9월 2일 14시,금요일,경상남도 진주시 주약동,경상사고,0,0,1,0,차대차 - 기타,안전운전불이행,젖음/습기,비,단일로 - 기타,승용,남,34세,상해없음,승용,여,57세,경상
2022090200100359,2022년 9월 2일 14시,금요일,경상남도 사천시 벌리동,경상사고,0,0,1,0,차대차 - 추돌,안전운전불이행,건조,맑음,단일로 - 기타,승용,여,53세,상해없음,승용,여,42세,경상
2022090200100378,2022년 9월 2일 15시,금요일,경상남도 양산시 동면,중상사고,0,1,1,0,차대차 - 측면충돌,중앙선침범,젖음/습기,비,단일로 - 기타,승용,여,38세,상해없음,화물,남,47세,경상
2022090200100402,2022년 9월 2일 15시,금요일,경상남도 진주시 신안동,경상사고,0,0,1,0,차대사람 - 횡단중,보행자보호의무위반,젖음/습기,비,교차로 - 교차로안,승용,여,52세,상해없음,보행자,여,36세,경상
2022090200100451,2022년 9월 2일 16시,금요일,경상남도 거제시 장평동,경상사고,0,0,1,0,차대차 - 측면충돌,안전운전불이행,건조,맑음,단일로 - 기타,화물,남,55세,상해없음,승용,여,37세,경상
2022090200100452,2022년 9월 2일 16시,금요일,경상남도 함안군 가야읍,경상사고,0,0,2,0,차대차 - 기타,교차로운행방법위반,젖음/습기,비,단일로 - 기타,승용,여,50세,경상,화물,남,60세,경상
2022090200100505,2022년 9월 2일 17시,금요일,경상남도 양산시 남부동,경상사고,0,0,1,0,차대차 - 측면충돌,안전거리미확보,젖음/습기,비,단일로 - 기타,승용,여,57세,상해없음,원동기,남,41세,경상
2022090200100506,2022년 9월 2일 17시,금요일,경상남도 거제시 연초면,중상사고,0,1,0,0,차대차 - 측면충돌,신호위반,젖음/습기,비,교차로 - 교차로안,승용,여,68세,상해없음,화물,여,54세,상해없음
2022090200100564,2022년 9월 2일 18시,금요일,경상남도 양산시 북정동,경상사고,0,0,1,0,차대차 - 추돌,안전운전불이행,젖음/습기,비,단일로 - 기타,승용,남,42세,상해없음,승용,남,41세,경상
2022090200100612,2022년 9월 2일 19시,금요일,경상남도 김해시 장유동,중상사고,0,1,0,0,차대사람 - 횡단중,보행자보호의무위반,젖음/습기,비,교차로 - 교차로횡단보도내,이륜,남,24세,상해없음,보행자,남,34세,중상
2022090200100649,2022년 9월 2일 20시,금요일,경상남도 양산시 삼호동,부상신고사고,0,0,0,1,차대차 - 측면충돌,안전운전불이행,젖음/습기,비,교차로 - 교차로안,승용,기타불명,미분류,기타불명,이륜,남,28세,부상신고
2022090200100678,2022년 9월 2일 21시,금요일,경상남도 사천시 사천읍,경상사고,0,0,1,0,차대사람 - 기타,안전운전불이행,젖음/습기,흐림,단일로 - 기타,승용,여,43세,상해없음,보행자,남,49세,경상
2022090200100702,2022년 9월 2일 22시,금요일,경상남도 거제시 장평동,경상사고,0,0,2,0,차대차 - 측면충돌,안전운전불이행,건조,맑음,단일로 - 기타,승용,여,48세,상해없음,승합,여,55세,경상
2022090200100703,2022년 9월 2일 22시,금요일,경상남도 창원시 성산구 대방동,경상사고,0,0,1,0,차대차 - 추돌,안전운전불이행,젖음/습기,비,교차로 - 교차로부근,승용,남,52세,상해없음,승용,여,31세,경상
2022090200100704,2022년 9월 2일 22시,금요일,경상남도 창원시 의창구 명서동,경상사고,0,0,1,0,차대차 - 측면충돌,교차로운행방법위반,건조,맑음,교차로 - 교차로횡단보도내,승용,남,26세,상해없음,자전거,남,24세,경상
2022090300100040,2022년 9월 3일 02시,토요일,경상남도 창원시 진해구 용원동,경상사고,0,0,1,0,차대차 - 측면충돌,안전운전불이행,건조,맑음,단일로 - 기타,승용,남,27세,상해없음,승용,남,37세,기타불명
2022090300100041,2022년 9월 3일 02시,토요일,경상남도 김해시 외동,부상신고사고,0,0,0,1,차대사람 - 기타,안전운전불이행,젖음/습기,비,단일로 - 기타,승용,남,63세,상해없음,보행자,남,52세,부상신고
2022090300100042,2022년 9월 3일 02시,토요일,경상남도 김해시 대청동,경상사고,0,0,1,0,차대차 - 측면충돌,안전운전불이행,건조,맑음,교차로 - 교차로안,승용,남,21세,상해없음,승용,여,51세,경상
2022090300100049,2022년 9월 3일 03시,토요일,경상남도 사천시 노룡동,중상사고,0,2,3,0,차량단독 - 공작물충돌,안전운전불이행,건조,맑음,단일로 - 기타,승용,남,20세,경상,,,,
2022090300100059,2022년 9월 3일 04시,토요일,경상남도 창원시 진해구 용원동,부상신고사고,0,0,0,1,차량단독 - 기타,기타,건조,맑음,교차로 - 교차로부근,개인형이동수단(PM),여,16세,부상신고,,,,
2022090300100119,2022년 9월 3일 08시,토요일,경상남도 양산시 다방동,경상사고,0,0,1,0,차대차 - 추돌,안전운전불이행,건조,맑음,단일로 - 기타,승용,남,46세,상해없음,승용,남,25세,경상
2022090300100120,2022년 9월 3일 08시,토요일,경상남도 거제시 아주동,경상사고,0,0,1,0,차대차 - 측면충돌,안전운전불이행,건조,맑음,교차로 - 교차로부근,승용,남,74세,상해없음,승용,남,27세,경상
2022090300100148,2022년 9월 3일 09시,토요일,경상남도 양산시 남부동,경상사고,0,0,1,0,차대차 - 기타,안전운전불이행,건조,맑음,단일로 - 기타,화물,남,59세,경상,화물,기타불명,미분류,기타불명
2022090300100149,2022년 9월 3일 09시,토요일,경상남도 창원시 의창구 봉곡동,중상사고,0,1,0,0,차대차 - 추돌,안전운전불이행,건조,흐림,단일로 - 기타,승용,남,52세,상해없음,승용,여,41세,중상
2022090300100227,2022년 9월 3일 11시,토요일,경상남도 밀양시 내일동,경상사고,0,0,1,0,차대차 - 측면충돌,안전운전불이행,건조,맑음,교차로 - 교차로안,승용,여,24세,상해없음,이륜,남,19세,경상
2022090300100228,2022년 9월 3일 11시,토요일,경상남도 김해시 내동,경상사고,0,0,1,0,차대차 - 측면충돌,중앙선침범,건조,맑음,교차로 - 교차로안,승용,여,59세,상해없음,승용,여,58세,경상
2022090300100229,2022년 9월 3일 11시,토요일,경상남도 의령군 유곡면,중상사고,0,1,0,0,차량단독 - 전도전복 - 전도,안전운전불이행,건조,맑음,교차로 - 교차로안,이륜,남,81세,중상,,,,
2022090300100268,2022년 9월 3일 12시,토요일,경상남도 김해시 외동,경상사고,0,0,2,0,차대차 - 추돌,안전운전불이행,건조,흐림,단일로 - 기타,승용,남,81세,상해없음,승용,남,61세,경상
2022090300100269,2022년 9월 3일 12시,토요일,경상남도 양산시 물금읍,경상사고,0,0,1,0,차대차 - 추돌,안전거리미확보,건조,맑음,단일로 - 기타,승용,남,34세,경상,승용,남,31세,상해없음
2022090300100270,2022년 9월 3일 12시,토요일,경상남도 창원시 마산회원구 내서읍,사망사고,1,0,0,0,차대차 - 정면충돌,안전운전불이행,젖음/습기,흐림,교차로 - 교차로안,승용,여,63세,상해없음,자전거,남,81세,사망
2022090300100310,2022년 9월 3일 13시,토요일,경상남도 창원시 마산합포구 진동면,경상사고,0,0,1,0,차대사람 - 기타,신호위반,건조,맑음,교차로 - 교차로횡단보도내,이륜,여,67세,상해없음,보행자,남,4세,경상
2022090300100311,2022년 9월 3일 13시,토요일,경상남도 밀양시 삼문동,중상사고,0,1,0,0,차대차 - 측면충돌,안전운전불이행,건조,맑음,단일로 - 기타,승용,남,73세,상해없음,이륜,남,39세,중상
2022090300100312,2022년 9월 3일 13시,토요일,경상남도 김해시 대성동,경상사고,0,0,1,0,차대사람 - 횡단중,신호위반,건조,흐림,교차로 - 교차로횡단보도내,승용,여,55세,상해없음,보행자,여,62세,경상
2022090300100352,2022년 9월 3일 14시,토요일,경상남도 진주시 장재동,경상사고,0,0,2,0,차대차 - 추돌,안전운전불이행,건조,맑음,교차로 - 교차로부근,승용,남,59세,상해없음,화물,남,58세,경상
2022090300100460,2022년 9월 3일 17시,토요일,경상남도 창원시 진해구 경화동,중상사고,0,1,0,0,차대차 - 측면충돌,직진우회전진행방해,건조,맑음,교차로 - 교차로안,승용,여,40세,상해없음,이륜,여,69세,중상
2022090300100461,2022년 9월 3일 17시,토요일,경상남도 함양군 함양읍,부상신고사고,0,0,0,1,차대차 - 추돌,안전운전불이행,건조,맑음,교차로 - 교차로부근,승용,남,51세,상해없음,화물,남,56세,부상신고
2022090300100462,2022년 9월 3일 17시,토요일,경상남도 김해시 관동동,경상사고,0,0,1,0,차대사람 - 횡단중,중앙선침범,건조,맑음,단일로 - 기타,승용,남,55세,상해없음,보행자,여,24세,경상
2022090300100498,2022년 9월 3일 18시,토요일,경상남도 거제시 고현동,경상사고,0,0,2,0,차대차 - 정면충돌,신호위반,젖음/습기,비,교차로 - 교차로안,승용,남,58세,상해없음,승용,여,40세,경상
2022090300100499,2022년 9월 3일 18시,토요일,경상남도 김해시 진영읍,경상사고,0,0,2,0,차대차 - 측면충돌,안전운전불이행,젖음/습기,흐림,교차로 - 교차로부근,승용,남,57세,경상,승용,남,68세,경상
2022090300100529,2022년 9월 3일 19시,토요일,경상남도 창원시 성산구 반지동,중상사고,0,1,0,0,차대사람 - 횡단중,안전운전불이행,건조,맑음,교차로 - 교차로부근,승용,남,50세,상해없음,보행자,여,43세,중상
2022090300100556,2022년 9월 3일 20시,토요일,경상남도 진주시 초전동,경상사고,0,0,2,0,차대차 - 기타,안전운전불이행,젖음/습기,비,교차로 - 교차로안,승용,남,54세,상해없음,승용,남,42세,경상
2022090300100604,2022년 9월 3일 22시,토요일,경상남도 김해시 진례면,경상사고,0,0,1,0,차대차 - 추돌,안전운전불이행,젖음/습기,비,교차로 - 교차로부근,원동기,남,38세,경상,승용,남,69세,상해없음
2022090400100015,2022년 9월 4일 01시,일요일,경상남도 진주시 가좌동,중상사고,0,1,0,1,차대차 - 기타,안전운전불이행,젖음/습기,비,단일로 - 기타,화물,남,24세,부상신고,승용,남,31세,상해없음
2022090400100028,2022년 9월 4일 02시,일요일,경상남도 양산시 삼호동,부상신고사고,0,0,0,2,차대차 - 추돌,안전운전불이행,건조,맑음,단일로 - 기타,승용,남,31세,상해없음,승용,남,36세,상해없음
2022090400100062,2022년 9월 4일 06시,일요일,경상남도 창원시 마산합포구 해운동,중상사고,0,1,0,0,차대사람 - 기타,안전운전불이행,건조,맑음,단일로 - 기타,기타불명,기타불명,미분류,기타불명,보행자,여,65세,중상
2022090400100066,2022년 9월 4일 07시,일요일,경상남도 산청군 신안면,중상사고,0,1,0,0,차대사람 - 차도통행중,안전운전불이행,젖음/습기,흐림,단일로 - 기타,화물,남,54세,상해없음,보행자,여,81세,중상
2022090400100171,2022년 9월 4일 12시,일요일,경상남도 김해시 진례면,경상사고,0,0,2,0,차대차 - 측면충돌,기타,건조,맑음,단일로 - 기타,원동기,남,61세,상해없음,승용,남,24세,경상
2022090400100200,2022년 9월 4일 13시,일요일,경상남도 사천시 용강동,중상사고,0,1,0,0,차대차 - 측면충돌,안전운전불이행,건조,맑음,교차로 - 교차로부근,승용,여,40세,상해없음,승용,여,57세,중상
2022090400100231,2022년 9월 4일 14시,일요일,경상남도 창녕군 대지면,중상사고,0,1,0,0,차대차 - 정면충돌,안전운전불이행,건조,맑음,교차로 - 교차로안,승합,남,69세,상해없음,승용,남,21세,중상
2022090400100266,2022년 9월 4일 15시,일요일,경상남도 김해시 진영읍,경상사고,0,0,2,0,차대차 - 측면충돌,안전운전불이행,건조,맑음,교차로 - 교차로안,승용,남,57세,상해없음,승용,여,31세,경상
2022090400100304,2022년 9월 4일 16시,일요일,경상남도 창원시 마산합포구 교방동,중상사고,0,1,0,0,차대사람 - 횡단중,신호위반,건조,맑음,교차로 - 교차로안,화물,남,49세,상해없음,보행자,여,69세,중상
2022090400100332,2022년 9월 4일 17시,일요일,경상남도 창원시 마산합포구 완월동,부상신고사고,0,0,0,1,차대차 - 측면충돌,안전운전불이행,건조,맑음,교차로 - 교차로안,승용,여,69세,상해없음,화물,남,57세,부상신고
2022090400100333,2022년 9월 4일 17시,일요일,경상남도 창원시 의창구 팔용동,경상사고,0,0,1,0,차대차 - 추돌,안전운전불이행,건조,맑음,교차로 - 교차로부근,승용,남,59세,상해없음,승합,남,54세,상해없음
2022090400100334,2022년 9월 4일 17시,일요일,경상남도 창원시 성산구 불모산동,경상사고,0,0,2,0,차대차 - 추돌,안전운전불이행,건조,흐림,기타 - 기타,승용,여,57세,상해없음,승용,여,54세,경상
2022090400100417,2022년 9월 4일 20시,일요일,경상남도 통영시 무전동,중상사고,0,1,0,0,차대차 - 측면충돌,안전운전불이행,건조,맑음,단일로 - 기타,승용,남,67세,상해없음,승용,남,58세,중상
2022090400100419,2022년 9월 4일 20시,일요일,경상남도 김해시 율하동,경상사고,0,0,1,0,차대사람 - 횡단중,보행자보호의무위반,건조,맑음,교차로 - 교차로안,이륜,남,17세,상해없음,보행자,여,11세,경상
2022090400100453,2022년 9월 4일 21시,일요일,경상남도 거제시 고현동,경상사고,0,0,1,0,차대사람 - 횡단중,안전운전불이행,건조,맑음,교차로 - 교차로안,이륜,남,34세,상해없음,보행자,남,67세,경상
2022090400100470,2022년 9월 4일 22시,일요일,경상남도 창원시 진해구 자은동,경상사고,0,0,1,0,차대차 - 측면충돌,안전운전불이행,건조,맑음,교차로 - 교차로부근,승용,남,60세,상해없음,승용,여,62세,경상
2022090400100486,2022년 9월 4일 23시,일요일,경상남도 김해시 삼정동,경상사고,0,0,1,0,차대차 - 측면충돌,신호위반,건조,흐림,교차로 - 교차로안,승용,남,20세,상해없음,승용,남,32세,경상
2022090400100487,2022년 9월 4일 23시,일요일,경상남도 창원시 성산구 신촌동,중상사고,0,1,0,0,차대사람 - 기타,교차로운행방법위반,건조,맑음,단일로 - 기타,승용,남,36세,상해없음,보행자,남,49세,중상
2022090500100053,2022년 9월 5일 06시,월요일,경상남도 거제시 장평동,부상신고사고,0,0,0,1,차대차 - 기타,기타,건조,맑음,단일로 - 기타,자전거,남,51세,부상신고,승용,남,49세,상해없음
2022090500100073,2022년 9월 5일 07시,월요일,경상남도 김해시 내덕동,경상사고,0,0,2,0,차대차 - 추돌,안전운전불이행,건조,맑음,교차로 - 교차로부근,승용,남,28세,상해없음,승용,남,37세,경상
2022090500100111,2022년 9월 5일 08시,월요일,경상남도 김해시 외동,경상사고,0,0,1,0,차대차 - 정면충돌,안전운전불이행,건조,맑음,교차로 - 교차로안,승용,여,63세,상해없음,승용,남,56세,경상
2022090500100155,2022년 9월 5일 09시,월요일,경상남도 진주시 이현동,중상사고,0,1,0,0,차대사람 - 횡단중,보행자보호의무위반,건조,맑음,교차로 - 교차로횡단보도내,승용,여,56세,상해없음,보행자,여,70세,중상
2022090500100156,2022년 9월 5일 09시,월요일,경상남도 양산시 덕계동,부상신고사고,0,0,0,1,차대사람 - 기타,안전운전불이행,건조,맑음,단일로 - 기타,승용,여,59세,상해없음,보행자,남,24세,부상신고
2022090500100157,2022년 9월 5일 09시,월요일,경상남도 거제시 거제면,경상사고,0,0,2,0,차대차 - 후진중충돌,중앙선침범,건조,맑음,단일로 - 기타,화물,남,69세,상해없음,승용,남,28세,경상
2022090500100183,2022년 9월 5일 10시,월요일,경상남도 통영시 무전동,경상사고,0,0,2,0,차대차 - 측면충돌,직진우회전진행방해,건조,맑음,교차로 - 교차로안,승용,여,39세,기타불명,승용,남,36세,경상
2022090500100184,2022년 9월 5일 10시,월요일,경상남도 사천시 봉남동,경상사고,0,0,1,0,차대차 - 추돌,안전운전불이행,젖음/습기,흐림,교차로 - 교차로부근,승용,남,75세,상해없음,화물,남,47세,경상
2022090500100211,2022년 9월 5일 11시,월요일,경상남도 김해시 부원동,경상사고,0,0,1,0,차대차 - 측면충돌,교차로운행방법위반,건조,맑음,교차로 - 교차로안,승용,남,63세,기타불명,이륜,남,23세,경상
2022090500100240,2022년 9월 5일 12시,월요일,경상남도 창원시 마산합포구 신창동,경상사고,0,0,1,0,차대차 - 추돌,안전운전불이행,건조,맑음,단일로 - 기타,승용,여,28세,상해없음,승용,여,47세,경상
2022090500100241,2022년 9월 5일 12시,월요일,경상남도 거제시 고현동,경상사고,0,0,2,0,차대차 - 추돌,안전거리미확보,젖음/습기,비,교차로 - 교차로부근,화물,남,49세,상해없음,승용,남,70세,경상
2022090500100267,2022년 9월 5일 13시,월요일,경상남도 거창군 거창읍,중상사고,0,1,0,0,차대사람 - 차도통행중,안전운전불이행,젖음/습기,비,교차로 - 교차로안,화물,남,50세,상해없음,보행자,여,79세,중상
2022090500100268,2022년 9월 5일 13시,월요일,경상남도 창원시 마산회원구 내서읍,중상사고,0,1,0,0,차대차 - 측면충돌,신호위반,젖음/습기,비,교차로 - 교차로부근,승용,여,40세,상해없음,승용,여,53세,중상
2022090500100269,2022년 9월 5일 13시,월요일,경상남도 김해시 대청동,중상사고,0,1,0,0,차대차 - 측면충돌,차로위반,젖음/습기,비,단일로 - 기타,화물,남,50세,상해없음,승용,여,65세,중상
2022090500100298,2022년 9월 5일 14시,월요일,경상남도 창원시 진해구 석동,경상사고,0,0,1,0,차대차 - 후진중충돌,안전운전불이행,건조,맑음,단일로 - 기타,승용,여,66세,상해없음,승용,남,46세,경상
2022090500100299,2022년 9월 5일 14시,월요일,경상남도 김해시 한림면,경상사고,0,0,1,0,차대차 - 정면충돌,중앙선침범,건조,맑음,단일로 - 기타,승용,남,39세,상해없음,승용,남,58세,경상
2022090500100356,2022년 9월 5일 16시,월요일,경상남도 창녕군 대합면,중상사고,0,1,0,0,차대차 - 기타,안전운전불이행,젖음/습기,비,단일로 - 기타,화물,남,58세,중상,승용,남,59세,상해없음
2022090500100357,2022년 9월 5일 16시,월요일,경상남도 양산시 남부동,경상사고,0,0,1,0,차대차 - 기타,안전운전불이행,젖음/습기,맑음,기타 - 기타,승용,남,55세,상해없음,원동기,남,17세,경상
2022090500100358,2022년 9월 5일 16시,월요일,경상남도 창원시 성산구 상남동,중상사고,0,1,0,0,차대차 - 기타,안전운전불이행,젖음/습기,비,교차로 - 교차로안,승용,여,48세,상해없음,자전거,여,66세,중상
2022090500100396,2022년 9월 5일 17시,월요일,경상남도 산청군 신등면,경상사고,0,0,8,0,차대차 - 기타,교차로운행방법위반,젖음/습기,비,교차로 - 교차로안,승용,여,73세,경상,승용,남,65세,경상
2022090500100397,2022년 9월 5일 17시,월요일,경상남도 창원시 의창구 서상동,부상신고사고,0,0,0,1,차대차 - 측면충돌,안전운전불이행,젖음/습기,비,교차로 - 교차로안,승용,남,64세,상해없음,원동기,남,19세,부상신고
2022090500100447,2022년 9월 5일 18시,월요일,경상남도 창원시 진해구 용원동,경상사고,0,0,1,0,차대차 - 측면충돌,직진우회전진행방해,건조,맑음,교차로 - 교차로안,승용,여,58세,기타불명,화물,남,42세,경상
2022090500100448,2022년 9월 5일 18시,월요일,경상남도 창원시 성산구 상남동,부상신고사고,0,0,0,1,차대사람 - 횡단중,안전운전불이행,젖음/습기,비,교차로 - 교차로횡단보도내,승용,남,52세,상해없음,보행자,남,23세,부상신고
2022090500100449,2022년 9월 5일 18시,월요일,경상남도 김해시 한림면,경상사고,0,0,1,0,차대차 - 정면충돌,안전운전불이행,건조,맑음,교차로 - 교차로안,승용,남,43세,상해없음,승합,남,31세,경상
2022090500100516,2022년 9월 5일 19시,월요일,경상남도 진주시 문산읍,경상사고,0,0,1,0,차대차 - 기타,안전운전불이행,젖음/습기,비,단일로 - 기타,승용,남,43세,상해없음,승용,남,40세,경상
2022090500100517,2022년 9월 5일 19시,월요일,경상남도 김해시 대청동,부상신고사고,0,0,0,1,차대사람 - 차도통행중,안전운전불이행,젖음/습기,비,교차로 - 교차로안,승용,남,30세,상해없음,보행자,여,29세,부상신고
2022090500100560,2022년 9월 5일 20시,월요일,경상남도 통영시 무전동,중상사고,0,1,2,0,차대차 - 추돌,안전운전불이행,젖음/습기,비,교차로 - 교차로부근,승용,남,57세,상해없음,승용,남,39세,중상
2022090500100603,2022년 9월 5일 21시,월요일,경상남도 양산시 남부동,부상신고사고,0,0,0,1,차대차 - 측면충돌,안전운전불이행,젖음/습기,비,교차로 - 교차로안,승용,여,19세,상해없음,이륜,남,38세,부상신고
2022090500100654,2022년 9월 5일 23시,월요일,경상남도 창원시 마산합포구 상남동,중상사고,0,1,0,0,차대차 - 측면충돌,불법유턴,젖음/습기,비,교차로 - 교차로안,자전거,남,68세,중상,승용,남,61세,상해없음