사고번호,사고일시,요일,시군구,사고내용,사망자수,중상자수,경상자수,부상신고자수,사고유형,법규위반,노면상태,기상상태,도로형태,가해운전자 차종,가해운전자 성별,가해운전자 연령,가해운전자 상해정도,피해운전자 차종,피해운전자 성별,피해운전자 연령,피해운전자 상해정도
2022090900100145,2022년 9월 9일 10시,금요일,경상남도 창원시 진해구 석동,중상사고,0,1,0,0,차대차 - 측면충돌,직진우회전진행방해,건조,맑음,교차로 - 교차로안,승용,남,28세,상해없음,이륜,남,28세,중상
2022090900100146,2022년 9월 9일 10시,금요일,경상남도 함양군 함양읍,중상사고,0,1,0,0,차대사람 - 기타,안전운전불이행,건조,맑음,교차로 - 교차로안,승합,남,62세,상해없음,보행자,여,85세,중상
2022090900100147,2022년 9월 9일 10시,금요일,경상남도 양산시 동면,사망사고,1,0,0,0,차대차 - 측면충돌,안전운전불이행,건조,맑음,단일로 - 기타,승용,여,54세,상해없음,이륜,남,28세,사망
2022090900100148,2022년 9월 9일 10시,금요일,경상남도 김해시 신문동,중상사고,0,1,1,0,차대차 - 측면충돌,안전운전불이행,건조,맑음,단일로 - 기타,승합,남,67세,상해없음,승용,남,36세,중상
2022090900100181,2022년 9월 9일 11시,금요일,경상남도 사천시 사천읍,경상사고,0,0,1,0,차대차 - 추돌,안전운전불이행,건조,맑음,단일로 - 기타,승용,여,64세,상해없음,승용,남,77세,경상
2022090900100182,2022년 9월 9일 11시,금요일,경상남도 양산시 물금읍,중상사고,0,1,0,0,차대차 - 측면충돌,안전운전불이행,건조,맑음,교차로 - 교차로안,승용,여,28세,상해없음,자전거,남,79세,중상
2022090900100183,2022년 9월 9일 11시,금요일,경상남도 김해시 흥동,중상사고,0,2,1,0,차대차 - 정면충돌,안전운전불이행,건조,맑음,단일로 - 기타,승용,남,33세,상해없음,승용,여,41세,중상
2022090900100217,2022년 9월 9일 12시,금요일,경상남도 김해시 내동,경상사고,0,0,1,0,차대차 - 측면충돌,안전운전불이행,건조,맑음,단일로 - 기타,승용,남,57세,상해없음,이륜,남,35세,경상
2022090900100218,2022년 9월 9일 12시,금요일,경상남도 하동군 청암면,경상사고,0,0,1,0,차대사람 - 길가장자리구역통행중,안전운전불이행,건조,맑음,단일로 - 기타,승용,남,72세,상해없음,보행자,남,70세,경상
2022090900100249,2022년 9월 9일 13시,금요일,경상남도 창원시 마산합포구 진동면,경상사고,0,0,2,0,차대차 - 측면충돌,신호위반,건조,맑음,교차로 - 교차로부근,승용,남,63세,상해없음,승용,여,49세,경상
2022090900100250,2022년 9월 9일 13시,금요일,경상남도 김해시 내동,중상사고,0,1,0,0,차대차 - 측면충돌,안전운전불이행,건조,맑음,교차로 - 교차로안,승용,여,49세,상해없음,자전거,남,46세,중상
2022090900100251,2022년 9월 9일 13시,금요일,경상남도 함양군 함양읍,부상신고사고,0,0,0,1,차대사람 - 차도통행중,안전운전불이행,건조,맑음,단일로 - 기타,원동기,여,73세,상해없음,보행자,남,51세,부상신고
2022090900100252,2022년 9월 9일 13시,금요일,경상남도 양산시 삼호동,경상사고,0,0,1,0,차대사람 - 기타,신호위반,건조,맑음,교차로 - 교차로횡단보도내,승용,남,53세,상해없음,보행자,여,15세,경상
2022090900100253,2022년 9월 9일 13시,금요일,경상남도 양산시 동면,경상사고,0,0,1,0,차대차 - 기타,안전운전불이행,건조,맑음,단일로 - 기타,승용,남,64세,상해없음,승용,남,45세,경상
2022090900100254,2022년 9월 9일 13시,금요일,경상남도 거제시 옥포동,부상신고사고,0,0,0,1,차대사람 - 기타,안전운전불이행,건조,맑음,단일로 - 기타,승용,남,48세,기타불명,보행자,남,31세,부상신고
2022090900100293,2022년 9월 9일 14시,금요일,경상남도 함양군 병곡면,중상사고,0,2,0,0,차량단독 - 공작물충돌,안전운전불이행,건조,맑음,단일로 - 기타,승용,남,61세,중상,,,,
2022090900100294,2022년 9월 9일 14시,금요일,경상남도 고성군 고성읍,중상사고,0,2,0,0,차대사람 - 기타,안전운전불이행,건조,맑음,기타 - 기타,승용,남,65세,중상,보행자,남,46세,중상
2022090900100335,2022년 9월 9일 15시,금요일,경상남도 사천시 대방동,부상신고사고,0,0,0,1,차량단독 - 기타,안전운전불이행,건조,맑음,단일로 - 기타,승용,여,57세,부상신고,,,,
2022090900100336,2022년 9월 9일 15시,금요일,경상남도 밀양시 내이동,경상사고,0,0,1,0,차대차 - 정면충돌,교차로운행방법위반,건조,맑음,교차로 - 교차로안,승용,여,53세,상해없음,이륜,남,62세,경상
2022090900100350,2022년 9월 9일 16시,금요일,경상남도 사천시 벌리동,중상사고,0,1,0,0,차대차 - 기타,안전거리미확보,건조,맑음,단일로 - 기타,승용,남,43세,상해없음,이륜,남,30세,중상
2022090900100351,2022년 9월 9일 16시,금요일,경상남도 밀양시 삼문동,사망사고,1,0,0,0,차량단독 - 도로외이탈 - 추락,안전운전불이행,건조,맑음,단일로 - 기타,화물,남,56세,사망,,,,
2022090900100352,2022년 9월 9일 16시,금요일,경상남도 창원시 성산구 귀산동,중상사고,0,1,1,0,차대차 - 추돌,안전운전불이행,건조,맑음,기타 - 기타,승용,남,25세,기타불명,승용,남,40세,중상
2022090900100378,2022년 9월 9일 17시,금요일,경상남도 김해시 생림면,중상사고,0,1,7,0,차대차 - 추돌,안전운전불이행,건조,맑음,단일로 - 기타,화물,남,64세,상해없음,승합,남,40세,경상
2022090900100410,2022년 9월 9일 18시,금요일,경상남도 밀양시 상남면,중상사고,0,1,0,0,차대차 - 측면충돌,안전운전불이행,건조,맑음,단일로 - 기타,승용,남,47세,상해없음,자전거,남,60세,중상
2022090900100411,2022년 9월 9일 18시,금요일,경상남도 양산시 삼호동,중상사고,0,1,0,0,차대사람 - 차도통행중,안전운전불이행,건조,맑음,교차로 - 교차로안,이륜,남,35세,상해없음,보행자,남,74세,중상
2022090900100437,2022년 9월 9일 19시,금요일,경상남도 창원시 의창구 동읍,경상사고,0,0,1,0,차대사람 - 기타,안전운전불이행,건조,맑음,기타 - 기타,승용,남,66세,상해없음,보행자,여,69세,경상
2022090900100454,2022년 9월 9일 20시,금요일,경상남도 김해시 풍유동,경상사고,0,0,2,0,차대차 - 측면충돌,안전거리미확보,건조,맑음,기타 - 기타,승용,여,59세,상해없음,승용,남,31세,경상
2022090900100465,2022년 9월 9일 20시,금요일,경상남도 창녕군 성산면,중상사고,0,1,0,0,차대차 - 측면충돌,안전운전불이행,건조,맑음,교차로 - 교차로안,승용,남,62세,상해없음,원동기,남,58세,중상
2022090900100483,2022년 9월 9일 21시,금요일,경상남도 양산시 물금읍,경상사고,0,0,1,0,차대차 - 측면충돌,신호위반,건조,맑음,교차로 - 교차로안,승용,남,36세,상해없음,개인형이동수단(PM),여,26세,경상
2022090900100500,2022년 9월 9일 22시,금요일,경상남도 통영시 미수동,경상사고,0,0,1,0,차대차 - 측면충돌,안전운전불이행,건조,맑음,단일로 - 기타,승용,남,40세,상해없음,화물,남,70세,경상
2022090900100516,2022년 9월 9일 23시,금요일,경상남도 창원시 의창구 도계동,경상사고,0,0,1,0,차대사람 - 기타,안전운전불이행,건조,맑음,단일로 - 기타,이륜,남,57세,상해없음,보행자,여,24세,경상
2022090900100517,2022년 9월 9일 23시,금요일,경상남도 김해시 부곡동,경상사고,0,0,1,0,차대차 - 추돌,안전운전불이행,건조,맑음,단일로 - 기타,승용,남,42세,상해없음,승용,남,31세,경상
2022091000100026,2022년 9월 10일 02시,토요일,경상남도 거제시 장평동,중상사고,0,1,0,0,차대차 - 기타,안전운전불이행,건조,맑음,단일로 - 기타,이륜,남,27세,중상,이륜,남,26세,기타불명
2022091000100027,2022년 9월 10일 02시,토요일,경상남도 창원시 의창구 소답동,경상사고,0,0,1,0,차대사람 - 횡단중,안전운전불이행,건조,맑음,교차로 - 교차로안,승용,남,62세,상해없음,보행자,남,33세,경상
2022091000100043,2022년 9월 10일 05시,토요일,경상남도 김해시 동상동,중상사고,0,1,0,0,차대차 - 측면충돌,안전운전불이행,건조,맑음,교차로 - 교차로안,승용,남,62세,상해없음,이륜,남,19세,중상
2022091000100068,2022년 9월 10일 08시,토요일,경상남도 고성군 마암면,중상사고,0,2,0,0,차량단독 - 공작물충돌,안전운전불이행,건조,맑음,단일로 - 기타,승용,여,36세,중상,,,,
2022091000100069,2022년 9월 10일 08시,토요일,경상남도 남해군 창선면,경상사고,0,0,1,2,차대차 - 측면충돌,중앙선침범,건조,맑음,단일로 - 기타,화물,여,55세,부상신고,승용,남,50세,경상
2022091000100107,2022년 9월 10일 10시,토요일,경상남도 창원시 마산합포구 추산동,중상사고,0,1,0,0,차대사람 - 기타,안전운전불이행,건조,맑음,단일로 - 기타,승용,남,49세,상해없음,보행자,여,61세,중상
2022091000100108,2022년 9월 10일 10시,토요일,경상남도 통영시 욕지면,경상사고,0,0,4,0,차대차 - 측면충돌,중앙선침범,건조,맑음,단일로 - 기타,승용,남,32세,상해없음,승용,남,52세,경상
2022091000100153,2022년 9월 10일 12시,토요일,경상남도 창원시 진해구 경화동,경상사고,0,0,1,0,차대차 - 측면충돌,안전운전불이행,건조,맑음,단일로 - 기타,이륜,남,28세,상해없음,승용,남,50세,기타불명
2022091000100154,2022년 9월 10일 12시,토요일,경상남도 사천시 벌리동,경상사고,0,0,2,0,차대차 - 측면충돌,직진우회전진행방해,건조,맑음,교차로 - 교차로부근,승용,여,37세,상해없음,승용,남,65세,경상
2022091000100155,2022년 9월 10일 12시,토요일,경상남도 밀양시 삼랑진읍,경상사고,0,0,1,0,차대사람 - 기타,안전운전불이행,건조,맑음,단일로 - 기타,승용,남,69세,상해없음,보행자,남,17세,경상
2022091000100170,2022년 9월 10일 13시,토요일,경상남도 김해시 대동면,중상사고,0,1,6,4,차대차 - 추돌,안전거리미확보,건조,맑음,단일로 - 기타,승용,남,46세,부상신고,승용,남,58세,경상
2022091000100171,2022년 9월 10일 13시,토요일,경상남도 김해시 대동면,경상사고,0,0,2,0,차대차 - 기타,신호위반,건조,맑음,단일로 - 기타,승용,남,85세,상해없음,승용,남,59세,경상
2022091000100185,2022년 9월 10일 13시,토요일,경상남도 통영시 용남면,경상사고,0,0,3,0,차대차 - 추돌,기타,건조,맑음,단일로 - 기타,승용,여,57세,상해없음,승용,남,50세,경상
2022091000100213,2022년 9월 10일 14시,토요일,경상남도 김해시 삼정동,중상사고,0,1,0,0,차대차 - 추돌,안전거리미확보,건조,맑음,단일로 - 기타,승용,남,31세,상해없음,승용,여,64세,중상
2022091000100214,2022년 9월 10일 14시,토요일,경상남도 함안군 대산면,경상사고,0,0,3,0,차대차 - 추돌,교차로운행방법위반,건조,맑음,교차로 - 교차로부근,승용,여,35세,상해없음,승용,남,38세,경상
2022091000100259,2022년 9월 10일 16시,토요일,경상남도 통영시 북신동,경상사고,0,0,1,0,차대사람 - 차도통행중,안전운전불이행,건조,맑음,단일로 - 기타,승용,남,54세,상해없음,보행자,남,10세,경상
2022091000100260,2022년 9월 10일 16시,토요일,경상남도 사천시 축동면,경상사고,0,0,2,0,차대차 - 추돌,안전운전불이행,기타,맑음,단일로 - 기타,승용,남,40세,상해없음,승용,남,48세,상해없음
2022091000100308,2022년 9월 10일 19시,토요일,경상남도 사천시 정동면,경상사고,0,0,1,0,차대차 - 측면충돌,안전운전불이행,건조,맑음,교차로 - 교차로부근,승용,남,50세,상해없음,자전거,남,11세,경상
2022091000100309,2022년 9월 10일 19시,토요일,경상남도 거창군 거창읍,경상사고,0,0,1,0,차대차 - 측면충돌,안전거리미확보,건조,맑음,교차로 - 교차로안,승용,여,33세,상해없음,승용,남,26세,경상
2022091000100326,2022년 9월 10일 20시,토요일,경상남도 진주시 칠암동,경상사고,0,0,1,0,차대차 - 측면충돌,신호위반,건조,맑음,교차로 - 교차로안,승용,남,41세,기타불명,승용,남,55세,경상
2022091000100327,2022년 9월 10일 20시,토요일,경상남도 양산시 물금읍,중상사고,0,1,0,0,차대차 - 측면충돌,안전운전불이행,건조,기타,기타 - 기타,승용,남,56세,상해없음,승용,여,37세,중상
2022091000100351,2022년 9월 10일 21시,토요일,경상남도 김해시 서상동,중상사고,0,1,0,0,차대사람 - 횡단중,중앙선침범,건조,맑음,단일로 - 기타,승용,남,62세,상해없음,보행자,여,46세,중상
2022091000100352,2022년 9월 10일 21시,토요일,경상남도 창원시 성산구 중앙동,중상사고,0,1,0,0,차대사람 - 기타,안전운전불이행,건조,맑음,단일로 - 기타,승용,남,58세,상해없음,보행자,여,40세,중상
2022091000100379,2022년 9월 10일 23시,토요일,경상남도 김해시 삼정동,사망사고,1,0,0,0,차대사람 - 횡단중,안전거리미확보,건조,맑음,단일로 - 기타,승용,남,52세,상해없음,보행자,여,83세,사망
2022091100100009,2022년 9월 11일 00시,일요일,경상남도 창원시 성산구 가음정동,경상사고,0,0,1,0,차대차 - 정면충돌,신호위반,건조,맑음,교차로 - 교차로안,승용,남,58세,상해없음,승용,남,28세,경상
2022091100100015,2022년 9월 11일 01시,일요일,경상남도 창원시 진해구 두동,중상사고,0,1,0,0,차대차 - 추돌,안전운전불이행,건조,맑음,단일로 - 기타,승용,남,37세,상해없음,자전거,남,47세,중상
2022091100100016,2022년 9월 11일 01시,일요일,경상남도 통영시 미수동,중상사고,0,1,0,0,차대사람 - 기타,안전운전불이행,건조,맑음,주차장 - 주차장,승용,남,54세,상해없음,보행자,남,38세,중상
2022091100100052,2022년 9월 11일 07시,일요일,경상남도 김해시 동상동,경상사고,0,0,1,0,차대차 - 측면충돌,신호위반,건조,맑음,교차로 - 교차로안,승용,남,53세,상해없음,승용,남,63세,경상
2022091100100096,2022년 9월 11일 11시,일요일,경상남도 창원시 마산합포구 진동면,중상사고,0,1,0,0,차대차 - 정면충돌,신호위반,건조,맑음,교차로 - 교차로안,승용,여,68세,상해없음,이륜,남,54세,중상
2022091100100097,2022년 9월 11일 11시,일요일,경상남도 통영시 무전동,경상사고,0,0,1,0,차대차 - 측면충돌,교차로운행방법위반,건조,맑음,교차로 - 교차로안,이륜,남,62세,상해없음,승용,남,61세,경상
2022091100100098,2022년 9월 11일 11시,일요일,경상남도 창원시 의창구 소계동,경상사고,0,0,2,0,차대차 - 측면충돌,안전운전불이행,건조,맑음,단일로 - 기타,승용,여,39세,상해없음,승용,여,41세,경상
2022091100100124,2022년 9월 11일 12시,일요일,경상남도 거제시 상동동,경상사고,0,0,1,0,차대차 - 기타,중앙선침범,건조,맑음,단일로 - 기타,승용,남,29세,상해없음,승용,남,35세,경상
2022091100100125,2022년 9월 11일 12시,일요일,경상남도 남해군 남해읍,중상사고,0,1,0,0,차대차 - 측면충돌,교차로운행방법위반,건조,맑음,교차로 - 교차로안,원동기,남,17세,중상,승용,남,50세,상해없음
2022091100100150,2022년 9월 11일 13시,일요일,경상남도 밀양시 내이동,경상사고,0,0,3,0,차대차 - 측면충돌,신호위반,건조,맑음,교차로 - 교차로안,화물,남,67세,상해없음,승용,여,20세,경상
2022091100100179,2022년 9월 11일 14시,일요일,경상남도 통영시 북신동,경상사고,0,0,4,0,차대차 - 정면충돌,안전운전불이행,건조,맑음,단일로 - 기타,승용,여,64세,상해없음,승용,여,38세,경상
2022091100100180,2022년 9월 11일 14시,일요일,경상남도 창녕군 창녕읍,경상사고,0,0,4,0,차대차 - 추돌,안전운전불이행,건조,맑음,단일로 - 기타,승용,여,36세,상해없음,승용,남,42세,경상
2022091100100206,2022년 9월 11일 15시,일요일,경상남도 합천군 가야면,경상사고,0,0,1,0,차대차 - 정면충돌,중앙선침범,건조,맑음,교차로 - 교차로부근,승용,남,68세,상해없음,승용,여,54세,경상
2022091100100207,2022년 9월 11일 15시,일요일,경상남도 하동군 금남면,경상사고,0,0,5,0,차대차 - 후진중충돌,안전운전불이행,건조,맑음,주차장 - 주차장,승용,남,41세,상해없음,승용,남,34세,경상
2022091100100232,2022년 9월 11일 16시,일요일,경상남도 통영시 미수동,중상사고,0,1,0,0,차량단독 - 기타,안전운전불이행,건조,맑음,단일로 - 기타,승용,남,61세,상해없음,,,,
2022091100100233,2022년 9월 11일 16시,일요일,경상남도 거제시 상동동,경상사고,0,0,1,0,차대차 - 기타,신호위반,건조,맑음,교차로 - 교차로안,승용,여,42세,상해없음,원동기,남,45세,경상
2022091100100258,2022년 9월 11일 17시,일요일,경상남도 창원시 마산합포구 우산동,경상사고,0,0,1,0,차대차 - 기타,안전거리미확보,건조,맑음,단일로 - 기타,승용,남,73세,상해없음,승용,남,34세,경상
2022091100100259,2022년 9월 11일 17시,일요일,경상남도 사천시 정동면,부상신고사고,0,0,0,1,차대차 - 기타,안전운전불이행,건조,맑음,교차로 - 교차로안,자전거,여,61세,상해없음,원동기,남,23세,부상신고
2022091100100260,2022년 9월 11일 17시,일요일,경상남도 밀양시 하남읍,중상사고,0,2,0,0,차대차 - 측면충돌,안전운전불이행,건조,맑음,단일로 - 기타,자전거,남,9세,중상,화물,남,53세,기타불명
2022091100100283,2022년 9월 11일 18시,일요일,경상남도 양산시 상북면,경상사고,0,0,2,0,차대차 - 추돌,안전운전불이행,건조,맑음,교차로 - 교차로부근,승용,남,53세,상해없음,승용,남,25세,경상
2022091100100326,2022년 9월 11일 20시,일요일,경상남도 통영시 항남동,중상사고,0,1,0,0,차대사람 - 횡단중,보행자보호의무위반,건조,맑음,교차로 - 교차로횡단보도내,화물,여,60세,상해없음,보행자,여,59세,중상
2022091100100327,2022년 9월 11일 20시,일요일,경상남도 창원시 성산구 용호동,경상사고,0,0,1,0,차대차 - 측면충돌,안전운전불이행,건조,맑음,교차로 - 교차로안,승용,남,31세,상해없음,승용,남,67세,경상
2022091100100344,2022년 9월 11일 21시,일요일,경상남도 창원시 마산합포구 예곡동,사망사고,1,0,0,0,차대차 - 기타,안전운전불이행,건조,맑음,단일로 - 기타,승용,남,45세,상해없음,이륜,남,63세,사망
2022091100100345,2022년 9월 11일 21시,일요일,경상남도 함양군 마천면,부상신고사고,0,0,0,1,차량단독 - 공작물충돌,안전운전불이행,건조,맑음,단일로 - 교량,농기계,남,55세,부상신고,,,,
2022091100100346,2022년 9월 11일 21시,일요일,경상남도 양산시 물금읍,중상사고,0,1,0,0,차대차 - 정면충돌,신호위반,건조,맑음,교차로 - 교차로안,승용,여,37세,상해없음,이륜,남,43세,중상
2022091100100347,2022년 9월 11일 21시,일요일,경상남도 거제시 고현동,경상사고,0,0,3,0,차대차 - 기타,안전운전불이행,건조,맑음,단일로 - 기타,승용,남,45세,상해없음,승용,여,43세,경상
2022091100100363,2022년 9월 11일 22시,일요일,경상남도 창원시 마산합포구 오동동,부상신고사고,0,0,0,1,차대차 - 측면충돌,안전운전불이행,건조,맑음,교차로 - 교차로안,승용,남,61세,상해없음,승용,남,70세,부상신고
2022091100100364,2022년 9월 11일 22시,일요일,경상남도 양산시 중부동,중상사고,0,1,0,0,차대차 - 추돌,안전운전불이행,건조,맑음,단일로 - 기타,승용,남,26세,상해없음,이륜,남,30세,중상
2022091200100024,2022년 9월 12일 01시,월요일,경상남도 진주시 신안동,경상사고,0,0,2,0,차대차 - 추돌,안전운전불이행,건조,맑음,교차로 - 교차로부근,승용,남,50세,기타불명,승용,남,26세,경상
2022091200100025,2022년 9월 12일 01시,월요일,경상남도 창원시 성산구 상남동,경상사고,0,0,1,0,차대사람 - 횡단중,안전운전불이행,건조,맑음,단일로 - 기타,승용,남,24세,상해없음,보행자,남,24세,경상
2022091200100026,2022년 9월 12일 01시,월요일,경상남도 창원시 마산회원구 구암동,중상사고,0,2,0,0,차대차 - 기타,중앙선침범,건조,맑음,단일로 - 기타,승용,남,29세,중상,승용,남,29세,중상
2022091200100040,2022년 9월 12일 02시,월요일,경상남도 창원시 마산회원구 석전동,중상사고,0,1,0,0,차대사람 - 기타,기타,건조,맑음,단일로 - 기타,원동기,남,23세,기타불명,보행자,남,43세,중상
2022091200100082,2022년 9월 12일 08시,월요일,경상남도 진주시 이반성면,경상사고,0,0,1,0,차대차 - 기타,교차로운행방법위반,건조,맑음,교차로 - 교차로안,화물,남,71세,상해없음,자전거,남,51세,경상
2022091200100092,2022년 9월 12일 09시,월요일,경상남도 양산시 원동면,경상사고,0,0,1,0,차대차 - 추돌,안전운전불이행,건조,맑음,기타 - 기타,자전거,남,56세,상해없음,자전거,남,40세,경상
2022091200100101,2022년 9월 12일 10시,월요일,경상남도 창녕군 창녕읍,경상사고,0,0,1,0,차대차 - 기타,직진우회전진행방해,젖음/습기,흐림,교차로 - 교차로안,승용,남,46세,경상,화물,남,68세,상해없음
2022091200100102,2022년 9월 12일 10시,월요일,경상남도 양산시 동면,중상사고,0,1,0,0,차대차 - 측면충돌,안전운전불이행,건조,맑음,단일로 - 기타,승용,남,34세,상해없음,자전거,남,73세,중상
2022091200100123,2022년 9월 12일 11시,월요일,경상남도 거창군 거창읍,사망사고,1,1,0,0,차량단독 - 공작물충돌,안전운전불이행,건조,맑음,단일로 - 기타,이륜,남,41세,중상,,,,
2022091200100124,2022년 9월 12일 11시,월요일,경상남도 함안군 가야읍,중상사고,0,1,0,0,차대사람 - 기타,안전운전불이행,건조,맑음,단일로 - 기타,특수,남,53세,상해없음,보행자,남,39세,중상
2022091200100143,2022년 9월 12일 12시,월요일,경상남도 김해시 무계동,경상사고,0,0,1,0,차대차 - 측면충돌,안전운전불이행,건조,맑음,교차로 - 교차로안,승용,남,57세,상해없음,승용,여,54세,경상
2022091200100171,2022년 9월 12일 13시,월요일,경상남도 창원시 진해구 이동,경상사고,0,0,1,0,차대차 - 측면충돌,교차로운행방법위반,건조,맑음,교차로 - 교차로안,승용,남,46세,상해없음,승용,남,44세,상해없음
2022091200100201,2022년 9월 12일 14시,월요일,경상남도 김해시 전하동,경상사고,0,0,1,0,차대차 - 측면충돌,안전운전불이행,건조,맑음,교차로 - 교차로안,원동기,남,59세,경상,승용,남,59세,상해없음
2022091200100202,2022년 9월 12일 14시,월요일,경상남도 함안군 대산면,경상사고,0,0,1,0,차대차 - 기타,안전운전불이행,건조,맑음,단일로 - 기타,자전거,남,18세,경상,승용,여,43세,상해없음
2022091200100231,2022년 9월 12일 15시,월요일,경상남도 김해시 동상동,경상사고,0,0,1,0,차대사람 - 횡단중,신호위반,건조,맑음,단일로 - 기타,이륜,남,42세,상해없음,보행자,남,64세,경상
2022091200100232,2022년 9월 12일 15시,월요일,경상남도 창원시 성산구 상남동,경상사고,0,0,1,0,차대차 - 측면충돌,안전운전불이행,건조,맑음,단일로 - 기타,승용,남,34세,상해없음,승용,남,42세,경상
2022091200100300,2022년 9월 12일 18시,월요일,경상남도 진주시 이현동,중상사고,0,2,1,0,차대차 - 추돌,안전운전불이행,건조,맑음,교차로 - 교차로부근,승용,남,64세,상해없음,승용,남,50세,경상
2022091200100301,2022년 9월 12일 18시,월요일,경상남도 창녕군 유어면,경상사고,0,0,1,0,차대차 - 기타,안전운전불이행,건조,맑음,단일로 - 기타,승용,남,77세,상해없음,자전거,여,74세,경상
2022091200100330,2022년 9월 12일 19시,월요일,경상남도 김해시 삼계동,부상신고사고,0,0,0,1,차대차 - 측면충돌,안전운전불이행,건조,맑음,단일로 - 기타,승용,남,18세,상해없음,이륜,남,55세,부상신고
2022091200100331,2022년 9월 12일 19시,월요일,경상남도 창녕군 창녕읍,경상사고,0,0,1,0,차대사람 - 기타,안전운전불이행,건조,맑음,단일로 - 기타,승용,남,55세,상해없음,보행자,남,41세,경상
2022091200100332,2022년 9월 12일 19시,월요일,경상남도 함안군 군북면,경상사고,0,0,2,0,차대차 - 기타,중앙선침범,건조,맑음,단일로 - 기타,화물,남,70세,상해없음,화물,남,54세,경상
2022091200100333,2022년 9월 12일 19시,월요일,경상남도 창원시 의창구 중동,중상사고,0,1,0,0,차대사람 - 횡단중,신호위반,건조,맑음,교차로 - 교차로횡단보도내,승용,남,61세,상해없음,보행자,남,12세,중상
2022091200100334,2022년 9월 12일 19시,월요일,경상남도 김해시 삼문동,경상사고,0,0,1,0,차대차 - 측면충돌,안전운전불이행,건조,맑음,단일로 - 기타,승용,여,38세,상해없음,승용,남,21세,경상
2022091200100405,2022년 9월 12일 23시,월요일,경상남도 양산시 상북면,경상사고,0,0,1,0,차대사람 - 기타,안전운전불이행,건조,맑음,단일로 - 기타,승용,여,30세,기타불명,보행자,남,70세,경상
2022091300100012,2022년 9월 13일 02시,화요일,경상남도 김해시 부원동,중상사고,0,1,0,0,차대차 - 측면충돌,안전운전불이행,건조,맑음,교차로 - 교차로안,승용,남,38세,상해없음,기타불명,기타불명,미분류,기타불명
2022091300100019,2022년 9월 13일 03시,화요일,경상남도 진주시 문산읍,중상사고,0,1,0,0,차대차 - 추돌,안전운전불이행,건조,맑음,단일로 - 기타,승용,여,36세,상해없음,승용,여,46세,중상
2022091300100020,2022년 9월 13일 03시,화요일,경상남도 사천시 사남면,부상신고사고,0,0,0,1,차량단독 - 공작물충돌,안전운전불이행,건조,맑음,단일로 - 기타,승용,남,33세,부상신고,,,,
2022091300100027,2022년 9월 13일 05시,화요일,경상남도 밀양시 삼문동,중상사고,0,1,0,0,차대차 - 측면충돌,신호위반,건조,흐림,교차로 - 교차로안,승용,남,66세,상해없음,승용,여,39세,중상
2022091300100038,2022년 9월 13일 06시,화요일,경상남도 양산시 덕계동,경상사고,0,0,1,0,차량단독 - 기타,기타,건조,맑음,단일로 - 기타,승합,남,52세,상해없음,,,,
2022091300100055,2022년 9월 13일 07시,화요일,경상남도 거제시 고현동,중상사고,0,1,0,0,차대차 - 기타,기타,건조,맑음,단일로 - 기타,승용,남,23세,상해없음,자전거,남,54세,중상
2022091300100056,2022년 9월 13일 07시,화요일,경상남도 창원시 의창구 팔용동,경상사고,0,0,1,0,차대사람 - 기타,안전운전불이행,건조,맑음,기타 - 기타,이륜,남,48세,상해없음,보행자,여,56세,경상
2022091300100086,2022년 9월 13일 08시,화요일,경상남도 창원시 마산합포구 신흥동,경상사고,0,0,1,0,차대차 - 기타,교차로운행방법위반,건조,맑음,교차로 - 교차로안,승용,여,42세,상해없음,승용,여,46세,경상
2022091300100087,2022년 9월 13일 08시,화요일,경상남도 진주시 상대동,경상사고,0,0,1,0,차대차 - 추돌,안전운전불이행,건조,맑음,단일로 - 기타,화물,남,62세,상해없음,승용,남,40세,경상
2022091300100088,2022년 9월 13일 08시,화요일,경상남도 김해시 봉황동,부상신고사고,0,0,0,1,차대차 - 측면충돌,안전운전불이행,건조,맑음,교차로 - 교차로부근,자전거,여,40세,부상신고,승용,남,42세,상해없음
2022091300100143,2022년 9월 13일 10시,화요일,경상남도 통영시 용남면,중상사고,0,1,0,0,차대차 - 추돌,안전거리미확보,건조,맑음,단일로 - 기타,승용,여,40세,기타불명,승용,여,42세,중상
2022091300100173,2022년 9월 13일 11시,화요일,경상남도 창원시 진해구 풍호동,경상사고,0,0,2,0,차대차 - 정면충돌,안전운전불이행,건조,맑음,단일로 - 기타,승용,여,33세,상해없음,승용,남,23세,경상
2022091300100174,2022년 9월 13일 11시,화요일,경상남도 밀양시 무안면,경상사고,0,0,2,0,차대차 - 측면충돌,기타,건조,맑음,교차로 - 교차로안,승용,여,50세,경상,승용,남,53세,경상
2022091300100175,2022년 9월 13일 11시,화요일,경상남도 창녕군 창녕읍,중상사고,0,1,0,0,차대차 - 추돌,안전거리미확보,건조,맑음,단일로 - 기타,승용,남,70세,상해없음,이륜,남,73세,중상
2022091300100203,2022년 9월 13일 12시,화요일,경상남도 창원시 마산회원구 양덕동,중상사고,0,1,0,0,차대차 - 측면충돌,중앙선침범,건조,맑음,단일로 - 기타,이륜,남,69세,상해없음,이륜,남,48세,중상