사고번호,사고일시,요일,시군구,사고내용,사망자수,중상자수,경상자수,부상신고자수,사고유형,법규위반,노면상태,기상상태,도로형태,가해운전자 차종,가해운전자 성별,가해운전자 연령,가해운전자 상해정도,피해운전자 차종,피해운전자 성별,피해운전자 연령,피해운전자 상해정도
2022092600100191,2022년 9월 26일 10시,월요일,경상남도 함안군 함안면,중상사고,0,1,0,0,차대차 - 측면충돌,안전운전불이행,건조,맑음,단일로 - 기타,화물,남,65세,상해없음,이륜,여,69세,중상
2022092600100222,2022년 9월 26일 11시,월요일,경상남도 진주시 상대동,경상사고,0,0,1,0,차대차 - 추돌,안전운전불이행,건조,맑음,교차로 - 교차로부근,승용,여,67세,상해없음,승용,여,57세,경상
2022092600100223,2022년 9월 26일 11시,월요일,경상남도 사천시 사천읍,경상사고,0,0,1,0,차대차 - 추돌,안전운전불이행,건조,맑음,단일로 - 기타,이륜,남,21세,경상,승용,남,50세,상해없음
2022092600100224,2022년 9월 26일 11시,월요일,경상남도 남해군 남해읍,중상사고,0,3,0,0,차대차 - 측면충돌,교차로운행방법위반,건조,맑음,교차로 - 교차로안,승용,남,74세,상해없음,화물,남,74세,중상
2022092600100251,2022년 9월 26일 12시,월요일,경상남도 함양군 안의면,부상신고사고,0,0,0,1,차량단독 - 전도전복 - 전도,기타,건조,맑음,단일로 - 기타,원동기,여,61세,부상신고,,,,
2022092600100283,2022년 9월 26일 13시,월요일,경상남도 창원시 마산합포구 진전면,중상사고,0,3,0,0,차대차 - 정면충돌,안전운전불이행,건조,맑음,단일로 - 기타,화물,남,61세,상해없음,승용,남,64세,중상
2022092600100285,2022년 9월 26일 13시,월요일,경상남도 사천시 선구동,경상사고,0,0,3,0,차대차 - 측면충돌,안전운전불이행,건조,맑음,단일로 - 기타,승용,남,71세,상해없음,승용,여,73세,경상
2022092600100381,2022년 9월 26일 16시,월요일,경상남도 진주시 상봉동,경상사고,0,0,1,0,차대사람 - 기타,기타,건조,맑음,단일로 - 기타,승합,남,51세,상해없음,보행자,여,24세,경상
2022092600100382,2022년 9월 26일 16시,월요일,경상남도 창원시 진해구 이동,경상사고,0,0,1,0,차대차 - 측면충돌,안전운전불이행,건조,맑음,단일로 - 기타,승용,여,65세,상해없음,화물,여,46세,경상
2022092600100420,2022년 9월 26일 17시,월요일,경상남도 사천시 용현면,경상사고,0,0,2,0,차대차 - 측면충돌,안전운전불이행,건조,맑음,단일로 - 기타,승용,남,75세,경상,승용,남,70세,경상
2022092600100507,2022년 9월 26일 19시,월요일,경상남도 양산시 물금읍,중상사고,0,1,0,0,차대사람 - 횡단중,안전운전불이행,건조,맑음,교차로 - 교차로부근,이륜,남,29세,상해없음,보행자,여,38세,중상
2022092600100542,2022년 9월 26일 20시,월요일,경상남도 창원시 마산합포구 해운동,경상사고,0,0,1,0,차대사람 - 횡단중,보행자보호의무위반,건조,흐림,교차로 - 교차로횡단보도내,이륜,남,32세,상해없음,보행자,여,61세,경상
2022092600100543,2022년 9월 26일 20시,월요일,경상남도 창원시 마산합포구 진북면,경상사고,0,0,2,0,차대차 - 측면충돌,기타,건조,흐림,단일로 - 기타,승용,남,51세,경상,승용,남,43세,경상
2022092600100570,2022년 9월 26일 21시,월요일,경상남도 통영시 서호동,중상사고,0,1,0,0,차대사람 - 기타,안전운전불이행,건조,맑음,단일로 - 기타,승용,남,50세,상해없음,보행자,남,55세,중상
2022092600100571,2022년 9월 26일 21시,월요일,경상남도 창원시 의창구 팔용동,경상사고,0,0,2,0,차대차 - 측면충돌,신호위반,건조,맑음,교차로 - 교차로안,승용,남,59세,상해없음,화물,남,59세,경상
2022092600100589,2022년 9월 26일 22시,월요일,경상남도 김해시 구산동,중상사고,0,1,0,0,차대차 - 정면충돌,중앙선침범,건조,맑음,단일로 - 기타,승용,남,41세,상해없음,이륜,남,33세,중상
2022092600100590,2022년 9월 26일 22시,월요일,경상남도 창원시 의창구 명서동,경상사고,0,0,1,0,차대차 - 추돌,안전운전불이행,건조,맑음,단일로 - 기타,화물,남,26세,상해없음,승용,남,28세,경상
2022092600100608,2022년 9월 26일 23시,월요일,경상남도 김해시 신문동,중상사고,0,1,0,0,차대사람 - 보도통행중,기타,건조,맑음,단일로 - 기타,승용,여,38세,상해없음,보행자,남,50세,중상
2022092700100045,2022년 9월 27일 06시,화요일,경상남도 창원시 의창구 팔용동,경상사고,0,0,1,0,차대차 - 추돌,안전운전불이행,건조,맑음,교차로 - 교차로부근,승용,남,60세,상해없음,이륜,남,32세,경상
2022092700100070,2022년 9월 27일 07시,화요일,경상남도 창녕군 도천면,중상사고,0,1,2,0,차대차 - 추돌,안전운전불이행,건조,맑음,교차로 - 교차로안,화물,남,41세,상해없음,승용,남,69세,경상
2022092700100147,2022년 9월 27일 09시,화요일,경상남도 밀양시 내일동,중상사고,0,1,0,0,차대사람 - 횡단중,안전운전불이행,건조,맑음,교차로 - 교차로안,승용,여,47세,상해없음,보행자,여,85세,중상
2022092700100148,2022년 9월 27일 09시,화요일,경상남도 창원시 성산구 불모산동,경상사고,0,0,1,0,차대차 - 추돌,안전운전불이행,건조,맑음,단일로 - 기타,화물,남,62세,상해없음,화물,남,72세,경상
2022092700100176,2022년 9월 27일 10시,화요일,경상남도 진주시 호탄동,사망사고,1,0,0,1,차대차 - 추돌,안전운전불이행,건조,맑음,교차로 - 교차로부근,승용,여,61세,상해없음,승용,남,67세,부상신고
2022092700100177,2022년 9월 27일 10시,화요일,경상남도 김해시 삼정동,경상사고,0,0,1,0,차대차 - 측면충돌,안전거리미확보,건조,흐림,단일로 - 기타,이륜,여,67세,기타불명,승용,남,69세,경상
2022092700100178,2022년 9월 27일 10시,화요일,경상남도 합천군 야로면,중상사고,0,1,0,0,차대차 - 측면충돌,안전운전불이행,건조,맑음,단일로 - 기타,화물,남,38세,상해없음,건설기계,남,58세,중상
2022092700100179,2022년 9월 27일 10시,화요일,경상남도 산청군 시천면,중상사고,0,2,2,0,차대차 - 추돌,안전거리미확보,건조,맑음,단일로 - 기타,화물,남,61세,상해없음,화물,남,61세,중상
2022092700100204,2022년 9월 27일 11시,화요일,경상남도 통영시 항남동,중상사고,0,3,0,0,차대차 - 측면충돌,안전운전불이행,건조,맑음,교차로 - 교차로안,승용,여,55세,상해없음,승용,남,68세,중상
2022092700100205,2022년 9월 27일 11시,화요일,경상남도 밀양시 초동면,경상사고,0,0,1,0,차대차 - 측면충돌,안전운전불이행,건조,맑음,교차로 - 교차로안,건설기계,남,57세,상해없음,화물,남,28세,경상
2022092700100206,2022년 9월 27일 11시,화요일,경상남도 창원시 의창구 팔용동,경상사고,0,0,2,0,차대차 - 기타,안전운전불이행,건조,맑음,단일로 - 기타,승용,남,65세,상해없음,화물,남,52세,경상
2022092700100238,2022년 9월 27일 12시,화요일,경상남도 김해시 삼방동,경상사고,0,0,1,0,차대차 - 측면충돌,신호위반,건조,맑음,단일로 - 기타,화물,남,53세,기타불명,승합,남,61세,상해없음
2022092700100239,2022년 9월 27일 12시,화요일,경상남도 김해시 삼계동,경상사고,0,0,1,0,차대차 - 측면충돌,안전거리미확보,건조,맑음,단일로 - 기타,건설기계,남,63세,상해없음,승용,남,29세,경상
2022092700100267,2022년 9월 27일 13시,화요일,경상남도 양산시 중부동,경상사고,0,0,1,0,차대차 - 후진중충돌,안전운전불이행,건조,맑음,단일로 - 기타,승용,여,53세,상해없음,승용,남,22세,상해없음
2022092700100329,2022년 9월 27일 15시,화요일,경상남도 진주시 계동,경상사고,0,0,1,0,차대차 - 정면충돌,신호위반,건조,맑음,교차로 - 교차로안,승용,남,65세,상해없음,승용,남,33세,경상
2022092700100330,2022년 9월 27일 15시,화요일,경상남도 진주시 옥봉동,중상사고,0,1,0,1,차대차 - 정면충돌,중앙선침범,건조,맑음,단일로 - 기타,승용,남,65세,부상신고,이륜,남,21세,중상
2022092700100362,2022년 9월 27일 16시,화요일,경상남도 김해시 부원동,경상사고,0,0,1,0,차대차 - 측면충돌,안전운전불이행,건조,맑음,교차로 - 교차로안,승용,여,53세,상해없음,화물,남,64세,경상
2022092700100363,2022년 9월 27일 16시,화요일,경상남도 거창군 거창읍,경상사고,0,0,1,0,차대차 - 추돌,안전운전불이행,건조,맑음,교차로 - 교차로부근,승용,여,32세,상해없음,자전거,남,80세,경상
2022092700100364,2022년 9월 27일 16시,화요일,경상남도 양산시 물금읍,경상사고,0,0,1,0,차대차 - 측면충돌,교차로운행방법위반,건조,맑음,교차로 - 교차로안,승용,남,59세,상해없음,승용,여,57세,경상
2022092700100365,2022년 9월 27일 16시,화요일,경상남도 고성군 고성읍,경상사고,0,0,2,0,차대차 - 측면충돌,안전운전불이행,건조,맑음,단일로 - 기타,승용,남,69세,상해없음,승용,남,51세,경상
2022092700100366,2022년 9월 27일 16시,화요일,경상남도 하동군 금남면,경상사고,0,0,1,0,차대차 - 정면충돌,중앙선침범,건조,맑음,단일로 - 기타,승용,남,70세,상해없음,화물,남,40세,경상
2022092700100367,2022년 9월 27일 16시,화요일,경상남도 창원시 마산회원구 합성동,경상사고,0,0,1,0,차대차 - 기타,안전운전불이행,건조,맑음,단일로 - 기타,승용,남,37세,상해없음,승용,남,29세,경상
2022092700100396,2022년 9월 27일 17시,화요일,경상남도 김해시 대동면,경상사고,0,0,2,0,차대차 - 추돌,안전거리미확보,건조,맑음,단일로 - 기타,승합,남,40세,상해없음,승용,여,30세,경상
2022092700100426,2022년 9월 27일 17시,화요일,경상남도 진주시 하대동,부상신고사고,0,0,0,1,차대차 - 측면충돌,안전운전불이행,건조,맑음,교차로 - 교차로안,자전거,남,13세,부상신고,승용,남,56세,상해없음
2022092700100427,2022년 9월 27일 17시,화요일,경상남도 창원시 진해구 인의동,경상사고,0,0,1,0,차대차 - 측면충돌,교차로운행방법위반,건조,맑음,교차로 - 교차로안,승용,남,25세,상해없음,자전거,여,75세,경상
2022092700100428,2022년 9월 27일 17시,화요일,경상남도 통영시 무전동,경상사고,0,0,2,0,차대차 - 추돌,안전운전불이행,건조,맑음,단일로 - 기타,화물,남,50세,상해없음,승용,여,45세,경상
2022092700100429,2022년 9월 27일 17시,화요일,경상남도 창녕군 계성면,경상사고,0,0,1,0,차대차 - 추돌,안전운전불이행,건조,맑음,교차로 - 교차로안,기타불명,기타불명,미분류,기타불명,원동기,남,25세,경상
2022092700100430,2022년 9월 27일 17시,화요일,경상남도 거제시 일운면,중상사고,0,3,0,0,차대차 - 추돌,안전운전불이행,건조,맑음,단일로 - 기타,승합,남,49세,상해없음,승용,남,24세,중상
2022092700100483,2022년 9월 27일 18시,화요일,경상남도 진주시 인사동,부상신고사고,0,0,0,1,차대차 - 정면충돌,안전운전불이행,건조,맑음,교차로 - 교차로안,자전거,남,71세,부상신고,승용,남,77세,상해없음
2022092700100484,2022년 9월 27일 18시,화요일,경상남도 진주시 동성동,중상사고,0,1,0,0,차대사람 - 보도통행중,기타,건조,맑음,기타 - 기타,자전거,여,38세,상해없음,보행자,여,31세,중상
2022092700100485,2022년 9월 27일 18시,화요일,경상남도 통영시 광도면,경상사고,0,0,2,0,차대차 - 측면충돌,안전운전불이행,건조,맑음,단일로 - 기타,승용,남,59세,상해없음,승용,남,42세,경상
2022092700100486,2022년 9월 27일 18시,화요일,경상남도 사천시 동금동,경상사고,0,0,1,0,차대차 - 측면충돌,직진우회전진행방해,건조,맑음,교차로 - 교차로안,승용,남,48세,상해없음,승용,남,49세,경상
2022092700100487,2022년 9월 27일 18시,화요일,경상남도 거창군 마리면,중상사고,0,1,0,0,차대차 - 측면충돌,직진우회전진행방해,건조,맑음,교차로 - 교차로안,화물,남,54세,상해없음,원동기,남,44세,중상
2022092700100488,2022년 9월 27일 18시,화요일,경상남도 양산시 물금읍,부상신고사고,0,0,0,1,차대차 - 측면충돌,안전운전불이행,건조,맑음,교차로 - 교차로안,승용,여,54세,상해없음,자전거,남,27세,부상신고
2022092700100489,2022년 9월 27일 18시,화요일,경상남도 산청군 신등면,부상신고사고,0,0,0,1,차량단독 - 공작물충돌,안전운전불이행,건조,맑음,단일로 - 기타,화물,남,48세,부상신고,,,,
2022092700100490,2022년 9월 27일 18시,화요일,경상남도 창원시 의창구 명서동,경상사고,0,0,1,0,차대차 - 기타,안전운전불이행,건조,맑음,기타 - 기타,승용,여,49세,상해없음,자전거,여,43세,경상
2022092700100537,2022년 9월 27일 19시,화요일,경상남도 통영시 문화동,경상사고,0,0,1,0,차대차 - 측면충돌,안전거리미확보,건조,맑음,단일로 - 기타,승용,여,60세,상해없음,승용,여,44세,경상
2022092700100581,2022년 9월 27일 20시,화요일,경상남도 사천시 곤명면,중상사고,0,2,1,0,차대차 - 정면충돌,중앙선침범,건조,맑음,단일로 - 기타,승용,남,28세,경상,승용,여,31세,중상
2022092700100582,2022년 9월 27일 20시,화요일,경상남도 김해시 어방동,경상사고,0,0,3,1,차대차 - 기타,교차로운행방법위반,건조,맑음,교차로 - 교차로안,원동기,남,52세,경상,승용,남,20세,부상신고
2022092700100583,2022년 9월 27일 20시,화요일,경상남도 김해시 어방동,중상사고,0,2,0,0,차대차 - 측면충돌,안전운전불이행,건조,맑음,단일로 - 기타,원동기,남,52세,중상,원동기,남,29세,중상
2022092700100584,2022년 9월 27일 20시,화요일,경상남도 김해시 부곡동,경상사고,0,0,1,0,차대차 - 측면충돌,안전운전불이행,건조,맑음,단일로 - 기타,화물,여,56세,상해없음,자전거,남,12세,경상
2022092700100641,2022년 9월 27일 22시,화요일,경상남도 통영시 광도면,경상사고,0,0,1,0,차대차 - 기타,안전운전불이행,건조,맑음,단일로 - 기타,이륜,남,24세,기타불명,이륜,남,40세,경상
2022092700100642,2022년 9월 27일 22시,화요일,경상남도 사천시 용현면,중상사고,0,1,0,0,차대차 - 정면충돌,중앙선침범,건조,맑음,단일로 - 기타,화물,남,47세,상해없음,자전거,남,51세,중상
2022092700100655,2022년 9월 27일 23시,화요일,경상남도 양산시 삼호동,경상사고,0,0,1,0,차대차 - 측면충돌,신호위반,건조,맑음,교차로 - 교차로안,승용,남,32세,상해없음,이륜,남,30세,경상
2022092700100656,2022년 9월 27일 23시,화요일,경상남도 거제시 아주동,경상사고,0,0,4,0,차대차 - 추돌,안전운전불이행,건조,맑음,교차로 - 교차로부근,승용,남,47세,상해없음,승용,남,46세,경상
2022092800100027,2022년 9월 28일 04시,수요일,경상남도 밀양시 상남면,사망사고,1,0,0,0,차대차 - 추돌,안전운전불이행,건조,흐림,단일로 - 기타,승용,남,43세,사망,화물,남,62세,상해없음
2022092800100072,2022년 9월 28일 07시,수요일,경상남도 양산시 중부동,경상사고,0,0,1,0,차대차 - 측면충돌,신호위반,건조,맑음,교차로 - 교차로안,승용,남,30세,상해없음,화물,남,48세,경상
2022092800100090,2022년 9월 28일 08시,수요일,경상남도 김해시 대동면,경상사고,0,0,1,0,차대차 - 측면충돌,안전거리미확보,건조,맑음,단일로 - 기타,화물,남,64세,상해없음,건설기계,남,58세,경상
2022092800100116,2022년 9월 28일 08시,수요일,경상남도 창녕군 창녕읍,경상사고,0,0,3,0,차대차 - 측면충돌,안전운전불이행,건조,맑음,교차로 - 교차로안,승용,남,65세,상해없음,승용,남,39세,경상
2022092800100117,2022년 9월 28일 08시,수요일,경상남도 고성군 고성읍,사망사고,1,0,0,0,차대차 - 측면충돌,기타,건조,맑음,단일로 - 기타,화물,여,57세,상해없음,이륜,남,82세,사망
2022092800100118,2022년 9월 28일 08시,수요일,경상남도 함안군 칠원읍,중상사고,0,1,1,0,차대차 - 측면충돌,중앙선침범,건조,맑음,단일로 - 기타,승용,여,55세,경상,승용,여,41세,중상
2022092800100175,2022년 9월 28일 10시,수요일,경상남도 창원시 마산합포구 해운동,경상사고,0,0,1,0,차대차 - 추돌,안전거리미확보,건조,맑음,단일로 - 기타,승합,남,38세,상해없음,승용,여,50세,경상
2022092800100176,2022년 9월 28일 10시,수요일,경상남도 창원시 의창구 사림동,부상신고사고,0,0,0,2,차대차 - 측면충돌,안전운전불이행,건조,맑음,단일로 - 기타,건설기계,남,60세,상해없음,승용,남,33세,부상신고
2022092800100263,2022년 9월 28일 13시,수요일,경상남도 창원시 마산합포구 진동면,경상사고,0,0,1,0,차대차 - 기타,안전거리미확보,건조,맑음,단일로 - 기타,특수,남,52세,상해없음,승용,여,51세,경상
2022092800100264,2022년 9월 28일 13시,수요일,경상남도 산청군 산청읍,경상사고,0,0,1,0,차대차 - 기타,안전운전불이행,건조,맑음,단일로 - 기타,원동기,남,79세,경상,승용,여,58세,상해없음
2022092800100290,2022년 9월 28일 14시,수요일,경상남도 김해시 구산동,경상사고,0,0,1,0,차대차 - 정면충돌,중앙선침범,건조,맑음,기타 - 기타,승용,남,55세,상해없음,승용,여,53세,경상
2022092800100291,2022년 9월 28일 14시,수요일,경상남도 함양군 함양읍,경상사고,0,0,1,0,차대차 - 측면충돌,안전운전불이행,건조,맑음,단일로 - 기타,화물,남,29세,상해없음,자전거,남,71세,경상
2022092800100292,2022년 9월 28일 14시,수요일,경상남도 남해군 남해읍,사망사고,1,0,0,0,차대차 - 측면충돌,교차로운행방법위반,건조,맑음,교차로 - 교차로안,승용,남,49세,상해없음,원동기,남,74세,사망
2022092800100293,2022년 9월 28일 14시,수요일,경상남도 남해군 설천면,경상사고,0,0,1,0,차대사람 - 기타,안전운전불이행,건조,맑음,단일로 - 기타,승용,남,62세,상해없음,보행자,남,26세,경상
2022092800100335,2022년 9월 28일 15시,수요일,경상남도 거제시 고현동,경상사고,0,0,1,0,차대사람 - 기타,안전운전불이행,건조,맑음,단일로 - 지하차도(도로)내,승용,여,27세,상해없음,보행자,여,49세,경상
2022092800100422,2022년 9월 28일 17시,수요일,경상남도 진주시 평거동,중상사고,0,1,0,0,차대차 - 정면충돌,중앙선침범,건조,맑음,단일로 - 기타,승용,여,33세,상해없음,승용,여,67세,중상
2022092800100423,2022년 9월 28일 17시,수요일,경상남도 창녕군 대지면,경상사고,0,0,2,0,차대차 - 추돌,안전운전불이행,건조,맑음,단일로 - 기타,승용,남,36세,경상,승용,남,63세,경상
2022092800100448,2022년 9월 28일 18시,수요일,경상남도 양산시 상북면,경상사고,0,0,1,0,차대차 - 기타,안전거리미확보,건조,맑음,단일로 - 기타,기타불명,기타불명,미분류,기타불명,승용,여,31세,경상
2022092800100474,2022년 9월 28일 18시,수요일,경상남도 거제시 양정동,중상사고,0,2,0,0,차대사람 - 횡단중,보행자보호의무위반,건조,맑음,단일로 - 기타,이륜,남,25세,중상,보행자,여,15세,중상
2022092800100510,2022년 9월 28일 19시,수요일,경상남도 창원시 진해구 용원동,중상사고,0,2,0,0,차대차 - 기타,중앙선침범,건조,맑음,단일로 - 기타,승용,여,47세,상해없음,화물,남,42세,중상
2022092800100511,2022년 9월 28일 19시,수요일,경상남도 김해시 봉황동,경상사고,0,0,1,0,차대차 - 측면충돌,차로위반,건조,맑음,단일로 - 기타,승용,남,54세,상해없음,승용,남,56세,경상
2022092800100512,2022년 9월 28일 19시,수요일,경상남도 함양군 휴천면,중상사고,0,1,0,0,차량단독 - 도로외이탈 - 기타,안전운전불이행,건조,맑음,단일로 - 기타,승용,여,54세,중상,,,,
2022092800100542,2022년 9월 28일 20시,수요일,경상남도 김해시 어방동,경상사고,0,0,1,0,차대사람 - 횡단중,안전운전불이행,건조,맑음,단일로 - 기타,승용,남,20세,기타불명,보행자,여,22세,경상
2022092800100560,2022년 9월 28일 21시,수요일,경상남도 김해시 어방동,부상신고사고,0,0,0,1,차대차 - 측면충돌,신호위반,건조,맑음,교차로 - 교차로부근,개인형이동수단(PM),남,17세,부상신고,승용,남,44세,상해없음
2022092800100561,2022년 9월 28일 21시,수요일,경상남도 김해시 관동동,부상신고사고,0,0,0,1,차량단독 - 전도전복 - 전도,안전운전불이행,건조,맑음,단일로 - 기타,자전거,남,50세,부상신고,,,,
2022092800100590,2022년 9월 28일 22시,수요일,경상남도 창원시 진해구 남문동,경상사고,0,0,1,0,차대차 - 측면충돌,안전거리미확보,건조,맑음,교차로 - 교차로횡단보도내,화물,남,63세,상해없음,특수,남,28세,경상
2022092900100052,2022년 9월 29일 06시,목요일,경상남도 고성군 고성읍,경상사고,0,0,1,0,차대차 - 측면충돌,불법유턴,건조,맑음,교차로 - 교차로부근,승용,남,50세,상해없음,이륜,남,47세,경상
2022092900100074,2022년 9월 29일 07시,목요일,경상남도 창원시 진해구 석동,경상사고,0,0,1,0,차대차 - 측면충돌,기타,건조,맑음,단일로 - 기타,승용,남,66세,상해없음,승용,남,32세,경상
2022092900100075,2022년 9월 29일 07시,목요일,경상남도 김해시 외동,경상사고,0,0,1,1,차대차 - 기타,안전운전불이행,건조,맑음,교차로 - 교차로안,승용,남,27세,부상신고,승용,남,34세,경상
2022092900100114,2022년 9월 29일 08시,목요일,경상남도 창원시 진해구 여좌동,경상사고,0,0,1,0,차대차 - 기타,안전운전불이행,건조,맑음,교차로 - 교차로안,승용,여,38세,경상,승용,남,74세,상해없음
2022092900100115,2022년 9월 29일 08시,목요일,경상남도 고성군 마암면,경상사고,0,0,1,0,차대차 - 측면충돌,신호위반,건조,맑음,교차로 - 교차로안,승용,남,36세,상해없음,승용,여,21세,경상
2022092900100153,2022년 9월 29일 09시,목요일,경상남도 창원시 진해구 용원동,중상사고,0,1,0,0,차대차 - 기타,신호위반,건조,맑음,교차로 - 교차로안,화물,남,50세,상해없음,자전거,남,75세,중상
2022092900100154,2022년 9월 29일 09시,목요일,경상남도 함양군 함양읍,경상사고,0,0,1,0,차대차 - 측면충돌,교차로운행방법위반,건조,맑음,교차로 - 교차로안,승용,여,59세,상해없음,자전거,여,61세,경상
2022092900100155,2022년 9월 29일 09시,목요일,경상남도 의령군 봉수면,중상사고,0,1,0,0,차대차 - 기타,중앙선침범,건조,맑음,단일로 - 기타,승용,여,53세,기타불명,이륜,여,52세,중상
2022092900100185,2022년 9월 29일 10시,목요일,경상남도 창원시 진해구 남문동,중상사고,0,1,0,0,차대차 - 측면충돌,신호위반,건조,맑음,교차로 - 교차로안,특수,남,45세,상해없음,화물,남,65세,중상
2022092900100186,2022년 9월 29일 10시,목요일,경상남도 거창군 마리면,중상사고,0,2,0,1,차대차 - 추돌,안전운전불이행,건조,맑음,단일로 - 터널,승용,여,42세,부상신고,사륜오토바이(ATV),남,86세,중상
2022092900100187,2022년 9월 29일 10시,목요일,경상남도 함양군 함양읍,경상사고,0,0,1,0,차대차 - 측면충돌,교차로운행방법위반,건조,맑음,교차로 - 교차로안,특수,남,59세,상해없음,이륜,남,73세,경상
2022092900100188,2022년 9월 29일 10시,목요일,경상남도 함안군 칠원읍,경상사고,0,0,1,0,차대사람 - 횡단중,보행자보호의무위반,건조,맑음,교차로 - 교차로횡단보도내,승용,여,47세,상해없음,보행자,여,66세,경상
2022092900100217,2022년 9월 29일 11시,목요일,경상남도 김해시 외동,중상사고,0,1,2,0,차대차 - 측면충돌,안전운전불이행,건조,맑음,기타 - 기타,승용,여,56세,중상,화물,남,66세,경상
2022092900100218,2022년 9월 29일 11시,목요일,경상남도 김해시 율하동,경상사고,0,0,1,0,차대차 - 측면충돌,안전운전불이행,건조,맑음,교차로 - 교차로부근,승용,여,36세,상해없음,이륜,남,20세,경상
2022092900100249,2022년 9월 29일 12시,목요일,경상남도 창녕군 계성면,경상사고,0,0,2,0,차대차 - 정면충돌,안전운전불이행,건조,맑음,단일로 - 기타,승용,여,48세,상해없음,승용,남,27세,경상
2022092900100280,2022년 9월 29일 13시,목요일,경상남도 김해시 주촌면,중상사고,0,1,1,0,차대차 - 추돌,안전운전불이행,건조,맑음,교차로 - 교차로부근,승용,여,53세,중상,화물,남,61세,경상
2022092900100321,2022년 9월 29일 14시,목요일,경상남도 진주시 이반성면,중상사고,0,1,0,0,차대차 - 정면충돌,중앙선침범,건조,맑음,단일로 - 기타,승용,여,58세,상해없음,승용,여,65세,중상
2022092900100367,2022년 9월 29일 15시,목요일,경상남도 밀양시 내이동,중상사고,0,1,0,0,차대차 - 측면충돌,안전운전불이행,건조,맑음,단일로 - 기타,이륜,남,76세,중상,승용,여,62세,상해없음
2022092900100368,2022년 9월 29일 15시,목요일,경상남도 양산시 신기동,중상사고,0,2,1,0,차대차 - 측면충돌,직진우회전진행방해,건조,맑음,단일로 - 기타,승용,여,57세,상해없음,승용,여,52세,경상
2022092900100413,2022년 9월 29일 16시,목요일,경상남도 진주시 금산면,경상사고,0,0,1,0,차대사람 - 기타,안전운전불이행,건조,맑음,교차로 - 교차로안,승용,여,45세,상해없음,보행자,여,6세,경상
2022092900100414,2022년 9월 29일 16시,목요일,경상남도 창원시 진해구 안골동,경상사고,0,0,1,0,차대차 - 측면충돌,직진우회전진행방해,건조,맑음,교차로 - 교차로안,승용,남,38세,상해없음,승용,남,47세,경상
2022092900100415,2022년 9월 29일 16시,목요일,경상남도 창원시 진해구 석동,경상사고,0,0,1,0,차대차 - 측면충돌,차로위반,건조,맑음,단일로 - 기타,승용,남,72세,상해없음,승용,남,26세,경상
2022092900100459,2022년 9월 29일 17시,목요일,경상남도 함양군 휴천면,중상사고,0,1,0,0,차대사람 - 기타,기타,건조,맑음,단일로 - 기타,승합,남,51세,상해없음,보행자,여,73세,중상
2022092900100505,2022년 9월 29일 18시,목요일,경상남도 김해시 생림면,중상사고,0,1,0,0,차대사람 - 횡단중,안전운전불이행,건조,맑음,교차로 - 교차로안,승용,여,50세,상해없음,보행자,남,87세,중상
2022092900100506,2022년 9월 29일 18시,목요일,경상남도 고성군 고성읍,경상사고,0,0,1,0,차대차 - 기타,직진우회전진행방해,건조,맑음,교차로 - 교차로안,화물,남,72세,상해없음,승용,남,61세,경상
2022092900100507,2022년 9월 29일 18시,목요일,경상남도 고성군 고성읍,경상사고,0,0,1,0,차대차 - 측면충돌,안전거리미확보,건조,맑음,단일로 - 기타,원동기,남,40세,상해없음,승용,여,40세,경상
2022092900100540,2022년 9월 29일 19시,목요일,경상남도 창원시 마산합포구 월포동,경상사고,0,0,1,0,차대차 - 추돌,안전운전불이행,건조,맑음,단일로 - 기타,승용,남,75세,상해없음,승용,여,42세,상해없음
2022092900100570,2022년 9월 29일 20시,목요일,경상남도 창원시 진해구 송학동,경상사고,0,0,1,0,차대사람 - 차도통행중,안전운전불이행,건조,맑음,교차로 - 교차로부근,승용,여,40세,상해없음,보행자,남,54세,경상
2022092900100571,2022년 9월 29일 20시,목요일,경상남도 거제시 사등면,중상사고,0,1,0,0,차대차 - 추돌,안전운전불이행,건조,맑음,기타 - 기타,승용,여,28세,상해없음,개인형이동수단(PM),남,50세,중상
2022092900100629,2022년 9월 29일 23시,목요일,경상남도 통영시 명정동,중상사고,0,1,0,0,차대차 - 기타,안전운전불이행,건조,맑음,교차로 - 교차로부근,승용,남,44세,중상,건설기계,남,51세,상해없음
2022093000100059,2022년 9월 30일 05시,금요일,경상남도 거제시 고현동,사망사고,1,0,0,0,차대사람 - 횡단중,안전운전불이행,건조,맑음,교차로 - 교차로안,화물,남,52세,상해없음,보행자,여,78세,사망
2022093000100125,2022년 9월 30일 08시,금요일,경상남도 김해시 부원동,경상사고,0,0,1,0,차대사람 - 횡단중,보행자보호의무위반,건조,맑음,교차로 - 교차로부근,승용,여,38세,상해없음,보행자,여,62세,경상
2022093000100126,2022년 9월 30일 08시,금요일,경상남도 합천군 합천읍,중상사고,0,1,0,0,차대차 - 정면충돌,중앙선침범,건조,맑음,단일로 - 기타,승합,남,68세,상해없음,승용,남,69세,중상