사고번호,사고일시,요일,시군구,사고내용,사망자수,중상자수,경상자수,부상신고자수,사고유형,법규위반,노면상태,기상상태,도로형태,가해운전자 차종,가해운전자 성별,가해운전자 연령,가해운전자 상해정도,피해운전자 차종,피해운전자 성별,피해운전자 연령,피해운전자 상해정도
2022093000100158,2022년 9월 30일 09시,금요일,경상남도 밀양시 가곡동,중상사고,0,1,0,0,차대차 - 측면충돌,교차로운행방법위반,건조,맑음,교차로 - 교차로안,승용,남,57세,상해없음,승용,남,76세,상해없음
2022093000100159,2022년 9월 30일 09시,금요일,경상남도 남해군 남해읍,경상사고,0,0,1,0,차대차 - 측면충돌,신호위반,건조,맑음,교차로 - 교차로안,화물,남,69세,경상,승합,남,53세,상해없음
2022093000100182,2022년 9월 30일 10시,금요일,경상남도 양산시 삼호동,중상사고,0,1,0,0,차대차 - 측면충돌,안전운전불이행,건조,맑음,교차로 - 교차로안,승용,남,62세,상해없음,자전거,남,74세,중상
2022093000100183,2022년 9월 30일 10시,금요일,경상남도 창원시 마산회원구 구암동,중상사고,0,1,0,0,차량단독 - 기타,안전운전불이행,건조,맑음,교차로 - 교차로부근,승합,남,64세,상해없음,,,,
2022093000100216,2022년 9월 30일 11시,금요일,경상남도 합천군 율곡면,중상사고,0,1,0,0,차대차 - 추돌,안전운전불이행,건조,맑음,교차로 - 교차로부근,승용,남,62세,상해없음,이륜,남,73세,중상
2022093000100217,2022년 9월 30일 11시,금요일,경상남도 거제시 상동동,중상사고,0,1,0,0,차대사람 - 횡단중,안전운전불이행,건조,맑음,교차로 - 교차로안,승용,남,63세,상해없음,보행자,여,66세,중상
2022093000100246,2022년 9월 30일 12시,금요일,경상남도 창녕군 창녕읍,부상신고사고,0,0,0,1,차대차 - 추돌,안전운전불이행,건조,맑음,교차로 - 교차로안,승용,여,67세,부상신고,화물,남,46세,상해없음
2022093000100247,2022년 9월 30일 12시,금요일,경상남도 거제시 고현동,경상사고,0,0,1,0,차대사람 - 횡단중,보행자보호의무위반,건조,맑음,단일로 - 기타,승합,남,29세,상해없음,보행자,여,65세,경상
2022093000100290,2022년 9월 30일 13시,금요일,경상남도 통영시 무전동,경상사고,0,0,1,0,차대차 - 측면충돌,직진우회전진행방해,건조,맑음,교차로 - 교차로안,승합,여,50세,상해없음,승용,여,65세,경상
2022093000100291,2022년 9월 30일 13시,금요일,경상남도 김해시 삼문동,부상신고사고,0,0,0,1,차대사람 - 기타,안전운전불이행,건조,맑음,기타 - 기타,개인형이동수단(PM),남,24세,부상신고,보행자,여,79세,상해없음
2022093000100323,2022년 9월 30일 14시,금요일,경상남도 창원시 마산합포구 서성동,경상사고,0,0,1,0,차대차 - 측면충돌,안전거리미확보,건조,맑음,단일로 - 기타,승용,남,58세,상해없음,이륜,남,36세,경상
2022093000100324,2022년 9월 30일 14시,금요일,경상남도 함양군 안의면,경상사고,0,0,1,1,차대차 - 측면충돌,교차로운행방법위반,건조,맑음,교차로 - 교차로안,화물,남,46세,상해없음,승용,여,38세,경상
2022093000100361,2022년 9월 30일 15시,금요일,경상남도 통영시 무전동,경상사고,0,0,1,0,차대차 - 정면충돌,중앙선침범,건조,맑음,기타 - 기타,승용,남,68세,상해없음,승용,남,36세,경상
2022093000100408,2022년 9월 30일 16시,금요일,경상남도 사천시 사천읍,경상사고,0,0,1,0,차대차 - 측면충돌,안전운전불이행,건조,맑음,교차로 - 교차로안,화물,남,52세,상해없음,원동기,남,21세,경상
2022093000100409,2022년 9월 30일 16시,금요일,경상남도 양산시 평산동,경상사고,0,0,2,0,차대차 - 측면충돌,직진우회전진행방해,건조,맑음,교차로 - 교차로안,승용,남,21세,경상,승합,남,59세,경상
2022093000100467,2022년 9월 30일 17시,금요일,경상남도 함양군 함양읍,경상사고,0,0,1,0,차대차 - 측면충돌,교차로운행방법위반,건조,맑음,교차로 - 교차로안,이륜,남,55세,경상,승용,여,40세,상해없음
2022093000100535,2022년 9월 30일 18시,금요일,경상남도 거제시 고현동,경상사고,0,0,1,0,차대차 - 측면충돌,안전운전불이행,건조,맑음,단일로 - 기타,화물,남,65세,상해없음,자전거,남,60세,경상
2022093000100583,2022년 9월 30일 19시,금요일,경상남도 창원시 마산합포구 진동면,경상사고,0,0,1,0,차대차 - 측면충돌,안전운전불이행,건조,맑음,교차로 - 교차로안,승용,여,36세,상해없음,자전거,남,59세,경상
2022093000100584,2022년 9월 30일 19시,금요일,경상남도 통영시 무전동,중상사고,0,1,0,0,차대사람 - 횡단중,안전운전불이행,건조,맑음,기타 - 기타,이륜,남,48세,상해없음,보행자,남,62세,중상
2022093000100585,2022년 9월 30일 19시,금요일,경상남도 사천시 죽림동,경상사고,0,0,3,0,차대차 - 추돌,안전운전불이행,건조,맑음,단일로 - 기타,화물,남,44세,기타불명,승용,여,50세,경상
2022093000100586,2022년 9월 30일 19시,금요일,경상남도 창녕군 유어면,중상사고,0,1,1,0,차대차 - 추돌,기타,건조,맑음,단일로 - 기타,승용,남,65세,경상,농기계,남,76세,중상
2022093000100673,2022년 9월 30일 22시,금요일,경상남도 김해시 삼방동,경상사고,0,0,1,0,차대차 - 추돌,안전운전불이행,건조,맑음,교차로 - 교차로부근,승용,남,37세,기타불명,이륜,남,63세,경상
2022093000100674,2022년 9월 30일 22시,금요일,경상남도 김해시 어방동,중상사고,0,1,0,0,차대차 - 측면충돌,안전운전불이행,건조,맑음,교차로 - 교차로안,승용,남,48세,상해없음,이륜,남,49세,중상
2022093000100675,2022년 9월 30일 22시,금요일,경상남도 거제시 양정동,경상사고,0,0,1,0,차량단독 - 공작물충돌,안전운전불이행,건조,맑음,단일로 - 기타,이륜,남,19세,경상,,,,
2022093000100695,2022년 9월 30일 23시,금요일,경상남도 거창군 거창읍,경상사고,0,0,1,0,차대사람 - 차도통행중,안전운전불이행,건조,맑음,단일로 - 기타,원동기,여,19세,상해없음,보행자,여,25세,경상
2022093000100696,2022년 9월 30일 23시,금요일,경상남도 창원시 의창구 북면,경상사고,0,0,1,0,차대사람 - 기타,안전운전불이행,건조,맑음,단일로 - 기타,승용,남,21세,상해없음,보행자,남,53세,경상
2022100100100012,2022년 10월 1일 00시,토요일,경상남도 창원시 마산합포구 동성동,중상사고,0,1,0,0,차대사람 - 기타,안전운전불이행,건조,맑음,교차로 - 교차로횡단보도내,승용,남,46세,상해없음,보행자,남,53세,중상
2022100100100063,2022년 10월 1일 05시,토요일,경상남도 김해시 부곡동,중상사고,0,1,0,0,차대차 - 기타,안전운전불이행,건조,맑음,단일로 - 기타,승용,남,56세,상해없음,승용,여,57세,중상
2022100100100071,2022년 10월 1일 05시,토요일,경상남도 통영시 산양읍,경상사고,0,0,2,0,차량단독 - 도로외이탈 - 추락,안전운전불이행,건조,맑음,기타 - 기타,승용,남,68세,상해없음,,,,
2022100100100072,2022년 10월 1일 05시,토요일,경상남도 창원시 성산구 상남동,중상사고,0,1,0,0,차대사람 - 기타,안전운전불이행,건조,맑음,교차로 - 교차로부근,승용,남,40세,상해없음,보행자,남,42세,중상
2022100100100108,2022년 10월 1일 07시,토요일,경상남도 김해시 외동,부상신고사고,0,0,0,1,차대차 - 기타,안전운전불이행,건조,맑음,교차로 - 교차로안,개인형이동수단(PM),남,52세,부상신고,승용,남,62세,상해없음
2022100100100109,2022년 10월 1일 07시,토요일,경상남도 고성군 회화면,중상사고,0,1,0,0,차대사람 - 횡단중,안전운전불이행,건조,맑음,단일로 - 기타,승용,남,47세,상해없음,보행자,여,77세,중상
2022100100100155,2022년 10월 1일 09시,토요일,경상남도 김해시 외동,경상사고,0,0,1,1,차대차 - 추돌,안전운전불이행,건조,맑음,단일로 - 기타,승용,남,19세,상해없음,승용,여,49세,경상
2022100100100156,2022년 10월 1일 09시,토요일,경상남도 양산시 하북면,경상사고,0,0,1,0,차대차 - 측면충돌,신호위반,건조,맑음,교차로 - 교차로안,화물,남,50세,상해없음,승용,여,60세,경상
2022100100100157,2022년 10월 1일 09시,토요일,경상남도 창원시 성산구 중앙동,경상사고,0,0,1,0,차량단독 - 기타,안전운전불이행,건조,맑음,단일로 - 기타,승합,남,47세,상해없음,,,,
2022100100100194,2022년 10월 1일 10시,토요일,경상남도 창원시 진해구 장천동,경상사고,0,0,1,0,차대차 - 측면충돌,안전운전불이행,건조,맑음,단일로 - 기타,자전거,남,78세,경상,화물,남,39세,상해없음
2022100100100195,2022년 10월 1일 10시,토요일,경상남도 의령군 의령읍,중상사고,0,2,0,0,차대차 - 추돌,안전운전불이행,건조,맑음,단일로 - 기타,화물,남,43세,상해없음,승용,여,61세,중상
2022100100100229,2022년 10월 1일 11시,토요일,경상남도 양산시 북정동,경상사고,0,0,4,0,차대차 - 추돌,안전거리미확보,건조,맑음,단일로 - 기타,승합,남,33세,상해없음,승용,남,57세,경상
2022100100100230,2022년 10월 1일 11시,토요일,경상남도 김해시 진영읍,경상사고,0,0,1,0,차대차 - 기타,안전운전불이행,건조,맑음,단일로 - 기타,화물,남,57세,상해없음,화물,남,31세,경상
2022100100100267,2022년 10월 1일 12시,토요일,경상남도 통영시 도남동,경상사고,0,0,1,0,차대차 - 측면충돌,신호위반,건조,맑음,교차로 - 교차로안,승용,남,57세,상해없음,화물,남,58세,경상
2022100100100268,2022년 10월 1일 12시,토요일,경상남도 김해시 외동,경상사고,0,0,1,0,차대차 - 측면충돌,안전운전불이행,건조,맑음,단일로 - 기타,승용,남,74세,상해없음,이륜,남,42세,경상
2022100100100269,2022년 10월 1일 12시,토요일,경상남도 거창군 신원면,중상사고,0,4,0,0,차량단독 - 공작물충돌,안전운전불이행,건조,맑음,단일로 - 기타,승용,남,54세,중상,,,,
2022100100100270,2022년 10월 1일 12시,토요일,경상남도 창녕군 이방면,중상사고,0,1,0,0,차대사람 - 기타,안전운전불이행,건조,맑음,기타 - 기타,화물,남,58세,상해없음,보행자,여,70세,중상
2022100100100307,2022년 10월 1일 13시,토요일,경상남도 김해시 내동,경상사고,0,0,3,0,차대차 - 정면충돌,안전운전불이행,건조,맑음,단일로 - 기타,승용,남,31세,경상,승용,남,45세,경상
2022100100100308,2022년 10월 1일 13시,토요일,경상남도 김해시 주촌면,경상사고,0,0,1,0,차대차 - 측면충돌,안전운전불이행,건조,맑음,교차로 - 교차로안,화물,남,53세,상해없음,이륜,남,36세,경상
2022100100100345,2022년 10월 1일 14시,토요일,경상남도 김해시 한림면,경상사고,0,0,1,0,차대차 - 측면충돌,신호위반,건조,맑음,교차로 - 교차로안,승용,남,57세,상해없음,승용,남,26세,경상
2022100100100383,2022년 10월 1일 15시,토요일,경상남도 진주시 초전동,중상사고,0,1,0,0,차대차 - 측면충돌,중앙선침범,건조,맑음,단일로 - 기타,승용,남,64세,상해없음,승용,여,48세,중상
2022100100100385,2022년 10월 1일 15시,토요일,경상남도 남해군 서면,중상사고,0,1,1,0,차대차 - 측면충돌,중앙선침범,건조,맑음,단일로 - 기타,승용,여,53세,상해없음,승용,여,30세,경상
2022100100100423,2022년 10월 1일 16시,토요일,경상남도 창원시 마산합포구 현동,경상사고,0,0,1,0,차대차 - 기타,안전운전불이행,건조,맑음,교차로 - 교차로안,승합,남,35세,상해없음,자전거,남,63세,경상
2022100100100459,2022년 10월 1일 17시,토요일,경상남도 양산시 삼호동,경상사고,0,0,1,0,차대차 - 측면충돌,안전운전불이행,건조,맑음,교차로 - 교차로안,승용,남,21세,상해없음,이륜,남,30세,경상
2022100100100460,2022년 10월 1일 17시,토요일,경상남도 함안군 가야읍,중상사고,0,1,0,0,차대사람 - 차도통행중,안전운전불이행,건조,맑음,단일로 - 기타,승용,여,60세,상해없음,보행자,남,81세,중상
2022100100100500,2022년 10월 1일 18시,토요일,경상남도 통영시 북신동,중상사고,0,1,0,0,차대사람 - 횡단중,안전운전불이행,건조,맑음,기타 - 기타,승용,남,39세,상해없음,보행자,여,74세,중상
2022100100100501,2022년 10월 1일 18시,토요일,경상남도 남해군 남해읍,부상신고사고,0,0,0,1,차량단독 - 도로외이탈 - 기타,안전운전불이행,건조,맑음,교차로 - 교차로안,이륜,남,76세,부상신고,,,,
2022100100100550,2022년 10월 1일 19시,토요일,경상남도 진주시 이현동,중상사고,0,1,0,0,차대사람 - 기타,안전운전불이행,건조,맑음,단일로 - 기타,자전거,남,15세,상해없음,보행자,여,66세,중상
2022100100100551,2022년 10월 1일 19시,토요일,경상남도 창원시 진해구 제황산동,경상사고,0,0,1,0,차대사람 - 기타,안전운전불이행,건조,맑음,기타 - 기타,자전거,남,41세,기타불명,보행자,남,28세,경상
2022100100100552,2022년 10월 1일 19시,토요일,경상남도 거창군 거창읍,중상사고,0,1,0,0,차대사람 - 차도통행중,안전운전불이행,건조,맑음,교차로 - 교차로안,승용,남,28세,상해없음,보행자,여,84세,중상
2022100100100553,2022년 10월 1일 19시,토요일,경상남도 합천군 초계면,사망사고,1,0,0,0,차대사람 - 차도통행중,안전운전불이행,건조,맑음,단일로 - 기타,화물,여,22세,상해없음,보행자,여,76세,사망
2022100100100590,2022년 10월 1일 20시,토요일,경상남도 창원시 진해구 두동,중상사고,0,1,0,0,차대차 - 추돌,안전운전불이행,건조,맑음,단일로 - 기타,승용,남,35세,상해없음,자전거,남,27세,중상
2022100100100591,2022년 10월 1일 20시,토요일,경상남도 창원시 진해구 용원동,중상사고,0,1,0,0,차대차 - 측면충돌,안전운전불이행,건조,맑음,교차로 - 교차로부근,승용,남,23세,기타불명,승용,남,63세,중상
2022100100100592,2022년 10월 1일 20시,토요일,경상남도 거창군 거창읍,경상사고,0,0,1,0,차대차 - 추돌,안전거리미확보,건조,맑음,단일로 - 지하차도(도로)내,화물,남,46세,상해없음,화물,남,67세,상해없음
2022100100100593,2022년 10월 1일 20시,토요일,경상남도 창원시 의창구 봉곡동,경상사고,0,0,1,0,차대차 - 측면충돌,교차로운행방법위반,건조,맑음,교차로 - 교차로안,승용,남,61세,상해없음,이륜,남,40세,경상
2022100100100621,2022년 10월 1일 21시,토요일,경상남도 진주시 주약동,중상사고,0,1,1,0,차대차 - 정면충돌,신호위반,건조,맑음,교차로 - 교차로안,승용,남,48세,상해없음,승용,여,45세,경상
2022100100100622,2022년 10월 1일 21시,토요일,경상남도 김해시 구산동,경상사고,0,0,1,0,차대사람 - 보도통행중,안전운전불이행,건조,맑음,단일로 - 기타,개인형이동수단(PM),남,19세,상해없음,보행자,남,39세,경상
2022100100100623,2022년 10월 1일 21시,토요일,경상남도 합천군 초계면,경상사고,0,0,1,0,차량단독 - 전도전복 - 전도,안전운전불이행,건조,맑음,단일로 - 기타,이륜,여,69세,경상,,,,
2022100100100649,2022년 10월 1일 22시,토요일,경상남도 통영시 정량동,중상사고,0,1,1,0,차대차 - 측면충돌,직진우회전진행방해,건조,맑음,교차로 - 교차로안,승용,남,61세,상해없음,승용,여,30세,상해없음
2022100100100650,2022년 10월 1일 22시,토요일,경상남도 양산시 중부동,중상사고,0,1,0,0,차대사람 - 기타,안전운전불이행,건조,맑음,교차로 - 교차로횡단보도내,승용,남,53세,상해없음,보행자,여,79세,중상
2022100100100651,2022년 10월 1일 22시,토요일,경상남도 양산시 북부동,경상사고,0,0,1,0,차대사람 - 기타,안전운전불이행,건조,맑음,단일로 - 기타,승용,남,73세,상해없음,보행자,여,39세,경상
2022100200100007,2022년 10월 2일 00시,일요일,경상남도 창원시 진해구 이동,경상사고,0,0,5,0,차대차 - 측면충돌,직진우회전진행방해,건조,맑음,교차로 - 교차로안,승용,남,52세,경상,승용,남,24세,경상
2022100200100037,2022년 10월 2일 02시,일요일,경상남도 김해시 부원동,경상사고,0,0,1,0,차대차 - 추돌,안전운전불이행,건조,맑음,단일로 - 기타,승용,남,49세,상해없음,승용,남,21세,경상
2022100200100046,2022년 10월 2일 04시,일요일,경상남도 양산시 물금읍,경상사고,0,0,1,0,차대차 - 기타,안전운전불이행,건조,맑음,교차로 - 교차로안,승용,남,40세,상해없음,이륜,남,35세,경상
2022100200100059,2022년 10월 2일 06시,일요일,경상남도 사천시 벌리동,경상사고,0,0,1,0,차대차 - 측면충돌,안전운전불이행,건조,맑음,교차로 - 교차로안,승용,여,52세,상해없음,자전거,남,54세,경상
2022100200100065,2022년 10월 2일 07시,일요일,경상남도 사천시 정동면,경상사고,0,0,1,0,차량단독 - 공작물충돌,안전운전불이행,건조,맑음,단일로 - 기타,승용,여,61세,경상,,,,
2022100200100075,2022년 10월 2일 08시,일요일,경상남도 통영시 광도면,경상사고,0,0,5,2,차대차 - 추돌,안전운전불이행,건조,맑음,기타 - 기타,승용,여,46세,상해없음,승용,남,55세,상해없음
2022100200100084,2022년 10월 2일 09시,일요일,경상남도 남해군 서면,부상신고사고,0,0,0,1,차대차 - 측면충돌,안전운전불이행,건조,맑음,교차로 - 교차로부근,이륜,여,33세,부상신고,화물,남,61세,상해없음
2022100200100105,2022년 10월 2일 10시,일요일,경상남도 거창군 위천면,중상사고,0,3,1,0,차대차 - 추돌,안전운전불이행,건조,맑음,단일로 - 기타,이륜,남,48세,중상,화물,남,76세,경상
2022100200100126,2022년 10월 2일 11시,일요일,경상남도 창원시 마산합포구 진전면,중상사고,0,1,1,0,차대사람 - 길가장자리구역통행중,안전운전불이행,건조,맑음,단일로 - 기타,승용,여,30세,상해없음,보행자,남,48세,중상
2022100200100127,2022년 10월 2일 11시,일요일,경상남도 통영시 무전동,경상사고,0,0,7,0,차대차 - 추돌,안전거리미확보,건조,맑음,단일로 - 기타,승용,남,41세,상해없음,승용,남,26세,경상
2022100200100128,2022년 10월 2일 11시,일요일,경상남도 남해군 미조면,부상신고사고,0,0,0,1,차대차 - 측면충돌,안전운전불이행,건조,맑음,단일로 - 기타,이륜,남,23세,부상신고,화물,남,75세,상해없음
2022100200100129,2022년 10월 2일 11시,일요일,경상남도 창원시 성산구 사파동,경상사고,0,0,1,0,차대차 - 정면충돌,안전운전불이행,건조,맑음,교차로 - 교차로안,승용,여,64세,상해없음,승용,남,34세,상해없음
2022100200100152,2022년 10월 2일 12시,일요일,경상남도 양산시 다방동,경상사고,0,0,2,1,차대차 - 측면충돌,안전운전불이행,건조,맑음,교차로 - 교차로안,승용,남,69세,부상신고,승용,남,65세,경상
2022100200100170,2022년 10월 2일 13시,일요일,경상남도 고성군 고성읍,경상사고,0,0,1,0,차대차 - 측면충돌,직진우회전진행방해,건조,맑음,교차로 - 교차로안,승용,여,43세,상해없음,이륜,남,68세,경상
2022100200100171,2022년 10월 2일 13시,일요일,경상남도 남해군 삼동면,중상사고,0,1,0,0,차대차 - 측면충돌,안전운전불이행,건조,맑음,단일로 - 기타,승용,남,50세,상해없음,이륜,남,46세,중상
2022100200100201,2022년 10월 2일 14시,일요일,경상남도 사천시 좌룡동,경상사고,0,0,2,0,차대차 - 측면충돌,안전운전불이행,건조,맑음,단일로 - 기타,승용,남,64세,상해없음,화물,남,36세,경상
2022100200100202,2022년 10월 2일 14시,일요일,경상남도 함양군 함양읍,중상사고,0,1,0,0,차대사람 - 횡단중,안전운전불이행,건조,맑음,교차로 - 교차로안,승용,남,41세,상해없음,보행자,남,10세,중상
2022100200100204,2022년 10월 2일 14시,일요일,경상남도 산청군 금서면,중상사고,0,2,2,0,차대차 - 추돌,안전운전불이행,건조,맑음,단일로 - 기타,승용,남,70세,상해없음,승용,남,39세,경상
2022100200100260,2022년 10월 2일 16시,일요일,경상남도 창원시 마산합포구 남성동,경상사고,0,0,1,0,차대차 - 정면충돌,안전운전불이행,건조,맑음,단일로 - 기타,승용,남,43세,상해없음,승용,남,41세,경상
2022100200100261,2022년 10월 2일 16시,일요일,경상남도 밀양시 내이동,경상사고,0,0,3,0,차대차 - 추돌,안전운전불이행,건조,맑음,단일로 - 기타,승용,남,58세,상해없음,승용,여,61세,상해없음
2022100200100262,2022년 10월 2일 16시,일요일,경상남도 창원시 의창구 명서동,경상사고,0,0,1,0,차대차 - 후진중충돌,안전운전불이행,건조,맑음,단일로 - 기타,화물,남,25세,상해없음,이륜,남,24세,경상
2022100200100327,2022년 10월 2일 18시,일요일,경상남도 창원시 마산합포구 산호동,경상사고,0,0,3,0,차대차 - 기타,안전운전불이행,건조,맑음,단일로 - 기타,승용,여,35세,상해없음,승용,남,19세,경상
2022100200100444,2022년 10월 2일 22시,일요일,경상남도 창원시 마산합포구 신포동1가,경상사고,0,0,1,0,차대차 - 후진중충돌,안전운전불이행,건조,맑음,교차로 - 교차로부근,승용,남,67세,상해없음,승용,남,46세,상해없음
2022100200100445,2022년 10월 2일 22시,일요일,경상남도 창원시 의창구 소답동,경상사고,0,0,1,0,차량단독 - 기타,기타,건조,맑음,단일로 - 기타,승합,남,52세,상해없음,,,,
2022100300100012,2022년 10월 3일 00시,월요일,경상남도 산청군 생초면,중상사고,0,4,0,0,차대차 - 정면충돌,중앙선침범,건조,맑음,단일로 - 기타,승용,남,39세,중상,승용,남,47세,중상
2022100300100057,2022년 10월 3일 05시,월요일,경상남도 통영시 도천동,경상사고,0,0,1,0,차대사람 - 기타,안전운전불이행,건조,맑음,단일로 - 기타,승용,여,63세,상해없음,보행자,여,63세,경상
2022100300100101,2022년 10월 3일 09시,월요일,경상남도 창원시 의창구 동정동,경상사고,0,0,2,0,차대차 - 측면충돌,안전운전불이행,건조,맑음,단일로 - 기타,화물,남,42세,상해없음,자전거,여,63세,경상
2022100300100124,2022년 10월 3일 10시,월요일,경상남도 사천시 사남면,중상사고,0,1,0,0,차대차 - 기타,안전운전불이행,건조,맑음,단일로 - 기타,승용,남,69세,상해없음,이륜,남,56세,중상
2022100300100125,2022년 10월 3일 10시,월요일,경상남도 창녕군 남지읍,중상사고,0,1,1,0,차대차 - 추돌,안전거리미확보,건조,맑음,단일로 - 기타,화물,남,45세,상해없음,승용,여,60세,경상
2022100300100126,2022년 10월 3일 10시,월요일,경상남도 하동군 진교면,중상사고,0,1,0,0,차대사람 - 기타,안전운전불이행,건조,맑음,단일로 - 기타,화물,남,73세,기타불명,보행자,여,82세,중상
2022100300100149,2022년 10월 3일 11시,월요일,경상남도 김해시 어방동,중상사고,0,1,0,0,차대차 - 측면충돌,안전운전불이행,건조,맑음,단일로 - 기타,원동기,남,46세,중상,화물,남,58세,상해없음
2022100300100178,2022년 10월 3일 12시,월요일,경상남도 합천군 가야면,부상신고사고,0,0,0,1,차량단독 - 전도전복 - 전도,안전운전불이행,젖음/습기,비,단일로 - 기타,승용,여,57세,부상신고,,,,
2022100300100204,2022년 10월 3일 13시,월요일,경상남도 고성군 고성읍,경상사고,0,0,2,0,차대차 - 기타,직진우회전진행방해,건조,맑음,교차로 - 교차로안,승용,남,59세,상해없음,승용,남,68세,경상
2022100300100236,2022년 10월 3일 14시,월요일,경상남도 밀양시 삼랑진읍,경상사고,0,0,2,0,차대차 - 측면충돌,안전운전불이행,건조,맑음,교차로 - 교차로안,승용,남,29세,상해없음,승용,남,38세,경상
2022100300100237,2022년 10월 3일 14시,월요일,경상남도 거창군 가북면,중상사고,0,1,0,0,차대차 - 측면충돌,교차로운행방법위반,건조,맑음,교차로 - 교차로안,농기계,남,81세,중상,화물,남,65세,상해없음
2022100300100263,2022년 10월 3일 15시,월요일,경상남도 고성군 마암면,경상사고,0,0,2,0,차대차 - 기타,안전거리미확보,건조,맑음,단일로 - 기타,화물,남,36세,상해없음,승용,남,46세,경상
2022100300100264,2022년 10월 3일 15시,월요일,경상남도 함안군 가야읍,중상사고,0,1,0,0,차대차 - 측면충돌,안전운전불이행,건조,맑음,단일로 - 기타,승용,남,61세,상해없음,이륜,남,24세,중상
2022100300100292,2022년 10월 3일 16시,월요일,경상남도 남해군 창선면,중상사고,0,1,0,0,차대차 - 측면충돌,교차로운행방법위반,건조,맑음,단일로 - 기타,승용,여,46세,상해없음,이륜,남,35세,중상
2022100300100293,2022년 10월 3일 16시,월요일,경상남도 김해시 관동동,중상사고,0,1,0,0,차대차 - 정면충돌,안전운전불이행,건조,맑음,교차로 - 교차로안,승용,남,67세,상해없음,승용,남,57세,중상
2022100300100324,2022년 10월 3일 17시,월요일,경상남도 밀양시 부북면,경상사고,0,0,1,0,차대차 - 측면충돌,안전운전불이행,건조,맑음,교차로 - 교차로안,승용,남,70세,상해없음,승용,여,32세,경상
2022100300100418,2022년 10월 3일 20시,월요일,경상남도 창원시 마산회원구 석전동,경상사고,0,0,1,0,차대차 - 측면충돌,안전운전불이행,건조,맑음,교차로 - 교차로안,승용,여,52세,상해없음,승용,여,27세,경상
2022100300100440,2022년 10월 3일 21시,월요일,경상남도 거제시 사등면,경상사고,0,0,2,0,차대차 - 기타,안전거리미확보,건조,맑음,단일로 - 교량,승용,남,60세,상해없음,승용,여,67세,경상
2022100400100010,2022년 10월 4일 00시,화요일,경상남도 김해시 삼정동,경상사고,0,0,1,0,차대차 - 추돌,안전운전불이행,건조,흐림,단일로 - 기타,이륜,남,49세,경상,승용,남,26세,상해없음
2022100400100018,2022년 10월 4일 01시,화요일,경상남도 양산시 물금읍,중상사고,0,1,0,0,차대차 - 기타,안전거리미확보,건조,맑음,교차로 - 교차로부근,이륜,남,17세,상해없음,이륜,남,24세,중상
2022100400100037,2022년 10월 4일 05시,화요일,경상남도 고성군 영오면,중상사고,0,1,0,0,차대차 - 추돌,안전운전불이행,건조,맑음,단일로 - 기타,승용,남,22세,상해없음,화물,남,41세,중상
2022100400100068,2022년 10월 4일 07시,화요일,경상남도 함양군 수동면,경상사고,0,0,1,0,차대차 - 측면충돌,교차로운행방법위반,젖음/습기,비,교차로 - 교차로안,화물,남,52세,상해없음,승용,남,32세,경상
2022100400100091,2022년 10월 4일 08시,화요일,경상남도 사천시 벌리동,사망사고,1,0,0,0,차대차 - 측면충돌,교차로운행방법위반,건조,맑음,교차로 - 교차로안,화물,남,53세,상해없음,이륜,남,77세,사망
2022100400100092,2022년 10월 4일 08시,화요일,경상남도 김해시 삼정동,경상사고,0,0,1,0,차대차 - 측면충돌,신호위반,건조,맑음,교차로 - 교차로안,승용,여,57세,상해없음,승용,여,31세,경상
2022100400100093,2022년 10월 4일 08시,화요일,경상남도 양산시 중부동,중상사고,0,1,0,0,차대차 - 측면충돌,신호위반,건조,맑음,교차로 - 교차로안,승용,남,21세,상해없음,승용,남,61세,중상
2022100400100094,2022년 10월 4일 08시,화요일,경상남도 산청군 산청읍,경상사고,0,0,1,0,차량단독 - 공작물충돌,안전운전불이행,젖음/습기,비,단일로 - 기타,화물,여,47세,경상,,,,
2022100400100095,2022년 10월 4일 08시,화요일,경상남도 의령군 의령읍,경상사고,0,0,1,0,차대사람 - 횡단중,안전거리미확보,젖음/습기,비,단일로 - 기타,자전거,여,67세,기타불명,보행자,여,81세,경상
2022100400100128,2022년 10월 4일 09시,화요일,경상남도 진주시 강남동,경상사고,0,0,3,0,차대차 - 기타,신호위반,건조,맑음,교차로 - 교차로안,승용,남,67세,상해없음,승용,남,63세,경상
2022100400100129,2022년 10월 4일 09시,화요일,경상남도 사천시 선구동,경상사고,0,0,1,0,차대차 - 기타,안전운전불이행,건조,흐림,교차로 - 교차로부근,화물,남,73세,상해없음,승용,여,30세,경상
2022100400100130,2022년 10월 4일 09시,화요일,경상남도 양산시 동면,중상사고,0,1,0,0,차대사람 - 횡단중,신호위반,젖음/습기,비,교차로 - 교차로횡단보도내,이륜,남,55세,상해없음,보행자,여,61세,중상
2022100400100131,2022년 10월 4일 09시,화요일,경상남도 창원시 성산구 안민동,경상사고,0,0,1,0,차대차 - 측면충돌,신호위반,건조,맑음,교차로 - 교차로안,승용,여,31세,상해없음,승용,남,32세,경상