사고번호,사고일시,요일,시군구,사고내용,사망자수,중상자수,경상자수,부상신고자수,사고유형,법규위반,노면상태,기상상태,도로형태,가해운전자 차종,가해운전자 성별,가해운전자 연령,가해운전자 상해정도,피해운전자 차종,피해운전자 성별,피해운전자 연령,피해운전자 상해정도
2022101200100167,2022년 10월 12일 09시,수요일,경상남도 창원시 마산회원구 내서읍,경상사고,0,0,1,0,차대차 - 측면충돌,안전운전불이행,건조,맑음,단일로 - 기타,승용,여,38세,상해없음,승용,남,37세,경상
2022101200100195,2022년 10월 12일 10시,수요일,경상남도 김해시 한림면,경상사고,0,0,1,0,차대차 - 측면충돌,안전운전불이행,건조,맑음,교차로 - 교차로안,이륜,남,76세,경상,승용,남,26세,상해없음
2022101200100232,2022년 10월 12일 11시,수요일,경상남도 김해시 삼정동,경상사고,0,0,1,0,차대차 - 측면충돌,안전운전불이행,건조,맑음,단일로 - 기타,승용,남,39세,상해없음,화물,남,58세,경상
2022101200100233,2022년 10월 12일 11시,수요일,경상남도 양산시 삼호동,경상사고,0,0,1,0,차대사람 - 횡단중,보행자보호의무위반,건조,맑음,단일로 - 기타,승용,남,25세,상해없음,보행자,여,70세,경상
2022101200100265,2022년 10월 12일 12시,수요일,경상남도 창원시 마산합포구 진동면,중상사고,0,1,3,0,차대차 - 측면충돌,안전거리미확보,건조,맑음,단일로 - 기타,승용,남,60세,상해없음,승용,여,35세,중상
2022101200100295,2022년 10월 12일 13시,수요일,경상남도 창원시 진해구 이동,경상사고,0,0,1,0,차대차 - 측면충돌,안전운전불이행,건조,맑음,교차로 - 교차로횡단보도내,승용,남,47세,상해없음,자전거,남,65세,경상
2022101200100296,2022년 10월 12일 13시,수요일,경상남도 창원시 진해구 장천동,경상사고,0,0,2,0,차대차 - 측면충돌,교차로운행방법위반,건조,맑음,교차로 - 교차로안,이륜,남,79세,경상,승용,남,27세,경상
2022101200100297,2022년 10월 12일 13시,수요일,경상남도 함양군 마천면,중상사고,0,1,0,0,차대차 - 측면충돌,안전운전불이행,건조,맑음,단일로 - 기타,화물,남,53세,상해없음,사륜오토바이(ATV),여,63세,중상
2022101200100332,2022년 10월 12일 14시,수요일,경상남도 창원시 마산합포구 월영동,경상사고,0,0,2,0,차대차 - 추돌,안전거리미확보,건조,맑음,교차로 - 교차로부근,화물,남,59세,상해없음,승용,남,22세,경상
2022101200100333,2022년 10월 12일 14시,수요일,경상남도 함양군 지곡면,중상사고,0,1,1,0,차대차 - 측면충돌,기타,건조,맑음,교차로 - 교차로부근,화물,남,59세,상해없음,농기계,남,77세,중상
2022101200100334,2022년 10월 12일 14시,수요일,경상남도 양산시 물금읍,중상사고,0,1,0,0,차대차 - 측면충돌,교차로운행방법위반,건조,맑음,교차로 - 교차로안,승용,남,62세,상해없음,이륜,남,51세,중상
2022101200100335,2022년 10월 12일 14시,수요일,경상남도 양산시 상북면,경상사고,0,0,2,0,차대차 - 측면충돌,교차로운행방법위반,건조,맑음,교차로 - 교차로안,화물,남,56세,상해없음,승용,남,67세,경상
2022101200100336,2022년 10월 12일 14시,수요일,경상남도 창원시 마산회원구 구암동,경상사고,0,0,1,0,차대사람 - 횡단중,안전운전불이행,건조,맑음,교차로 - 교차로부근,승용,남,75세,상해없음,보행자,남,69세,경상
2022101200100371,2022년 10월 12일 15시,수요일,경상남도 밀양시 삼문동,중상사고,0,1,0,0,차대사람 - 길가장자리구역통행중,안전운전불이행,건조,맑음,단일로 - 기타,승용,여,45세,상해없음,보행자,여,15세,중상
2022101200100372,2022년 10월 12일 15시,수요일,경상남도 창원시 마산합포구 산호동,경상사고,0,0,1,0,차대차 - 기타,안전운전불이행,건조,맑음,단일로 - 기타,승용,남,30세,상해없음,승용,여,34세,경상
2022101200100405,2022년 10월 12일 16시,수요일,경상남도 양산시 동면,경상사고,0,0,1,1,차대차 - 측면충돌,교차로운행방법위반,건조,맑음,교차로 - 교차로안,승용,남,39세,부상신고,승용,남,47세,경상
2022101200100406,2022년 10월 12일 16시,수요일,경상남도 양산시 명동,경상사고,0,0,1,0,차대차 - 측면충돌,직진우회전진행방해,건조,맑음,교차로 - 교차로안,승합,남,58세,상해없음,이륜,남,18세,경상
2022101200100454,2022년 10월 12일 17시,수요일,경상남도 밀양시 삼문동,경상사고,0,0,1,0,차대사람 - 횡단중,안전운전불이행,건조,맑음,단일로 - 기타,승용,여,26세,상해없음,보행자,여,7세,경상
2022101200100455,2022년 10월 12일 17시,수요일,경상남도 양산시 주남동,경상사고,0,0,1,0,차대차 - 기타,직진우회전진행방해,건조,맑음,교차로 - 교차로안,승용,여,26세,상해없음,승용,여,61세,경상
2022101200100498,2022년 10월 12일 18시,수요일,경상남도 통영시 문화동,경상사고,0,0,1,0,차대차 - 측면충돌,신호위반,건조,맑음,단일로 - 기타,승용,여,47세,상해없음,이륜,남,65세,경상
2022101200100551,2022년 10월 12일 19시,수요일,경상남도 김해시 삼방동,경상사고,0,0,1,0,차대차 - 측면충돌,중앙선침범,건조,맑음,교차로 - 교차로안,이륜,남,20세,상해없음,이륜,남,25세,경상
2022101200100552,2022년 10월 12일 19시,수요일,경상남도 거제시 하청면,중상사고,0,1,0,0,차대사람 - 횡단중,보행자보호의무위반,건조,맑음,교차로 - 교차로횡단보도내,승용,여,57세,상해없음,보행자,여,95세,중상
2022101200100614,2022년 10월 12일 21시,수요일,경상남도 거제시 고현동,중상사고,0,1,1,0,차대차 - 측면충돌,안전운전불이행,건조,맑음,교차로 - 교차로안,승용,남,65세,상해없음,승용,여,63세,상해없음
2022101200100634,2022년 10월 12일 22시,수요일,경상남도 남해군 고현면,중상사고,0,1,1,1,차대차 - 정면충돌,중앙선침범,건조,맑음,단일로 - 기타,화물,남,73세,경상,승용,여,69세,중상
2022101200100635,2022년 10월 12일 22시,수요일,경상남도 김해시 한림면,경상사고,0,0,1,0,차량단독 - 도로외이탈 - 추락,안전운전불이행,건조,맑음,단일로 - 기타,승합,남,59세,경상,,,,
2022101200100650,2022년 10월 12일 23시,수요일,경상남도 창원시 성산구 외동,경상사고,0,0,2,0,차대차 - 측면충돌,신호위반,건조,맑음,교차로 - 교차로안,승용,남,59세,상해없음,승용,남,36세,상해없음
2022101200100651,2022년 10월 12일 23시,수요일,경상남도 창원시 의창구 동정동,중상사고,0,1,0,0,차량단독 - 기타,안전운전불이행,건조,맑음,기타 - 기타,승합,남,37세,기타불명,,,,
2022101300100016,2022년 10월 13일 01시,목요일,경상남도 김해시 어방동,부상신고사고,0,0,0,1,차량단독 - 공작물충돌,안전운전불이행,건조,맑음,단일로 - 기타,승용,남,19세,상해없음,,,,
2022101300100058,2022년 10월 13일 06시,목요일,경상남도 양산시 물금읍,경상사고,0,0,2,0,차대차 - 측면충돌,교차로운행방법위반,건조,맑음,교차로 - 교차로안,승용,여,61세,상해없음,승합,남,60세,경상
2022101300100079,2022년 10월 13일 07시,목요일,경상남도 창원시 마산합포구 상남동,경상사고,0,0,1,0,차대차 - 측면충돌,신호위반,건조,맑음,교차로 - 교차로안,승용,남,29세,상해없음,승용,남,28세,경상
2022101300100080,2022년 10월 13일 07시,목요일,경상남도 사천시 정동면,경상사고,0,0,1,0,차대차 - 측면충돌,신호위반,건조,맑음,교차로 - 교차로안,화물,남,54세,상해없음,승용,여,59세,경상
2022101300100081,2022년 10월 13일 07시,목요일,경상남도 밀양시 삼문동,중상사고,0,1,0,0,차대차 - 측면충돌,안전운전불이행,건조,맑음,교차로 - 교차로안,이륜,남,62세,중상,화물,남,70세,상해없음
2022101300100082,2022년 10월 13일 07시,목요일,경상남도 고성군 고성읍,중상사고,0,1,0,0,차대차 - 추돌,안전운전불이행,건조,맑음,교차로 - 교차로부근,화물,남,65세,상해없음,승용,남,47세,중상
2022101300100130,2022년 10월 13일 08시,목요일,경상남도 거제시 고현동,중상사고,0,1,4,0,차대차 - 추돌,안전운전불이행,건조,맑음,단일로 - 기타,승용,여,42세,상해없음,이륜,남,56세,중상
2022101300100131,2022년 10월 13일 08시,목요일,경상남도 창원시 의창구 도계동,경상사고,0,0,1,0,차대차 - 기타,교차로운행방법위반,건조,맑음,교차로 - 교차로안,승용,남,74세,상해없음,승합,남,60세,상해없음
2022101300100165,2022년 10월 13일 09시,목요일,경상남도 밀양시 단장면,경상사고,0,0,1,0,차량단독 - 전도전복 - 전도,안전운전불이행,건조,맑음,교차로 - 교차로안,사륜오토바이(ATV),남,75세,경상,,,,
2022101300100190,2022년 10월 13일 10시,목요일,경상남도 밀양시 상남면,경상사고,0,0,1,3,차대차 - 기타,기타,건조,맑음,단일로 - 기타,화물,남,57세,상해없음,승용,남,36세,부상신고
2022101300100239,2022년 10월 13일 11시,목요일,경상남도 산청군 차황면,경상사고,0,0,1,0,차대차 - 측면충돌,기타,건조,맑음,단일로 - 기타,승용,여,62세,경상,화물,남,67세,상해없음
2022101300100300,2022년 10월 13일 13시,목요일,경상남도 진주시 대평면,경상사고,0,0,1,0,차대차 - 기타,중앙선침범,건조,맑음,단일로 - 기타,승용,남,53세,상해없음,승용,여,70세,경상
2022101300100301,2022년 10월 13일 13시,목요일,경상남도 창원시 성산구 상남동,중상사고,0,1,0,0,차대차 - 기타,교차로운행방법위반,건조,맑음,단일로 - 기타,승용,남,39세,상해없음,이륜,남,26세,중상
2022101300100367,2022년 10월 13일 15시,목요일,경상남도 창원시 진해구 이동,경상사고,0,0,1,0,차대차 - 측면충돌,안전운전불이행,건조,맑음,교차로 - 교차로안,개인형이동수단(PM),남,31세,경상,승용,여,57세,상해없음
2022101300100368,2022년 10월 13일 15시,목요일,경상남도 통영시 항남동,경상사고,0,0,1,0,차대차 - 측면충돌,안전운전불이행,건조,맑음,교차로 - 교차로안,승합,남,56세,상해없음,승용,남,42세,경상
2022101300100369,2022년 10월 13일 15시,목요일,경상남도 김해시 삼문동,중상사고,0,1,0,0,차대차 - 기타,안전운전불이행,건조,맑음,교차로 - 교차로부근,승용,여,39세,상해없음,개인형이동수단(PM),남,45세,중상
2022101300100370,2022년 10월 13일 15시,목요일,경상남도 함안군 산인면,경상사고,0,0,2,0,차대차 - 추돌,안전운전불이행,건조,맑음,단일로 - 기타,화물,남,55세,경상,화물,남,50세,경상
2022101300100389,2022년 10월 13일 16시,목요일,경상남도 양산시 하북면,경상사고,0,0,2,0,차대차 - 추돌,안전거리미확보,건조,맑음,단일로 - 기타,화물,남,67세,상해없음,승용,여,42세,경상
2022101300100406,2022년 10월 13일 16시,목요일,경상남도 양산시 물금읍,경상사고,0,0,1,0,차대차 - 추돌,안전운전불이행,건조,맑음,단일로 - 기타,건설기계,남,60세,상해없음,승용,남,69세,경상
2022101300100407,2022년 10월 13일 16시,목요일,경상남도 양산시 동면,중상사고,0,1,0,0,차대사람 - 기타,신호위반,건조,맑음,단일로 - 기타,승용,남,64세,상해없음,보행자,여,9세,중상
2022101300100408,2022년 10월 13일 16시,목요일,경상남도 양산시 삼호동,경상사고,0,0,2,0,차대차 - 정면충돌,안전운전불이행,건조,맑음,교차로 - 교차로안,승용,여,53세,상해없음,승용,남,55세,경상
2022101300100462,2022년 10월 13일 17시,목요일,경상남도 창원시 진해구 용원동,경상사고,0,0,1,0,차대차 - 기타,교차로운행방법위반,건조,맑음,교차로 - 교차로안,승용,남,61세,상해없음,이륜,남,51세,경상
2022101300100463,2022년 10월 13일 17시,목요일,경상남도 양산시 물금읍,중상사고,0,1,0,0,차대차 - 기타,중앙선침범,건조,맑음,교차로 - 교차로부근,승용,남,61세,상해없음,이륜,남,18세,중상
2022101300100464,2022년 10월 13일 17시,목요일,경상남도 창원시 성산구 신촌동,중상사고,0,1,0,0,차대차 - 측면충돌,교차로운행방법위반,건조,맑음,단일로 - 기타,화물,남,66세,상해없음,자전거,남,67세,중상
2022101300100465,2022년 10월 13일 17시,목요일,경상남도 창원시 의창구 사림동,사망사고,1,0,0,0,차대차 - 정면충돌,중앙선침범,건조,맑음,교차로 - 교차로부근,개인형이동수단(PM),여,66세,사망,승합,남,28세,상해없음
2022101300100512,2022년 10월 13일 18시,목요일,경상남도 김해시 삼정동,경상사고,0,0,1,0,차대차 - 측면충돌,신호위반,건조,맑음,교차로 - 교차로안,승용,남,50세,기타불명,승용,여,59세,경상
2022101300100513,2022년 10월 13일 18시,목요일,경상남도 김해시 내동,경상사고,0,0,2,0,차대차 - 추돌,안전거리미확보,건조,맑음,단일로 - 기타,승용,여,67세,경상,특수,남,52세,경상
2022101300100514,2022년 10월 13일 18시,목요일,경상남도 양산시 동면,사망사고,1,0,0,0,차대차 - 기타,기타,건조,맑음,단일로 - 기타,승용,남,55세,상해없음,자전거,남,61세,사망
2022101300100515,2022년 10월 13일 18시,목요일,경상남도 창원시 의창구 소답동,경상사고,0,0,1,0,차대사람 - 기타,안전운전불이행,건조,맑음,단일로 - 기타,승용,남,70세,상해없음,보행자,남,7세,경상
2022101300100557,2022년 10월 13일 19시,목요일,경상남도 진주시 평거동,중상사고,0,1,0,0,차대사람 - 횡단중,안전운전불이행,건조,맑음,교차로 - 교차로안,승용,남,39세,상해없음,보행자,여,68세,중상
2022101300100558,2022년 10월 13일 19시,목요일,경상남도 의령군 유곡면,중상사고,0,1,2,0,차대차 - 추돌,기타,건조,맑음,단일로 - 기타,화물,남,68세,경상,화물,남,66세,중상
2022101300100591,2022년 10월 13일 20시,목요일,경상남도 창원시 의창구 팔용동,경상사고,0,0,1,0,차대차 - 측면충돌,안전운전불이행,건조,맑음,단일로 - 기타,승용,남,56세,상해없음,승용,남,31세,경상
2022101300100623,2022년 10월 13일 21시,목요일,경상남도 창원시 진해구 석동,경상사고,0,0,1,0,차대차 - 기타,안전운전불이행,건조,맑음,교차로 - 교차로안,승용,남,67세,상해없음,승용,남,22세,경상
2022101300100639,2022년 10월 13일 22시,목요일,경상남도 양산시 물금읍,중상사고,0,1,0,0,차대차 - 측면충돌,신호위반,건조,맑음,교차로 - 교차로안,승용,남,33세,상해없음,이륜,남,35세,중상
2022101300100640,2022년 10월 13일 22시,목요일,경상남도 양산시 물금읍,경상사고,0,0,1,0,차대차 - 기타,안전운전불이행,건조,맑음,단일로 - 기타,승용,여,49세,상해없음,승합,여,53세,경상
2022101400100007,2022년 10월 14일 00시,금요일,경상남도 양산시 명동,중상사고,0,2,0,0,차대차 - 정면충돌,안전운전불이행,건조,맑음,교차로 - 교차로안,화물,남,41세,기타불명,이륜,남,16세,기타불명
2022101400100051,2022년 10월 14일 06시,금요일,경상남도 진주시 금산면,경상사고,0,0,1,0,차대사람 - 기타,안전운전불이행,건조,맑음,단일로 - 기타,승용,남,51세,상해없음,보행자,여,74세,경상
2022101400100052,2022년 10월 14일 06시,금요일,경상남도 창원시 진해구 두동,중상사고,0,1,1,0,차대차 - 기타,중앙선침범,건조,맑음,단일로 - 기타,승합,남,71세,상해없음,승합,남,58세,경상
2022101400100053,2022년 10월 14일 06시,금요일,경상남도 밀양시 삼문동,중상사고,0,1,0,0,차대차 - 측면충돌,안전운전불이행,건조,맑음,교차로 - 교차로안,승용,남,51세,상해없음,자전거,여,61세,중상
2022101400100112,2022년 10월 14일 08시,금요일,경상남도 김해시 전하동,경상사고,0,0,1,0,차대차 - 측면충돌,교차로운행방법위반,건조,맑음,교차로 - 교차로안,승용,남,74세,상해없음,승용,여,35세,경상
2022101400100113,2022년 10월 14일 08시,금요일,경상남도 합천군 합천읍,중상사고,0,1,0,0,차대차 - 기타,직진우회전진행방해,건조,맑음,교차로 - 교차로안,승용,여,40세,상해없음,자전거,남,56세,중상
2022101400100171,2022년 10월 14일 10시,금요일,경상남도 합천군 대병면,중상사고,0,1,0,0,차대사람 - 차도통행중,안전운전불이행,건조,맑음,단일로 - 기타,이륜,남,82세,상해없음,보행자,여,63세,중상
2022101400100172,2022년 10월 14일 10시,금요일,경상남도 거제시 고현동,중상사고,0,1,0,0,차대사람 - 횡단중,보행자보호의무위반,건조,맑음,교차로 - 교차로횡단보도내,승용,남,28세,상해없음,보행자,여,54세,중상
2022101400100205,2022년 10월 14일 11시,금요일,경상남도 양산시 물금읍,경상사고,0,0,1,0,차대차 - 측면충돌,안전운전불이행,건조,맑음,단일로 - 기타,승용,남,47세,상해없음,원동기,남,36세,경상
2022101400100206,2022년 10월 14일 11시,금요일,경상남도 거제시 아주동,경상사고,0,0,1,0,차대차 - 기타,안전거리미확보,건조,맑음,단일로 - 기타,승용,남,61세,상해없음,승용,남,29세,경상
2022101400100236,2022년 10월 14일 12시,금요일,경상남도 통영시 용남면,경상사고,0,0,1,0,차대차 - 측면충돌,교차로운행방법위반,건조,맑음,교차로 - 교차로안,승용,여,68세,상해없음,승용,여,44세,경상
2022101400100285,2022년 10월 14일 13시,금요일,경상남도 창원시 의창구 명서동,경상사고,0,0,1,0,차대차 - 측면충돌,직진우회전진행방해,건조,맑음,교차로 - 교차로안,승용,남,35세,상해없음,자전거,남,66세,경상
2022101400100286,2022년 10월 14일 13시,금요일,경상남도 창원시 의창구 봉곡동,중상사고,0,1,3,0,차대차 - 측면충돌,교차로운행방법위반,건조,맑음,교차로 - 교차로안,화물,남,58세,상해없음,승합,남,35세,중상
2022101400100287,2022년 10월 14일 13시,금요일,경상남도 김해시 진영읍,경상사고,0,0,2,0,차대차 - 측면충돌,중앙선침범,건조,맑음,단일로 - 기타,승용,남,62세,상해없음,승용,남,31세,경상
2022101400100323,2022년 10월 14일 14시,금요일,경상남도 창원시 진해구 경화동,중상사고,0,1,0,0,차대차 - 측면충돌,신호위반,건조,맑음,교차로 - 교차로안,승용,여,49세,상해없음,이륜,남,56세,중상
2022101400100324,2022년 10월 14일 14시,금요일,경상남도 밀양시 내이동,경상사고,0,0,1,0,차대사람 - 횡단중,안전운전불이행,건조,맑음,교차로 - 교차로안,화물,남,87세,상해없음,보행자,여,84세,경상
2022101400100361,2022년 10월 14일 15시,금요일,경상남도 사천시 대방동,중상사고,0,1,0,0,차대차 - 측면충돌,안전운전불이행,건조,맑음,단일로 - 교량,승합,남,47세,상해없음,자전거,남,58세,중상
2022101400100362,2022년 10월 14일 15시,금요일,경상남도 사천시 용현면,중상사고,0,1,0,0,차대사람 - 기타,안전운전불이행,건조,맑음,단일로 - 기타,승용,남,60세,상해없음,보행자,남,8세,중상
2022101400100363,2022년 10월 14일 15시,금요일,경상남도 김해시 부원동,경상사고,0,0,1,0,차대차 - 기타,안전운전불이행,건조,맑음,교차로 - 교차로안,승용,여,59세,상해없음,기타불명,여,76세,경상
2022101400100408,2022년 10월 14일 16시,금요일,경상남도 창원시 진해구 북부동,경상사고,0,0,1,0,차대차 - 추돌,안전운전불이행,건조,맑음,교차로 - 교차로부근,승용,남,48세,상해없음,승용,남,31세,경상
2022101400100409,2022년 10월 14일 16시,금요일,경상남도 밀양시 삼문동,중상사고,0,1,0,0,차대차 - 측면충돌,안전운전불이행,건조,맑음,교차로 - 교차로횡단보도내,승용,여,62세,상해없음,자전거,남,72세,중상
2022101400100410,2022년 10월 14일 16시,금요일,경상남도 함양군 함양읍,중상사고,0,1,0,0,차대차 - 측면충돌,교차로운행방법위반,건조,맑음,교차로 - 교차로안,건설기계,남,40세,상해없음,승용,남,43세,중상
2022101400100411,2022년 10월 14일 16시,금요일,경상남도 고성군 마암면,사망사고,1,0,0,0,차대차 - 추돌,안전거리미확보,건조,맑음,단일로 - 기타,화물,남,64세,사망,특수,남,61세,상해없음
2022101400100412,2022년 10월 14일 16시,금요일,경상남도 함안군 가야읍,경상사고,0,0,1,0,차대차 - 측면충돌,신호위반,건조,맑음,교차로 - 교차로안,승용,여,58세,상해없음,승용,여,41세,경상
2022101400100413,2022년 10월 14일 16시,금요일,경상남도 창원시 의창구 봉곡동,경상사고,0,0,3,0,차대차 - 측면충돌,차로위반,건조,맑음,교차로 - 교차로부근,화물,남,59세,상해없음,승용,남,28세,경상
2022101400100463,2022년 10월 14일 17시,금요일,경상남도 통영시 중앙동,경상사고,0,0,1,0,차대차 - 추돌,안전운전불이행,건조,맑음,단일로 - 기타,승용,남,62세,상해없음,이륜,남,55세,경상
2022101400100464,2022년 10월 14일 17시,금요일,경상남도 밀양시 삼문동,중상사고,0,1,0,0,차대사람 - 횡단중,보행자보호의무위반,건조,맑음,교차로 - 교차로횡단보도내,승용,남,56세,상해없음,보행자,남,76세,중상
2022101400100505,2022년 10월 14일 18시,금요일,경상남도 양산시 산막동,경상사고,0,0,1,0,차대차 - 측면충돌,차로위반,건조,맑음,단일로 - 기타,특수,남,57세,상해없음,승용,남,36세,경상
2022101400100545,2022년 10월 14일 18시,금요일,경상남도 양산시 물금읍,중상사고,0,1,0,0,차대차 - 측면충돌,기타,건조,맑음,교차로 - 교차로부근,승용,남,15세,상해없음,자전거,남,65세,중상
2022101400100546,2022년 10월 14일 18시,금요일,경상남도 거제시 고현동,중상사고,0,1,0,0,차대차 - 기타,중앙선침범,건조,맑음,교차로 - 교차로안,승용,남,28세,상해없음,자전거,남,29세,중상
2022101400100547,2022년 10월 14일 18시,금요일,경상남도 창원시 의창구 중동,경상사고,0,0,1,0,차대차 - 측면충돌,교차로운행방법위반,건조,맑음,교차로 - 교차로안,승용,남,69세,상해없음,이륜,남,27세,경상
2022101400100548,2022년 10월 14일 18시,금요일,경상남도 창원시 의창구 명서동,경상사고,0,0,3,0,차대차 - 측면충돌,교차로운행방법위반,건조,맑음,교차로 - 교차로안,승용,남,67세,상해없음,승용,여,55세,경상
2022101400100623,2022년 10월 14일 20시,금요일,경상남도 통영시 항남동,경상사고,0,0,3,0,차대차 - 정면충돌,안전운전불이행,건조,맑음,교차로 - 교차로안,승용,남,43세,경상,화물,남,65세,상해없음
2022101400100624,2022년 10월 14일 20시,금요일,경상남도 창원시 마산합포구 산호동,경상사고,0,0,1,0,차대차 - 측면충돌,안전운전불이행,건조,맑음,교차로 - 교차로부근,승용,남,67세,상해없음,승용,남,26세,경상
2022101400100697,2022년 10월 14일 23시,금요일,경상남도 김해시 구산동,경상사고,0,0,1,0,차대사람 - 횡단중,보행자보호의무위반,건조,맑음,단일로 - 기타,승용,남,36세,상해없음,보행자,남,47세,경상
2022101500100009,2022년 10월 15일 00시,토요일,경상남도 사천시 벌리동,사망사고,1,1,0,0,차대차 - 측면충돌,불법유턴,건조,맑음,교차로 - 교차로안,승용,여,48세,상해없음,원동기,남,16세,중상
2022101500100010,2022년 10월 15일 00시,토요일,경상남도 김해시 삼정동,중상사고,0,1,0,0,차대차 - 기타,신호위반,건조,맑음,교차로 - 교차로안,승용,남,30세,상해없음,이륜,남,64세,중상
2022101500100069,2022년 10월 15일 07시,토요일,경상남도 거제시 사등면,중상사고,0,1,0,0,차대차 - 추돌,안전운전불이행,건조,맑음,단일로 - 기타,승용,남,59세,상해없음,자전거,남,33세,중상
2022101500100070,2022년 10월 15일 07시,토요일,경상남도 창원시 마산합포구 산호동,경상사고,0,0,1,0,차량단독 - 기타,안전운전불이행,건조,맑음,단일로 - 기타,승합,여,57세,상해없음,,,,
2022101500100083,2022년 10월 15일 08시,토요일,경상남도 하동군 금남면,경상사고,0,0,1,0,차대차 - 측면충돌,신호위반,건조,맑음,교차로 - 교차로안,승용,남,87세,상해없음,승용,여,49세,경상
2022101500100084,2022년 10월 15일 08시,토요일,경상남도 거제시 장평동,중상사고,0,1,0,0,차대차 - 측면충돌,교차로운행방법위반,건조,맑음,교차로 - 교차로안,승용,여,51세,상해없음,자전거,남,69세,중상
2022101500100105,2022년 10월 15일 09시,토요일,경상남도 거창군 거창읍,중상사고,0,1,0,0,차대차 - 측면충돌,안전운전불이행,건조,맑음,교차로 - 교차로부근,자전거,남,83세,중상,승용,여,41세,상해없음
2022101500100106,2022년 10월 15일 09시,토요일,경상남도 김해시 율하동,중상사고,0,1,0,0,차대차 - 측면충돌,중앙선침범,건조,맑음,교차로 - 교차로부근,승용,여,41세,상해없음,이륜,남,25세,중상
2022101500100177,2022년 10월 15일 11시,토요일,경상남도 양산시 물금읍,경상사고,0,0,1,1,차대차 - 추돌,안전운전불이행,건조,맑음,교차로 - 교차로부근,이륜,남,57세,부상신고,승용,여,34세,경상
2022101500100178,2022년 10월 15일 11시,토요일,경상남도 양산시 원동면,중상사고,0,1,0,0,차대차 - 측면충돌,안전운전불이행,건조,맑음,단일로 - 기타,승용,남,52세,상해없음,자전거,남,56세,중상
2022101500100179,2022년 10월 15일 11시,토요일,경상남도 산청군 산청읍,중상사고,0,1,0,0,차대차 - 기타,안전운전불이행,건조,맑음,단일로 - 기타,승용,남,60세,상해없음,이륜,남,82세,중상
2022101500100216,2022년 10월 15일 12시,토요일,경상남도 밀양시 내일동,경상사고,0,0,1,0,차대차 - 추돌,안전운전불이행,건조,맑음,교차로 - 교차로안,승용,여,40세,상해없음,승용,여,38세,경상
2022101500100240,2022년 10월 15일 13시,토요일,경상남도 김해시 대동면,경상사고,0,0,4,1,차대차 - 측면충돌,안전운전불이행,건조,맑음,단일로 - 터널,승용,남,48세,상해없음,승용,여,40세,경상
2022101500100257,2022년 10월 15일 13시,토요일,경상남도 통영시 광도면,경상사고,0,0,1,0,차대차 - 측면충돌,안전운전불이행,건조,맑음,교차로 - 교차로부근,이륜,남,54세,상해없음,승용,남,61세,경상
2022101500100258,2022년 10월 15일 13시,토요일,경상남도 산청군 산청읍,중상사고,0,1,1,0,차대차 - 기타,안전운전불이행,건조,맑음,단일로 - 기타,승용,남,81세,경상,승용,기타불명,미분류,기타불명
2022101500100259,2022년 10월 15일 13시,토요일,경상남도 창원시 마산회원구 석전동,경상사고,0,0,1,0,차대사람 - 횡단중,보행자보호의무위반,건조,맑음,교차로 - 교차로횡단보도내,승용,여,34세,상해없음,보행자,남,74세,경상
2022101500100301,2022년 10월 15일 14시,토요일,경상남도 남해군 고현면,부상신고사고,0,0,0,1,차량단독 - 공작물충돌,안전운전불이행,건조,맑음,교차로 - 교차로안,이륜,남,49세,부상신고,,,,
2022101500100341,2022년 10월 15일 15시,토요일,경상남도 통영시 정량동,중상사고,0,1,0,0,차대사람 - 횡단중,안전운전불이행,건조,맑음,교차로 - 교차로부근,화물,남,50세,기타불명,보행자,여,62세,중상
2022101500100342,2022년 10월 15일 15시,토요일,경상남도 김해시 구산동,중상사고,0,1,0,0,차대사람 - 보도통행중,기타,건조,맑음,기타 - 기타,승용,남,48세,상해없음,보행자,여,49세,중상
2022101500100343,2022년 10월 15일 15시,토요일,경상남도 함안군 가야읍,경상사고,0,0,3,0,차대차 - 측면충돌,교차로운행방법위반,건조,맑음,교차로 - 교차로부근,건설기계,남,63세,상해없음,승용,남,49세,경상
2022101500100344,2022년 10월 15일 15시,토요일,경상남도 창원시 의창구 동읍,경상사고,0,0,1,0,차대차 - 기타,신호위반,건조,맑음,교차로 - 교차로안,승용,남,61세,상해없음,화물,남,53세,경상
2022101500100389,2022년 10월 15일 16시,토요일,경상남도 통영시 무전동,경상사고,0,0,1,0,차대차 - 측면충돌,안전운전불이행,건조,맑음,단일로 - 기타,승용,여,47세,기타불명,승용,여,32세,경상
2022101500100390,2022년 10월 15일 16시,토요일,경상남도 함안군 함안면,경상사고,0,0,3,0,차대차 - 측면충돌,안전운전불이행,건조,맑음,기타 - 기타,화물,남,56세,기타불명,승용,남,40세,경상