사고번호,사고일시,요일,시군구,사고내용,사망자수,중상자수,경상자수,부상신고자수,사고유형,법규위반,노면상태,기상상태,도로형태,가해운전자 차종,가해운전자 성별,가해운전자 연령,가해운전자 상해정도,피해운전자 차종,피해운전자 성별,피해운전자 연령,피해운전자 상해정도
2022101500100430,2022년 10월 15일 17시,토요일,경상남도 진주시 초전동,경상사고,0,0,4,0,차대차 - 측면충돌,교차로운행방법위반,건조,맑음,교차로 - 교차로안,승용,남,65세,상해없음,승용,남,25세,경상
2022101500100431,2022년 10월 15일 17시,토요일,경상남도 통영시 평림동,중상사고,0,1,3,0,차대차 - 추돌,안전운전불이행,건조,맑음,단일로 - 기타,승용,여,47세,기타불명,승용,여,23세,경상
2022101500100432,2022년 10월 15일 17시,토요일,경상남도 함양군 함양읍,경상사고,0,0,2,0,차대차 - 측면충돌,교차로운행방법위반,건조,맑음,교차로 - 교차로안,승용,남,61세,상해없음,화물,남,68세,경상
2022101500100476,2022년 10월 15일 18시,토요일,경상남도 통영시 광도면,경상사고,0,0,1,0,차대사람 - 횡단중,안전운전불이행,건조,맑음,단일로 - 기타,승용,남,34세,상해없음,보행자,여,8세,경상
2022101500100477,2022년 10월 15일 18시,토요일,경상남도 사천시 용현면,중상사고,0,4,2,0,차대차 - 추돌,안전운전불이행,건조,맑음,교차로 - 교차로부근,승용,남,47세,상해없음,승용,남,25세,경상
2022101500100478,2022년 10월 15일 18시,토요일,경상남도 창원시 마산회원구 석전동,경상사고,0,0,1,0,차대차 - 기타,안전운전불이행,건조,기타,단일로 - 기타,승용,여,21세,상해없음,승용,남,55세,경상
2022101500100479,2022년 10월 15일 18시,토요일,경상남도 창원시 의창구 봉곡동,중상사고,0,1,0,0,차대사람 - 기타,보행자보호의무위반,건조,맑음,단일로 - 기타,화물,남,62세,상해없음,보행자,여,58세,중상
2022101500100539,2022년 10월 15일 20시,토요일,경상남도 창원시 진해구 이동,경상사고,0,0,2,0,차대차 - 측면충돌,직진우회전진행방해,건조,맑음,교차로 - 교차로안,승용,남,52세,상해없음,개인형이동수단(PM),여,15세,경상
2022101500100540,2022년 10월 15일 20시,토요일,경상남도 양산시 하북면,중상사고,0,1,0,0,차대사람 - 기타,안전운전불이행,건조,맑음,단일로 - 기타,승용,남,36세,상해없음,보행자,남,53세,중상
2022101500100570,2022년 10월 15일 21시,토요일,경상남도 사천시 벌리동,중상사고,0,1,0,0,차대차 - 측면충돌,교차로운행방법위반,건조,맑음,교차로 - 교차로안,이륜,남,55세,중상,승용,남,50세,상해없음
2022101500100571,2022년 10월 15일 21시,토요일,경상남도 사천시 사천읍,중상사고,0,1,0,0,차대차 - 측면충돌,안전운전불이행,건조,맑음,교차로 - 교차로안,승용,남,28세,상해없음,승용,여,58세,중상
2022101500100595,2022년 10월 15일 22시,토요일,경상남도 진주시 명석면,경상사고,0,0,4,0,차대차 - 추돌,안전운전불이행,건조,맑음,단일로 - 기타,승용,여,57세,상해없음,승용,여,41세,경상
2022101500100596,2022년 10월 15일 22시,토요일,경상남도 사천시 벌리동,경상사고,0,0,1,0,차대차 - 측면충돌,안전운전불이행,건조,맑음,단일로 - 기타,승용,남,47세,상해없음,이륜,남,24세,경상
2022101600100053,2022년 10월 16일 04시,일요일,경상남도 거제시 아주동,중상사고,0,2,0,0,차대차 - 측면충돌,신호위반,건조,맑음,교차로 - 교차로안,승용,남,54세,상해없음,승용,여,63세,중상
2022101600100054,2022년 10월 16일 04시,일요일,경상남도 거제시 옥포동,중상사고,0,1,0,0,차대사람 - 차도통행중,안전운전불이행,건조,맑음,교차로 - 교차로부근,이륜,남,17세,상해없음,보행자,남,69세,중상
2022101600100055,2022년 10월 16일 04시,일요일,경상남도 창원시 마산회원구 내서읍,중상사고,0,1,0,0,차대차 - 측면충돌,안전운전불이행,건조,기타,단일로 - 기타,승용,남,34세,상해없음,특수,남,56세,기타불명
2022101600100064,2022년 10월 16일 05시,일요일,경상남도 김해시 삼계동,경상사고,0,0,1,0,차대차 - 측면충돌,신호위반,건조,맑음,교차로 - 교차로안,승용,남,45세,상해없음,승합,남,43세,경상
2022101600100075,2022년 10월 16일 06시,일요일,경상남도 김해시 풍유동,사망사고,1,0,0,0,차대차 - 추돌,안전운전불이행,건조,맑음,단일로 - 기타,승합,남,62세,상해없음,원동기,남,66세,사망
2022101600100084,2022년 10월 16일 07시,일요일,경상남도 거제시 연초면,경상사고,0,0,1,0,차량단독 - 공작물충돌,안전운전불이행,건조,맑음,단일로 - 기타,원동기,남,18세,경상,,,,
2022101600100109,2022년 10월 16일 09시,일요일,경상남도 창녕군 성산면,중상사고,0,1,1,0,차대차 - 측면충돌,신호위반,건조,맑음,기타 - 기타,이륜,남,73세,상해없음,이륜,남,62세,중상
2022101600100111,2022년 10월 16일 09시,일요일,경상남도 창원시 마산회원구 석전동,중상사고,0,1,0,0,차대사람 - 횡단중,안전운전불이행,건조,맑음,교차로 - 교차로횡단보도내,승용,여,49세,상해없음,보행자,여,81세,중상
2022101600100149,2022년 10월 16일 11시,일요일,경상남도 창원시 마산합포구 진동면,중상사고,0,1,0,0,차대사람 - 차도통행중,안전운전불이행,건조,맑음,교차로 - 교차로안,승용,남,61세,상해없음,보행자,여,82세,중상
2022101600100150,2022년 10월 16일 11시,일요일,경상남도 산청군 신등면,중상사고,0,3,1,0,차대차 - 측면충돌,신호위반,건조,맑음,교차로 - 교차로안,승용,남,66세,경상,승용,남,74세,중상
2022101600100185,2022년 10월 16일 12시,일요일,경상남도 진주시 망경동,경상사고,0,0,1,0,차대차 - 후진중충돌,안전운전불이행,건조,맑음,단일로 - 기타,승용,남,48세,상해없음,원동기,여,55세,경상
2022101600100186,2022년 10월 16일 12시,일요일,경상남도 통영시 광도면,경상사고,0,0,1,0,차대차 - 추돌,안전운전불이행,건조,맑음,기타 - 기타,승용,남,70세,상해없음,승용,남,35세,경상
2022101600100187,2022년 10월 16일 12시,일요일,경상남도 사천시 사남면,경상사고,0,0,2,0,차대차 - 정면충돌,중앙선침범,건조,맑음,단일로 - 기타,승용,남,63세,상해없음,승용,여,42세,경상
2022101600100188,2022년 10월 16일 12시,일요일,경상남도 양산시 북부동,중상사고,0,1,0,0,차대사람 - 보도통행중,안전운전불이행,건조,맑음,교차로 - 교차로안,승용,여,50세,상해없음,보행자,여,74세,중상
2022101600100189,2022년 10월 16일 12시,일요일,경상남도 양산시 주진동,사망사고,1,0,0,0,차대차 - 기타,안전운전불이행,건조,맑음,단일로 - 기타,승용,여,48세,상해없음,개인형이동수단(PM),남,46세,사망
2022101600100190,2022년 10월 16일 12시,일요일,경상남도 양산시 물금읍,경상사고,0,0,1,0,차대차 - 기타,안전운전불이행,건조,맑음,교차로 - 교차로안,승용,남,53세,상해없음,승용,여,54세,경상
2022101600100191,2022년 10월 16일 12시,일요일,경상남도 남해군 삼동면,경상사고,0,0,1,0,차대사람 - 차도통행중,안전운전불이행,건조,맑음,단일로 - 기타,승용,남,72세,상해없음,보행자,여,25세,경상
2022101600100192,2022년 10월 16일 12시,일요일,경상남도 김해시 신문동,부상신고사고,0,0,0,1,차대차 - 측면충돌,교차로운행방법위반,건조,맑음,교차로 - 교차로안,승용,여,32세,상해없음,승용,남,29세,부상신고
2022101600100213,2022년 10월 16일 13시,일요일,경상남도 김해시 동상동,경상사고,0,0,1,0,차대사람 - 길가장자리구역통행중,안전운전불이행,건조,맑음,단일로 - 기타,기타불명,기타불명,미분류,기타불명,보행자,남,21세,경상
2022101600100214,2022년 10월 16일 13시,일요일,경상남도 양산시 물금읍,중상사고,0,1,0,0,차대차 - 측면충돌,안전운전불이행,건조,맑음,단일로 - 기타,이륜,남,52세,상해없음,자전거,남,7세,중상
2022101600100215,2022년 10월 16일 13시,일요일,경상남도 창원시 성산구 중앙동,경상사고,0,0,1,0,차대사람 - 기타,안전운전불이행,건조,맑음,기타 - 기타,개인형이동수단(PM),여,17세,기타불명,보행자,남,53세,경상
2022101600100244,2022년 10월 16일 14시,일요일,경상남도 창원시 진해구 죽곡동,중상사고,0,1,2,0,차대차 - 추돌,안전거리미확보,건조,맑음,단일로 - 기타,화물,남,37세,경상,승용,남,64세,경상
2022101600100245,2022년 10월 16일 14시,일요일,경상남도 창원시 진해구 용원동,중상사고,0,1,0,0,차대차 - 기타,기타,건조,맑음,단일로 - 터널,승용,남,58세,상해없음,승용,여,34세,중상
2022101600100277,2022년 10월 16일 15시,일요일,경상남도 김해시 부원동,중상사고,0,1,0,0,차대차 - 측면충돌,안전운전불이행,건조,맑음,교차로 - 교차로안,이륜,남,54세,상해없음,이륜,남,24세,상해없음
2022101600100278,2022년 10월 16일 15시,일요일,경상남도 합천군 가회면,경상사고,0,0,3,0,차대차 - 측면충돌,교차로운행방법위반,건조,맑음,교차로 - 교차로안,화물,남,73세,상해없음,승용,남,67세,경상
2022101600100279,2022년 10월 16일 15시,일요일,경상남도 하동군 하동읍,경상사고,0,0,2,0,차대차 - 측면충돌,기타,건조,맑음,교차로 - 교차로부근,승용,남,64세,상해없음,승용,남,71세,경상
2022101600100331,2022년 10월 16일 17시,일요일,경상남도 창원시 진해구 자은동,중상사고,0,1,1,0,차대차 - 측면충돌,안전운전불이행,건조,맑음,단일로 - 기타,이륜,남,67세,중상,승용,남,47세,경상
2022101600100332,2022년 10월 16일 17시,일요일,경상남도 통영시 봉평동,중상사고,0,1,0,0,차대사람 - 기타,기타,건조,맑음,기타 - 기타,승합,남,57세,상해없음,보행자,여,68세,중상
2022101600100333,2022년 10월 16일 17시,일요일,경상남도 양산시 남부동,경상사고,0,0,1,0,차대차 - 측면충돌,안전운전불이행,건조,맑음,교차로 - 교차로안,승용,남,20세,상해없음,승용,여,52세,경상
2022101600100379,2022년 10월 16일 18시,일요일,경상남도 진주시 장대동,경상사고,0,0,2,0,차대차 - 측면충돌,안전운전불이행,건조,맑음,교차로 - 교차로안,승용,여,44세,상해없음,승용,여,69세,경상
2022101600100380,2022년 10월 16일 18시,일요일,경상남도 창원시 진해구 석동,경상사고,0,0,3,0,차대차 - 측면충돌,안전운전불이행,건조,맑음,교차로 - 교차로부근,승용,남,53세,상해없음,승용,여,41세,경상
2022101600100418,2022년 10월 16일 19시,일요일,경상남도 김해시 봉황동,경상사고,0,0,2,0,차대차 - 측면충돌,안전운전불이행,건조,맑음,단일로 - 기타,화물,남,59세,상해없음,승용,남,26세,경상
2022101600100419,2022년 10월 16일 19시,일요일,경상남도 김해시 불암동,경상사고,0,0,1,0,차대사람 - 길가장자리구역통행중,안전운전불이행,건조,맑음,단일로 - 기타,기타불명,기타불명,미분류,기타불명,보행자,남,54세,경상
2022101600100420,2022년 10월 16일 19시,일요일,경상남도 거창군 거창읍,중상사고,0,1,0,0,차대사람 - 횡단중,보행자보호의무위반,건조,맑음,교차로 - 교차로횡단보도내,이륜,남,17세,상해없음,보행자,여,51세,중상
2022101600100440,2022년 10월 16일 20시,일요일,경상남도 창원시 진해구 석동,경상사고,0,0,1,0,차대차 - 기타,안전운전불이행,건조,맑음,단일로 - 기타,승용,남,66세,상해없음,승용,여,43세,경상
2022101600100441,2022년 10월 16일 20시,일요일,경상남도 통영시 태평동,경상사고,0,0,1,0,차대차 - 측면충돌,안전운전불이행,건조,맑음,교차로 - 교차로부근,승용,남,44세,상해없음,승용,남,40세,경상
2022101600100442,2022년 10월 16일 20시,일요일,경상남도 양산시 물금읍,부상신고사고,0,0,0,1,차대차 - 기타,안전거리미확보,건조,맑음,교차로 - 교차로안,이륜,남,30세,부상신고,승용,남,52세,상해없음
2022101600100459,2022년 10월 16일 21시,일요일,경상남도 김해시 외동,경상사고,0,0,1,0,차대사람 - 길가장자리구역통행중,안전운전불이행,건조,맑음,단일로 - 기타,이륜,남,32세,상해없음,보행자,남,44세,경상
2022101600100460,2022년 10월 16일 21시,일요일,경상남도 양산시 삼호동,중상사고,0,1,0,0,차대차 - 측면충돌,교차로운행방법위반,건조,맑음,교차로 - 교차로안,원동기,남,27세,상해없음,승용,남,46세,상해없음
2022101600100493,2022년 10월 16일 23시,일요일,경상남도 함안군 가야읍,사망사고,1,0,0,0,차량단독 - 전도전복 - 전복,안전운전불이행,건조,맑음,단일로 - 기타,승용,남,39세,사망,,,,
2022101700100016,2022년 10월 17일 02시,월요일,경상남도 진주시 인사동,중상사고,0,1,0,0,차량단독 - 전도전복 - 전도,안전운전불이행,건조,맑음,교차로 - 교차로횡단보도내,개인형이동수단(PM),남,62세,중상,,,,
2022101700100049,2022년 10월 17일 06시,월요일,경상남도 통영시 정량동,중상사고,0,1,0,0,차대사람 - 횡단중,보행자보호의무위반,건조,맑음,교차로 - 교차로횡단보도내,승용,남,31세,상해없음,보행자,여,69세,중상
2022101700100075,2022년 10월 17일 07시,월요일,경상남도 진주시 칠암동,중상사고,0,1,0,0,차대차 - 측면충돌,안전운전불이행,건조,맑음,교차로 - 교차로안,승용,여,39세,상해없음,자전거,남,79세,중상
2022101700100076,2022년 10월 17일 07시,월요일,경상남도 김해시 어방동,경상사고,0,0,1,2,차대차 - 측면충돌,안전운전불이행,건조,맑음,교차로 - 교차로부근,승용,여,58세,경상,승용,남,30세,부상신고
2022101700100077,2022년 10월 17일 07시,월요일,경상남도 김해시 진영읍,중상사고,0,1,0,0,차대차 - 측면충돌,교차로운행방법위반,건조,맑음,교차로 - 교차로횡단보도내,승용,남,25세,상해없음,자전거,남,45세,중상
2022101700100154,2022년 10월 17일 09시,월요일,경상남도 진주시 상대동,경상사고,0,0,1,0,차대사람 - 보도통행중,기타,건조,맑음,단일로 - 기타,승용,남,64세,상해없음,보행자,남,45세,경상
2022101700100198,2022년 10월 17일 10시,월요일,경상남도 창원시 마산합포구 진전면,중상사고,0,1,0,0,차대차 - 기타,안전운전불이행,건조,맑음,단일로 - 기타,이륜,남,77세,중상,승용,남,57세,상해없음
2022101700100199,2022년 10월 17일 10시,월요일,경상남도 통영시 광도면,경상사고,0,0,1,0,차대차 - 추돌,안전거리미확보,건조,맑음,단일로 - 기타,화물,남,37세,상해없음,화물,여,61세,경상
2022101700100200,2022년 10월 17일 10시,월요일,경상남도 거창군 거창읍,중상사고,0,1,0,0,차대차 - 측면충돌,차로위반,건조,맑음,교차로 - 교차로안,사륜오토바이(ATV),여,79세,중상,승용,남,42세,상해없음
2022101700100201,2022년 10월 17일 10시,월요일,경상남도 함양군 마천면,중상사고,0,1,0,0,차량단독 - 공작물충돌,안전운전불이행,건조,맑음,단일로 - 기타,화물,여,61세,중상,,,,
2022101700100202,2022년 10월 17일 10시,월요일,경상남도 창원시 성산구 토월동,중상사고,0,1,0,0,차대사람 - 기타,안전운전불이행,건조,맑음,단일로 - 기타,승용,남,78세,상해없음,보행자,남,71세,중상
2022101700100243,2022년 10월 17일 11시,월요일,경상남도 창원시 진해구 경화동,사망사고,1,3,1,0,차대차 - 측면충돌,안전운전불이행,건조,맑음,교차로 - 교차로안,승용,남,77세,중상,승용,남,34세,경상
2022101700100244,2022년 10월 17일 11시,월요일,경상남도 창원시 의창구 사림동,경상사고,0,0,4,0,차대차 - 추돌,안전운전불이행,건조,맑음,교차로 - 교차로안,승용,남,72세,상해없음,승용,여,32세,경상
2022101700100245,2022년 10월 17일 11시,월요일,경상남도 김해시 한림면,경상사고,0,0,1,0,차대차 - 측면충돌,안전운전불이행,건조,맑음,교차로 - 교차로안,화물,남,35세,기타불명,승용,남,49세,경상
2022101700100278,2022년 10월 17일 12시,월요일,경상남도 함양군 안의면,중상사고,0,1,0,0,차대차 - 측면충돌,안전운전불이행,건조,맑음,단일로 - 기타,이륜,여,70세,중상,승용,남,61세,상해없음
2022101700100279,2022년 10월 17일 12시,월요일,경상남도 창원시 의창구 봉곡동,중상사고,0,1,0,0,차대차 - 측면충돌,신호위반,건조,맑음,교차로 - 교차로안,승용,남,80세,상해없음,승용,여,39세,중상
2022101700100323,2022년 10월 17일 13시,월요일,경상남도 진주시 상대동,경상사고,0,0,1,0,차대사람 - 횡단중,안전운전불이행,건조,맑음,단일로 - 기타,승용,여,49세,상해없음,보행자,남,9세,경상
2022101700100324,2022년 10월 17일 13시,월요일,경상남도 밀양시 산외면,경상사고,0,0,1,0,차대차 - 측면충돌,안전운전불이행,건조,맑음,단일로 - 기타,승용,남,67세,상해없음,이륜,남,80세,경상
2022101700100325,2022년 10월 17일 13시,월요일,경상남도 창원시 성산구 가음동,경상사고,0,0,1,0,차대차 - 측면충돌,안전운전불이행,건조,맑음,단일로 - 기타,승합,남,47세,상해없음,승용,여,61세,경상
2022101700100362,2022년 10월 17일 14시,월요일,경상남도 창원시 진해구 경화동,중상사고,0,2,1,0,차대차 - 정면충돌,신호위반,건조,맑음,교차로 - 교차로부근,승용,여,62세,중상,승용,남,21세,경상
2022101700100363,2022년 10월 17일 14시,월요일,경상남도 창원시 진해구 남문동,경상사고,0,0,2,0,차대차 - 기타,안전운전불이행,건조,맑음,교차로 - 교차로안,특수,남,58세,경상,특수,남,29세,경상
2022101700100408,2022년 10월 17일 15시,월요일,경상남도 창원시 의창구 동읍,경상사고,0,0,1,0,차대사람 - 차도통행중,안전운전불이행,건조,맑음,단일로 - 기타,승용,여,59세,상해없음,보행자,여,70세,경상
2022101700100460,2022년 10월 17일 16시,월요일,경상남도 거제시 상동동,경상사고,0,0,1,0,차량단독 - 기타,안전운전불이행,건조,맑음,단일로 - 기타,승합,여,57세,상해없음,,,,
2022101700100461,2022년 10월 17일 16시,월요일,경상남도 김해시 진영읍,경상사고,0,0,1,0,차대차 - 측면충돌,안전운전불이행,건조,맑음,단일로 - 기타,승용,여,34세,상해없음,승용,여,43세,경상
2022101700100515,2022년 10월 17일 17시,월요일,경상남도 진주시 장대동,중상사고,0,1,0,0,차대차 - 추돌,안전운전불이행,건조,맑음,단일로 - 기타,화물,남,61세,상해없음,승용,여,43세,중상
2022101700100516,2022년 10월 17일 17시,월요일,경상남도 양산시 북부동,경상사고,0,0,1,0,차대차 - 측면충돌,안전운전불이행,건조,맑음,교차로 - 교차로안,승용,남,62세,상해없음,자전거,남,9세,경상
2022101700100587,2022년 10월 17일 18시,월요일,경상남도 창원시 의창구 팔용동,경상사고,0,0,3,0,차대차 - 추돌,안전운전불이행,건조,맑음,단일로 - 기타,승용,남,35세,상해없음,승용,여,55세,경상
2022101700100657,2022년 10월 17일 20시,월요일,경상남도 창원시 진해구 경화동,중상사고,0,2,1,0,차대차 - 측면충돌,신호위반,건조,맑음,교차로 - 교차로안,승용,남,55세,기타불명,승용,여,29세,중상
2022101700100658,2022년 10월 17일 20시,월요일,경상남도 김해시 외동,경상사고,0,0,1,0,차대사람 - 횡단중,보행자보호의무위반,건조,맑음,교차로 - 교차로횡단보도내,승용,남,62세,상해없음,보행자,여,46세,경상
2022101700100659,2022년 10월 17일 20시,월요일,경상남도 창녕군 창녕읍,경상사고,0,0,2,0,차대차 - 기타,직진우회전진행방해,건조,맑음,교차로 - 교차로안,승합,남,65세,상해없음,화물,남,70세,경상
2022101700100660,2022년 10월 17일 20시,월요일,경상남도 함양군 함양읍,부상신고사고,0,0,0,1,차대차 - 기타,중앙선침범,건조,맑음,단일로 - 기타,자전거,남,68세,부상신고,승용,여,50세,상해없음
2022101700100678,2022년 10월 17일 21시,월요일,경상남도 진주시 상평동,경상사고,0,0,1,0,차대차 - 측면충돌,안전운전불이행,건조,맑음,단일로 - 기타,승용,여,19세,상해없음,이륜,여,51세,경상
2022101700100679,2022년 10월 17일 21시,월요일,경상남도 통영시 광도면,경상사고,0,0,1,0,차대사람 - 횡단중,안전운전불이행,건조,맑음,단일로 - 기타,승용,남,66세,상해없음,보행자,남,67세,경상
2022101700100702,2022년 10월 17일 22시,월요일,경상남도 양산시 물금읍,경상사고,0,0,1,0,차대사람 - 횡단중,신호위반,건조,맑음,교차로 - 교차로안,승용,여,36세,상해없음,보행자,남,44세,경상
2022101800100029,2022년 10월 18일 04시,화요일,경상남도 김해시 어방동,중상사고,0,1,1,0,차대차 - 측면충돌,신호위반,건조,맑음,교차로 - 교차로횡단보도내,승용,남,39세,상해없음,개인형이동수단(PM),남,19세,중상
2022101800100064,2022년 10월 18일 07시,화요일,경상남도 창원시 진해구 풍호동,중상사고,0,1,1,0,차대차 - 정면충돌,직진우회전진행방해,건조,맑음,교차로 - 교차로안,승용,여,45세,상해없음,이륜,남,84세,중상
2022101800100065,2022년 10월 18일 07시,화요일,경상남도 김해시 삼계동,경상사고,0,0,1,0,차대차 - 측면충돌,신호위반,건조,맑음,교차로 - 교차로안,승용,남,43세,상해없음,이륜,남,63세,경상
2022101800100066,2022년 10월 18일 07시,화요일,경상남도 김해시 무계동,사망사고,1,0,0,0,차대사람 - 횡단중,안전운전불이행,건조,맑음,단일로 - 기타,건설기계,남,52세,상해없음,보행자,남,58세,사망
2022101800100115,2022년 10월 18일 08시,화요일,경상남도 창원시 진해구 태백동,경상사고,0,0,1,0,차대차 - 정면충돌,신호위반,건조,맑음,교차로 - 교차로안,승용,여,66세,상해없음,승용,남,72세,경상
2022101800100116,2022년 10월 18일 08시,화요일,경상남도 통영시 용남면,경상사고,0,0,1,0,차대차 - 측면충돌,안전운전불이행,건조,맑음,교차로 - 교차로안,승용,여,38세,상해없음,승용,여,39세,경상
2022101800100117,2022년 10월 18일 08시,화요일,경상남도 양산시 물금읍,경상사고,0,0,1,0,차대차 - 측면충돌,안전운전불이행,건조,맑음,주차장 - 주차장,승용,여,49세,상해없음,승용,남,31세,상해없음
2022101800100158,2022년 10월 18일 09시,화요일,경상남도 밀양시 삼랑진읍,중상사고,0,1,0,0,차대차 - 측면충돌,안전운전불이행,건조,맑음,단일로 - 기타,승용,남,73세,상해없음,이륜,남,81세,중상
2022101800100159,2022년 10월 18일 09시,화요일,경상남도 하동군 양보면,중상사고,0,1,0,0,차대사람 - 보도통행중,중앙선침범,건조,맑음,교차로 - 교차로안,화물,남,78세,상해없음,보행자,여,73세,중상
2022101800100160,2022년 10월 18일 09시,화요일,경상남도 거제시 아주동,경상사고,0,0,1,0,차대차 - 측면충돌,안전운전불이행,건조,맑음,교차로 - 교차로부근,승용,남,71세,상해없음,승용,여,40세,경상
2022101800100183,2022년 10월 18일 10시,화요일,경상남도 진주시 강남동,사망사고,1,0,0,0,차량단독 - 기타,안전운전불이행,건조,맑음,교차로 - 교차로안,승합,남,54세,상해없음,,,,
2022101800100184,2022년 10월 18일 10시,화요일,경상남도 밀양시 내일동,경상사고,0,0,1,0,차대차 - 후진중충돌,안전운전불이행,건조,맑음,주차장 - 주차장,승용,남,83세,상해없음,승용,남,39세,경상
2022101800100215,2022년 10월 18일 11시,화요일,경상남도 창원시 진해구 석동,경상사고,0,0,1,0,차대사람 - 횡단중,안전운전불이행,건조,맑음,교차로 - 교차로부근,화물,남,43세,상해없음,보행자,여,62세,경상
2022101800100251,2022년 10월 18일 12시,화요일,경상남도 의령군 부림면,경상사고,0,0,1,0,차대사람 - 기타,안전운전불이행,건조,맑음,주차장 - 주차장,승용,남,39세,상해없음,보행자,남,65세,경상
2022101800100294,2022년 10월 18일 13시,화요일,경상남도 통영시 정량동,중상사고,0,1,1,0,차대차 - 측면충돌,직진우회전진행방해,건조,맑음,교차로 - 교차로안,화물,남,59세,기타불명,승용,여,27세,중상
2022101800100295,2022년 10월 18일 13시,화요일,경상남도 사천시 사천읍,경상사고,0,0,1,0,차대차 - 측면충돌,안전운전불이행,건조,맑음,교차로 - 교차로부근,승용,남,76세,상해없음,승용,남,57세,경상
2022101800100296,2022년 10월 18일 13시,화요일,경상남도 거제시 아주동,중상사고,0,1,0,0,차대사람 - 기타,안전운전불이행,건조,맑음,단일로 - 기타,승용,여,33세,상해없음,보행자,남,28세,중상
2022101800100297,2022년 10월 18일 13시,화요일,경상남도 함안군 대산면,중상사고,0,1,0,0,차대차 - 추돌,안전운전불이행,건조,맑음,교차로 - 교차로안,승용,남,72세,상해없음,자전거,여,72세,중상
2022101800100339,2022년 10월 18일 14시,화요일,경상남도 김해시 내동,경상사고,0,0,2,0,차대차 - 측면충돌,중앙선침범,건조,맑음,단일로 - 기타,승용,남,31세,상해없음,승용,여,41세,경상
2022101800100340,2022년 10월 18일 14시,화요일,경상남도 산청군 단성면,중상사고,0,1,0,1,차대차 - 측면충돌,직진우회전진행방해,건조,맑음,단일로 - 기타,승용,여,58세,부상신고,화물,남,64세,중상
2022101800100441,2022년 10월 18일 16시,화요일,경상남도 김해시 무계동,경상사고,0,0,1,0,차대차 - 후진중충돌,안전운전불이행,건조,맑음,교차로 - 교차로부근,승용,여,36세,상해없음,이륜,남,28세,경상
2022101800100477,2022년 10월 18일 17시,화요일,경상남도 양산시 북부동,경상사고,0,0,1,0,차대사람 - 차도통행중,안전거리미확보,건조,맑음,단일로 - 기타,화물,남,29세,상해없음,보행자,남,54세,경상
2022101800100478,2022년 10월 18일 17시,화요일,경상남도 거제시 아주동,중상사고,0,1,0,0,차대차 - 측면충돌,안전운전불이행,건조,맑음,교차로 - 교차로부근,이륜,남,47세,중상,승용,남,67세,상해없음
2022101800100479,2022년 10월 18일 17시,화요일,경상남도 창원시 성산구 상남동,경상사고,0,0,1,0,차대차 - 기타,안전운전불이행,건조,맑음,기타 - 기타,승합,남,74세,상해없음,화물,기타불명,미분류,기타불명
2022101800100480,2022년 10월 18일 17시,화요일,경상남도 김해시 율하동,경상사고,0,0,1,0,차대차 - 정면충돌,안전운전불이행,건조,맑음,교차로 - 교차로안,승용,여,42세,상해없음,승용,남,25세,경상
2022101800100481,2022년 10월 18일 17시,화요일,경상남도 김해시 대청동,중상사고,0,1,0,0,차대차 - 추돌,안전거리미확보,건조,맑음,단일로 - 기타,승용,남,33세,상해없음,승용,남,42세,중상
2022101800100530,2022년 10월 18일 18시,화요일,경상남도 진주시 수곡면,중상사고,0,1,0,0,차대사람 - 기타,안전운전불이행,건조,맑음,단일로 - 기타,승용,여,59세,상해없음,보행자,여,74세,중상
2022101800100531,2022년 10월 18일 18시,화요일,경상남도 통영시 용남면,경상사고,0,0,1,0,차대차 - 측면충돌,안전운전불이행,건조,맑음,단일로 - 기타,승용,여,25세,상해없음,이륜,남,42세,경상
2022101800100532,2022년 10월 18일 18시,화요일,경상남도 밀양시 내이동,중상사고,0,1,0,0,차대사람 - 횡단중,보행자보호의무위반,건조,맑음,교차로 - 교차로횡단보도내,승용,남,52세,상해없음,보행자,여,79세,중상
2022101800100533,2022년 10월 18일 18시,화요일,경상남도 밀양시 삼랑진읍,중상사고,0,1,0,0,차대사람 - 횡단중,안전운전불이행,건조,흐림,교차로 - 교차로안,승용,남,63세,상해없음,보행자,남,72세,중상
2022101800100580,2022년 10월 18일 19시,화요일,경상남도 김해시 내동,경상사고,0,0,1,0,차대차 - 정면충돌,신호위반,건조,흐림,교차로 - 교차로안,이륜,남,33세,상해없음,승용,남,27세,경상
2022101800100663,2022년 10월 18일 22시,화요일,경상남도 창원시 마산합포구 동성동,부상신고사고,0,0,0,1,차대사람 - 차도통행중,안전운전불이행,건조,맑음,교차로 - 교차로안,승용,여,56세,상해없음,보행자,여,26세,부상신고
2022101800100664,2022년 10월 18일 22시,화요일,경상남도 창원시 진해구 석동,경상사고,0,0,1,0,차대차 - 기타,직진우회전진행방해,건조,맑음,교차로 - 교차로안,승용,여,45세,상해없음,이륜,남,32세,경상
2022101800100682,2022년 10월 18일 23시,화요일,경상남도 창원시 성산구 사파동,경상사고,0,0,1,0,차대차 - 추돌,안전운전불이행,건조,맑음,기타 - 기타,이륜,남,40세,상해없음,승용,남,40세,경상