사고번호,사고일시,요일,시군구,사고내용,사망자수,중상자수,경상자수,부상신고자수,사고유형,법규위반,노면상태,기상상태,도로형태,가해운전자 차종,가해운전자 성별,가해운전자 연령,가해운전자 상해정도,피해운전자 차종,피해운전자 성별,피해운전자 연령,피해운전자 상해정도
2022102100100590,2022년 10월 21일 20시,금요일,경상남도 양산시 물금읍,중상사고,0,1,0,0,차대차 - 기타,안전운전불이행,건조,맑음,교차로 - 교차로횡단보도내,승용,남,34세,상해없음,자전거,남,15세,중상
2022102100100591,2022년 10월 21일 20시,금요일,경상남도 김해시 대청동,중상사고,0,1,0,0,차대사람 - 횡단중,보행자보호의무위반,건조,맑음,교차로 - 교차로횡단보도내,이륜,남,17세,상해없음,보행자,여,26세,중상
2022102100100644,2022년 10월 21일 22시,금요일,경상남도 김해시 외동,중상사고,0,1,0,0,차량단독 - 기타,안전운전불이행,건조,흐림,단일로 - 기타,이륜,남,22세,중상,,,,
2022102100100664,2022년 10월 21일 23시,금요일,경상남도 사천시 사천읍,경상사고,0,0,1,0,차대차 - 측면충돌,신호위반,젖음/습기,비,교차로 - 교차로안,승용,여,53세,상해없음,승용,여,51세,경상
2022102100100665,2022년 10월 21일 23시,금요일,경상남도 사천시 사천읍,경상사고,0,0,1,0,차대사람 - 기타,안전운전불이행,건조,맑음,교차로 - 교차로부근,승용,남,63세,상해없음,보행자,남,54세,경상
2022102100100666,2022년 10월 21일 23시,금요일,경상남도 거제시 아주동,경상사고,0,0,1,0,차대차 - 기타,안전운전불이행,건조,맑음,교차로 - 교차로안,이륜,남,25세,경상,승용,여,35세,상해없음
2022102100100667,2022년 10월 21일 23시,금요일,경상남도 산청군 삼장면,사망사고,1,0,0,0,차량단독 - 공작물충돌,안전운전불이행,젖음/습기,비,단일로 - 기타,승용,남,57세,사망,,,,
2022102200100043,2022년 10월 22일 03시,토요일,경상남도 김해시 삼계동,경상사고,0,0,1,0,차량단독 - 전도전복 - 전도,안전운전불이행,건조,맑음,단일로 - 기타,개인형이동수단(PM),남,20세,경상,,,,
2022102200100044,2022년 10월 22일 03시,토요일,경상남도 창원시 성산구 상남동,경상사고,0,0,2,0,차대차 - 추돌,안전운전불이행,건조,맑음,교차로 - 교차로부근,승용,남,47세,상해없음,승용,남,62세,경상
2022102200100067,2022년 10월 22일 05시,토요일,경상남도 창원시 진해구 제덕동,중상사고,0,1,3,0,차대차 - 측면충돌,신호위반,건조,맑음,교차로 - 교차로안,승용,남,60세,상해없음,승용,여,28세,중상
2022102200100083,2022년 10월 22일 06시,토요일,경상남도 통영시 무전동,중상사고,0,1,0,0,차대사람 - 길가장자리구역통행중,안전운전불이행,건조,맑음,단일로 - 기타,화물,남,70세,상해없음,보행자,남,54세,중상
2022102200100084,2022년 10월 22일 06시,토요일,경상남도 김해시 삼정동,중상사고,0,1,0,0,차대차 - 측면충돌,교차로운행방법위반,건조,맑음,교차로 - 교차로안,이륜,남,52세,중상,화물,남,60세,상해없음
2022102200100098,2022년 10월 22일 07시,토요일,경상남도 진주시 이현동,사망사고,1,0,0,0,차대사람 - 횡단중,안전운전불이행,건조,맑음,단일로 - 기타,건설기계,남,59세,상해없음,보행자,여,82세,사망
2022102200100099,2022년 10월 22일 07시,토요일,경상남도 통영시 광도면,경상사고,0,0,1,0,차대차 - 측면충돌,안전운전불이행,건조,맑음,단일로 - 기타,승용,남,58세,상해없음,승합,남,62세,경상
2022102200100115,2022년 10월 22일 08시,토요일,경상남도 통영시 도산면,경상사고,0,0,1,0,차대차 - 측면충돌,교차로운행방법위반,건조,맑음,교차로 - 교차로안,이륜,남,65세,경상,화물,남,69세,상해없음
2022102200100116,2022년 10월 22일 08시,토요일,경상남도 양산시 물금읍,중상사고,0,1,0,0,차대차 - 정면충돌,안전운전불이행,건조,맑음,교차로 - 교차로안,승용,여,74세,상해없음,자전거,여,51세,중상
2022102200100163,2022년 10월 22일 10시,토요일,경상남도 밀양시 산외면,경상사고,0,0,5,0,차대차 - 추돌,안전거리미확보,건조,맑음,단일로 - 기타,승용,남,74세,경상,승용,남,65세,경상
2022102200100179,2022년 10월 22일 10시,토요일,경상남도 하동군 진교면,경상사고,0,0,8,2,차대차 - 추돌,안전운전불이행,건조,맑음,단일로 - 기타,승용,여,36세,상해없음,승용,남,24세,부상신고
2022102200100213,2022년 10월 22일 11시,토요일,경상남도 김해시 삼정동,경상사고,0,0,2,0,차대차 - 측면충돌,교차로운행방법위반,건조,맑음,교차로 - 교차로안,승용,여,54세,경상,화물,남,66세,경상
2022102200100214,2022년 10월 22일 11시,토요일,경상남도 양산시 소주동,경상사고,0,0,1,0,차대차 - 측면충돌,안전운전불이행,건조,맑음,단일로 - 기타,승용,여,41세,상해없음,이륜,남,42세,경상
2022102200100249,2022년 10월 22일 12시,토요일,경상남도 창원시 의창구 사림동,경상사고,0,0,1,0,차대차 - 후진중충돌,안전운전불이행,건조,맑음,단일로 - 기타,승용,남,50세,상해없음,승용,남,27세,경상
2022102200100292,2022년 10월 22일 13시,토요일,경상남도 통영시 미수동,중상사고,0,3,2,0,차대차 - 기타,안전운전불이행,건조,맑음,단일로 - 기타,승용,남,68세,상해없음,화물,남,40세,경상
2022102200100293,2022년 10월 22일 13시,토요일,경상남도 함안군 가야읍,경상사고,0,0,2,0,차대차 - 추돌,안전운전불이행,건조,맑음,단일로 - 기타,화물,남,67세,상해없음,승용,여,46세,경상
2022102200100340,2022년 10월 22일 14시,토요일,경상남도 김해시 대성동,중상사고,0,2,0,1,차대차 - 추돌,신호위반,건조,맑음,교차로 - 교차로안,이륜,남,63세,부상신고,승용,여,54세,중상
2022102200100374,2022년 10월 22일 15시,토요일,경상남도 창원시 마산합포구 장군동5가,경상사고,0,0,1,0,차대차 - 기타,안전운전불이행,건조,맑음,단일로 - 기타,승용,여,54세,상해없음,자전거,남,16세,경상
2022102200100375,2022년 10월 22일 15시,토요일,경상남도 통영시 광도면,경상사고,0,0,1,0,차량단독 - 기타,안전운전불이행,건조,맑음,단일로 - 기타,이륜,남,23세,경상,,,,
2022102200100376,2022년 10월 22일 15시,토요일,경상남도 밀양시 산외면,중상사고,0,1,0,0,차대사람 - 기타,안전운전불이행,건조,맑음,단일로 - 기타,화물,남,80세,상해없음,보행자,여,81세,중상
2022102200100377,2022년 10월 22일 15시,토요일,경상남도 양산시 덕계동,경상사고,0,0,2,0,차대차 - 측면충돌,교차로운행방법위반,건조,맑음,교차로 - 교차로안,승용,남,61세,상해없음,승용,여,40세,경상
2022102200100378,2022년 10월 22일 15시,토요일,경상남도 남해군 이동면,경상사고,0,0,2,0,차대차 - 측면충돌,교차로운행방법위반,건조,맑음,교차로 - 교차로부근,승용,남,66세,상해없음,화물,남,77세,경상
2022102200100379,2022년 10월 22일 15시,토요일,경상남도 남해군 이동면,경상사고,0,0,2,0,차대차 - 측면충돌,중앙선침범,건조,맑음,단일로 - 기타,화물,남,57세,상해없음,화물,남,29세,경상
2022102200100415,2022년 10월 22일 16시,토요일,경상남도 창원시 진해구 남문동,경상사고,0,0,1,0,차대차 - 기타,안전운전불이행,건조,맑음,기타 - 기타,승용,남,57세,경상,승용,남,28세,상해없음
2022102200100416,2022년 10월 22일 16시,토요일,경상남도 통영시 도산면,경상사고,0,0,5,0,차대차 - 추돌,안전거리미확보,건조,맑음,단일로 - 기타,승용,여,60세,상해없음,승용,남,38세,경상
2022102200100417,2022년 10월 22일 16시,토요일,경상남도 통영시 북신동,경상사고,0,0,1,0,차대차 - 정면충돌,안전운전불이행,건조,맑음,교차로 - 교차로부근,원동기,남,70세,경상,승용,남,79세,상해없음
2022102200100418,2022년 10월 22일 16시,토요일,경상남도 창원시 의창구 동읍,경상사고,0,0,2,0,차대차 - 추돌,안전운전불이행,건조,맑음,단일로 - 터널,승용,남,59세,상해없음,승용,남,58세,경상
2022102200100432,2022년 10월 22일 17시,토요일,경상남도 김해시 신문동,경상사고,0,0,11,9,차대차 - 기타,안전운전불이행,건조,맑음,단일로 - 기타,건설기계,남,57세,상해없음,승합,남,53세,경상
2022102200100433,2022년 10월 22일 17시,토요일,경상남도 양산시 물금읍,경상사고,0,0,2,0,차대차 - 추돌,안전운전불이행,건조,맑음,단일로 - 기타,승용,남,45세,상해없음,승용,남,51세,경상
2022102200100454,2022년 10월 22일 17시,토요일,경상남도 진주시 동성동,경상사고,0,0,1,0,차대사람 - 횡단중,보행자보호의무위반,건조,맑음,교차로 - 교차로안,승용,남,32세,상해없음,보행자,여,13세,경상
2022102200100455,2022년 10월 22일 17시,토요일,경상남도 사천시 용현면,경상사고,0,0,2,0,차대차 - 추돌,안전운전불이행,건조,맑음,단일로 - 기타,승용,남,27세,상해없음,승용,남,30세,경상
2022102200100456,2022년 10월 22일 17시,토요일,경상남도 합천군 삼가면,중상사고,0,1,0,0,차대사람 - 차도통행중,안전운전불이행,건조,맑음,단일로 - 기타,승용,남,77세,상해없음,보행자,여,85세,중상
2022102200100457,2022년 10월 22일 17시,토요일,경상남도 거제시 일운면,중상사고,0,1,0,0,차대차 - 기타,교차로운행방법위반,건조,맑음,교차로 - 교차로안,승용,여,60세,상해없음,이륜,남,32세,중상
2022102200100458,2022년 10월 22일 17시,토요일,경상남도 의령군 대의면,경상사고,0,0,1,0,차대차 - 측면충돌,교차로운행방법위반,건조,맑음,교차로 - 교차로부근,승용,남,27세,상해없음,승용,남,63세,상해없음
2022102200100546,2022년 10월 22일 19시,토요일,경상남도 통영시 문화동,중상사고,0,2,0,0,차대사람 - 횡단중,안전운전불이행,건조,맑음,단일로 - 기타,이륜,남,21세,중상,보행자,남,67세,중상
2022102200100547,2022년 10월 22일 19시,토요일,경상남도 창녕군 남지읍,경상사고,0,0,2,0,차대차 - 기타,중앙선침범,건조,맑음,단일로 - 기타,화물,남,65세,상해없음,승용,여,50세,상해없음
2022102200100576,2022년 10월 22일 20시,토요일,경상남도 김해시 율하동,경상사고,0,0,1,0,차대차 - 측면충돌,기타,건조,맑음,단일로 - 기타,이륜,남,45세,경상,승용,남,44세,상해없음
2022102200100577,2022년 10월 22일 20시,토요일,경상남도 김해시 율하동,중상사고,0,1,0,0,차대차 - 측면충돌,안전운전불이행,건조,맑음,단일로 - 기타,승용,여,27세,상해없음,이륜,남,20세,중상
2022102200100602,2022년 10월 22일 21시,토요일,경상남도 함양군 함양읍,경상사고,0,0,1,0,차대차 - 측면충돌,안전운전불이행,건조,맑음,단일로 - 기타,화물,남,54세,상해없음,승용,남,54세,경상
2022102200100625,2022년 10월 22일 22시,토요일,경상남도 김해시 내동,경상사고,0,0,1,0,차대차 - 측면충돌,안전운전불이행,건조,맑음,단일로 - 기타,승용,남,29세,상해없음,이륜,남,48세,경상
2022102200100626,2022년 10월 22일 22시,토요일,경상남도 함안군 칠원읍,경상사고,0,0,1,0,차대차 - 후진중충돌,안전운전불이행,건조,맑음,단일로 - 기타,승용,남,54세,상해없음,승용,남,65세,상해없음
2022102200100627,2022년 10월 22일 22시,토요일,경상남도 창원시 의창구 명서동,부상신고사고,0,0,0,1,차대사람 - 차도통행중,안전운전불이행,건조,맑음,단일로 - 기타,승용,남,52세,상해없음,보행자,남,49세,부상신고
2022102200100628,2022년 10월 22일 22시,토요일,경상남도 김해시 대청동,중상사고,0,1,0,0,차대차 - 측면충돌,안전운전불이행,건조,맑음,교차로 - 교차로안,승용,여,42세,상해없음,원동기,남,16세,중상
2022102200100651,2022년 10월 22일 23시,토요일,경상남도 김해시 한림면,부상신고사고,0,0,0,1,차량단독 - 공작물충돌,안전운전불이행,건조,맑음,교차로 - 교차로안,화물,남,52세,부상신고,,,,
2022102300100010,2022년 10월 23일 00시,일요일,경상남도 창원시 진해구 용원동,경상사고,0,0,1,0,차대차 - 측면충돌,안전운전불이행,건조,맑음,단일로 - 기타,승용,남,38세,상해없음,화물,남,38세,경상
2022102300100027,2022년 10월 23일 02시,일요일,경상남도 창원시 성산구 상남동,부상신고사고,0,0,0,1,차대사람 - 기타,안전운전불이행,건조,맑음,단일로 - 기타,개인형이동수단(PM),남,22세,상해없음,보행자,남,46세,부상신고
2022102300100037,2022년 10월 23일 03시,일요일,경상남도 남해군 설천면,부상신고사고,0,0,0,1,차량단독 - 도로외이탈 - 추락,안전운전불이행,건조,맑음,단일로 - 기타,승용,남,26세,부상신고,,,,
2022102300100039,2022년 10월 23일 04시,일요일,경상남도 창원시 진해구 석동,경상사고,0,0,2,0,차대차 - 추돌,안전운전불이행,건조,맑음,교차로 - 교차로부근,승용,남,62세,상해없음,승용,여,33세,경상
2022102300100048,2022년 10월 23일 05시,일요일,경상남도 창원시 마산합포구 월영동,경상사고,0,0,1,0,차대사람 - 차도통행중,안전운전불이행,건조,맑음,교차로 - 교차로부근,개인형이동수단(PM),남,23세,상해없음,보행자,여,73세,경상
2022102300100061,2022년 10월 23일 07시,일요일,경상남도 사천시 사천읍,경상사고,0,0,1,0,차대차 - 기타,안전운전불이행,건조,맑음,교차로 - 교차로안,승용,남,37세,상해없음,승용,남,31세,경상
2022102300100062,2022년 10월 23일 07시,일요일,경상남도 양산시 삼호동,중상사고,0,1,3,0,차대차 - 측면충돌,신호위반,건조,맑음,교차로 - 교차로안,승용,남,59세,상해없음,승용,남,70세,경상
2022102300100114,2022년 10월 23일 10시,일요일,경상남도 양산시 주진동,경상사고,0,0,1,0,차대사람 - 기타,안전운전불이행,건조,맑음,주차장 - 주차장,승용,남,68세,상해없음,보행자,남,65세,경상
2022102300100115,2022년 10월 23일 10시,일요일,경상남도 양산시 원동면,중상사고,0,1,0,0,차대차 - 기타,안전운전불이행,건조,맑음,단일로 - 기타,승용,남,27세,상해없음,승용,남,68세,중상
2022102300100116,2022년 10월 23일 10시,일요일,경상남도 의령군 대의면,경상사고,0,0,2,0,차대차 - 추돌,안전운전불이행,건조,맑음,단일로 - 기타,승합,남,52세,상해없음,승용,남,62세,경상
2022102300100133,2022년 10월 23일 11시,일요일,경상남도 거창군 거창읍,중상사고,0,1,0,0,차대차 - 정면충돌,중앙선침범,건조,맑음,단일로 - 기타,화물,남,69세,상해없음,승용,남,71세,중상
2022102300100134,2022년 10월 23일 11시,일요일,경상남도 거제시 동부면,중상사고,0,1,1,0,차대차 - 기타,중앙선침범,건조,맑음,단일로 - 기타,승용,남,35세,상해없음,승용,남,38세,중상
2022102300100166,2022년 10월 23일 12시,일요일,경상남도 창원시 진해구 용원동,경상사고,0,0,2,0,차대차 - 측면충돌,직진우회전진행방해,건조,맑음,교차로 - 교차로안,이륜,남,49세,상해없음,승용,여,46세,경상
2022102300100167,2022년 10월 23일 12시,일요일,경상남도 사천시 사천읍,중상사고,0,1,0,0,차대차 - 측면충돌,교차로운행방법위반,건조,맑음,교차로 - 교차로안,승용,여,40세,상해없음,이륜,남,45세,중상
2022102300100168,2022년 10월 23일 12시,일요일,경상남도 밀양시 상남면,중상사고,0,1,0,0,차대차 - 추돌,안전운전불이행,건조,맑음,교차로 - 교차로안,자전거,남,65세,중상,승용,남,64세,상해없음
2022102300100189,2022년 10월 23일 13시,일요일,경상남도 통영시 도산면,경상사고,0,0,1,0,차대차 - 추돌,안전거리미확보,건조,맑음,교차로 - 교차로부근,승용,남,36세,상해없음,승용,남,42세,경상
2022102300100190,2022년 10월 23일 13시,일요일,경상남도 양산시 덕계동,부상신고사고,0,0,0,1,차대사람 - 횡단중,안전운전불이행,건조,맑음,단일로 - 기타,승용,남,65세,기타불명,보행자,남,69세,부상신고
2022102300100191,2022년 10월 23일 13시,일요일,경상남도 김해시 주촌면,경상사고,0,0,2,0,차대차 - 측면충돌,안전운전불이행,건조,맑음,교차로 - 교차로안,승용,남,35세,상해없음,승용,여,29세,경상
2022102300100225,2022년 10월 23일 14시,일요일,경상남도 김해시 부원동,중상사고,0,1,0,1,차대차 - 추돌,신호위반,건조,맑음,교차로 - 교차로안,승용,남,33세,상해없음,승용,여,67세,중상
2022102300100226,2022년 10월 23일 14시,일요일,경상남도 산청군 차황면,경상사고,0,0,2,0,차대차 - 후진중충돌,안전운전불이행,건조,맑음,단일로 - 기타,승용,남,65세,상해없음,승용,남,37세,경상
2022102300100319,2022년 10월 23일 17시,일요일,경상남도 양산시 물금읍,경상사고,0,0,2,0,차대차 - 기타,안전운전불이행,건조,맑음,단일로 - 기타,승용,남,58세,경상,승용,남,33세,경상
2022102300100320,2022년 10월 23일 17시,일요일,경상남도 창원시 마산회원구 회원동,경상사고,0,0,3,0,차대차 - 측면충돌,안전운전불이행,건조,맑음,교차로 - 교차로안,승합,남,57세,상해없음,승용,여,27세,경상
2022102300100350,2022년 10월 23일 18시,일요일,경상남도 남해군 고현면,중상사고,0,1,0,1,차대사람 - 길가장자리구역통행중,안전운전불이행,건조,맑음,단일로 - 기타,이륜,남,31세,부상신고,보행자,남,70세,중상
2022102300100383,2022년 10월 23일 19시,일요일,경상남도 밀양시 상남면,중상사고,0,1,2,0,차대차 - 측면충돌,신호위반,건조,맑음,교차로 - 교차로안,이륜,남,36세,중상,승용,남,33세,경상
2022102300100429,2022년 10월 23일 22시,일요일,경상남도 통영시 광도면,경상사고,0,0,2,0,차대사람 - 횡단중,보행자보호의무위반,건조,맑음,교차로 - 교차로부근,승용,남,42세,상해없음,보행자,남,18세,경상
2022102300100430,2022년 10월 23일 22시,일요일,경상남도 양산시 물금읍,경상사고,0,0,1,0,차대차 - 기타,안전거리미확보,건조,맑음,교차로 - 교차로부근,승용,여,22세,상해없음,승용,남,37세,경상
2022102300100431,2022년 10월 23일 22시,일요일,경상남도 진주시 지수면,경상사고,0,0,6,0,차대차 - 추돌,안전운전불이행,건조,맑음,단일로 - 기타,승용,남,21세,상해없음,승용,여,66세,경상
2022102400100007,2022년 10월 24일 01시,월요일,경상남도 통영시 미수동,중상사고,0,1,0,0,차대차 - 기타,신호위반,건조,기타,교차로 - 교차로부근,화물,남,67세,상해없음,이륜,여,18세,중상
2022102400100027,2022년 10월 24일 05시,월요일,경상남도 창원시 마산합포구 월영동,경상사고,0,0,1,0,차대차 - 측면충돌,안전운전불이행,건조,맑음,단일로 - 기타,화물,남,61세,상해없음,승용,여,64세,경상
2022102400100028,2022년 10월 24일 05시,월요일,경상남도 진주시 강남동,중상사고,0,1,0,0,차량단독 - 기타,안전운전불이행,건조,맑음,단일로 - 기타,승용,남,64세,중상,,,,
2022102400100029,2022년 10월 24일 05시,월요일,경상남도 창원시 성산구 신촌동,중상사고,0,1,0,0,차대차 - 측면충돌,안전운전불이행,건조,맑음,단일로 - 기타,화물,남,47세,상해없음,자전거,남,51세,중상
2022102400100040,2022년 10월 24일 06시,월요일,경상남도 창원시 마산합포구 진동면,부상신고사고,0,0,0,1,차량단독 - 기타,안전운전불이행,건조,맑음,단일로 - 기타,승용,남,41세,부상신고,,,,
2022102400100041,2022년 10월 24일 06시,월요일,경상남도 창원시 마산합포구 신포동1가,경상사고,0,0,1,0,차대차 - 측면충돌,안전운전불이행,건조,맑음,교차로 - 교차로부근,승용,남,63세,상해없음,자전거,남,67세,경상
2022102400100058,2022년 10월 24일 07시,월요일,경상남도 김해시 주촌면,경상사고,0,0,1,1,차대차 - 추돌,안전거리미확보,건조,맑음,단일로 - 기타,승용,남,53세,상해없음,승용,남,61세,부상신고
2022102400100078,2022년 10월 24일 07시,월요일,경상남도 창원시 의창구 북면,중상사고,0,1,0,0,차대사람 - 횡단중,보행자보호의무위반,건조,맑음,교차로 - 교차로횡단보도내,승용,여,51세,상해없음,보행자,남,75세,중상
2022102400100132,2022년 10월 24일 08시,월요일,경상남도 진주시 장대동,중상사고,0,1,0,0,차대사람 - 횡단중,보행자보호의무위반,건조,맑음,교차로 - 교차로안,화물,남,41세,상해없음,보행자,여,61세,중상
2022102400100133,2022년 10월 24일 08시,월요일,경상남도 창원시 진해구 풍호동,중상사고,0,1,1,0,차대차 - 기타,신호위반,건조,맑음,교차로 - 교차로안,이륜,남,54세,중상,승용,여,39세,경상
2022102400100134,2022년 10월 24일 08시,월요일,경상남도 양산시 유산동,경상사고,0,0,1,0,차대차 - 측면충돌,안전거리미확보,건조,맑음,단일로 - 기타,승용,여,53세,상해없음,승용,남,46세,경상
2022102400100135,2022년 10월 24일 08시,월요일,경상남도 거제시 아주동,중상사고,0,1,0,0,차대차 - 기타,안전거리미확보,건조,맑음,단일로 - 기타,승용,남,37세,상해없음,건설기계,남,39세,중상
2022102400100136,2022년 10월 24일 08시,월요일,경상남도 창원시 의창구 봉곡동,경상사고,0,0,1,0,차대사람 - 횡단중,안전운전불이행,건조,맑음,교차로 - 교차로횡단보도내,승용,남,54세,상해없음,보행자,여,13세,경상
2022102400100178,2022년 10월 24일 09시,월요일,경상남도 창원시 마산합포구 해운동,중상사고,0,1,0,0,차대차 - 측면충돌,직진우회전진행방해,건조,맑음,교차로 - 교차로안,이륜,남,63세,상해없음,이륜,남,44세,중상
2022102400100221,2022년 10월 24일 10시,월요일,경상남도 함양군 함양읍,중상사고,0,2,0,0,차대차 - 측면충돌,교차로운행방법위반,건조,맑음,교차로 - 교차로안,승용,남,64세,상해없음,승용,여,34세,중상
2022102400100261,2022년 10월 24일 11시,월요일,경상남도 김해시 대청동,중상사고,0,1,0,0,차대사람 - 횡단중,안전운전불이행,건조,맑음,교차로 - 교차로안,화물,남,42세,상해없음,보행자,여,52세,중상
2022102400100299,2022년 10월 24일 12시,월요일,경상남도 거제시 고현동,경상사고,0,0,1,0,차대사람 - 차도통행중,안전운전불이행,건조,맑음,단일로 - 기타,승용,여,33세,상해없음,보행자,여,25세,경상
2022102400100300,2022년 10월 24일 12시,월요일,경상남도 창원시 마산회원구 회원동,중상사고,0,1,0,0,차대사람 - 차도통행중,안전운전불이행,건조,맑음,교차로 - 교차로안,승용,여,36세,상해없음,보행자,여,71세,중상
2022102400100329,2022년 10월 24일 13시,월요일,경상남도 통영시 광도면,중상사고,0,1,0,0,차량단독 - 기타,안전운전불이행,건조,맑음,기타 - 기타,승합,남,58세,상해없음,,,,
2022102400100330,2022년 10월 24일 13시,월요일,경상남도 양산시 물금읍,경상사고,0,0,1,0,차대차 - 측면충돌,교차로운행방법위반,건조,맑음,교차로 - 교차로안,승용,남,59세,상해없음,원동기,남,26세,경상
2022102400100373,2022년 10월 24일 14시,월요일,경상남도 사천시 죽림동,중상사고,0,1,0,0,차대사람 - 횡단중,안전운전불이행,건조,맑음,교차로 - 교차로안,승용,여,44세,상해없음,보행자,남,77세,중상
2022102400100375,2022년 10월 24일 14시,월요일,경상남도 거제시 아주동,중상사고,0,1,0,0,차대차 - 측면충돌,안전운전불이행,건조,맑음,단일로 - 기타,승용,여,33세,상해없음,승용,남,67세,중상
2022102400100402,2022년 10월 24일 15시,월요일,경상남도 사천시 사천읍,경상사고,0,0,2,0,차대차 - 측면충돌,안전운전불이행,건조,맑음,교차로 - 교차로부근,승용,여,56세,경상,승용,남,51세,경상
2022102400100403,2022년 10월 24일 15시,월요일,경상남도 거창군 거창읍,중상사고,0,1,0,0,차대사람 - 횡단중,보행자보호의무위반,건조,맑음,기타 - 기타,승용,남,73세,상해없음,보행자,여,73세,중상
2022102400100438,2022년 10월 24일 16시,월요일,경상남도 진주시 장대동,경상사고,0,0,2,0,차대차 - 측면충돌,직진우회전진행방해,건조,맑음,교차로 - 교차로안,승용,남,67세,상해없음,승용,남,29세,경상
2022102400100439,2022년 10월 24일 16시,월요일,경상남도 통영시 산양읍,경상사고,0,0,2,0,차대차 - 측면충돌,안전운전불이행,건조,맑음,기타 - 기타,승용,남,28세,상해없음,화물,남,40세,경상
2022102400100478,2022년 10월 24일 17시,월요일,경상남도 창원시 마산회원구 석전동,경상사고,0,0,1,0,차량단독 - 기타,안전운전불이행,건조,맑음,단일로 - 기타,승합,남,48세,상해없음,,,,
2022102400100479,2022년 10월 24일 17시,월요일,경상남도 김해시 부곡동,중상사고,0,1,0,0,차대차 - 추돌,안전운전불이행,건조,맑음,교차로 - 교차로안,화물,남,59세,상해없음,승용,남,37세,중상
2022102400100538,2022년 10월 24일 18시,월요일,경상남도 창원시 마산합포구 상남동,중상사고,0,1,0,0,차대차 - 측면충돌,교차로운행방법위반,건조,맑음,교차로 - 교차로안,승용,여,26세,상해없음,승합,남,66세,상해없음
2022102400100539,2022년 10월 24일 18시,월요일,경상남도 진주시 이현동,중상사고,0,1,0,0,차량단독 - 기타,안전운전불이행,건조,맑음,단일로 - 기타,승합,남,57세,상해없음,,,,
2022102400100540,2022년 10월 24일 18시,월요일,경상남도 거제시 연초면,중상사고,0,1,0,0,차대사람 - 기타,보행자보호의무위반,건조,맑음,교차로 - 교차로횡단보도내,승용,남,48세,상해없음,보행자,남,73세,중상
2022102400100577,2022년 10월 24일 19시,월요일,경상남도 김해시 지내동,경상사고,0,0,1,0,차대차 - 측면충돌,신호위반,건조,맑음,교차로 - 교차로안,자전거,남,64세,기타불명,이륜,남,22세,경상
2022102400100578,2022년 10월 24일 19시,월요일,경상남도 양산시 평산동,중상사고,0,1,0,0,차대차 - 측면충돌,안전거리미확보,건조,맑음,교차로 - 교차로부근,이륜,남,28세,중상,화물,남,19세,상해없음
2022102400100608,2022년 10월 24일 20시,월요일,경상남도 진주시 가좌동,경상사고,0,0,3,0,차대사람 - 횡단중,안전운전불이행,건조,맑음,단일로 - 기타,승용,남,59세,상해없음,보행자,여,45세,경상
2022102400100609,2022년 10월 24일 20시,월요일,경상남도 합천군 초계면,중상사고,0,1,0,0,차대사람 - 보도통행중,보행자보호의무위반,건조,맑음,교차로 - 교차로횡단보도내,승용,남,60세,상해없음,보행자,여,53세,중상
2022102400100610,2022년 10월 24일 20시,월요일,경상남도 창원시 성산구 신촌동,경상사고,0,0,1,0,차대차 - 기타,신호위반,건조,흐림,교차로 - 교차로안,화물,남,60세,상해없음,승합,남,41세,경상
2022102400100611,2022년 10월 24일 20시,월요일,경상남도 김해시 풍유동,경상사고,0,0,1,0,차대차 - 측면충돌,신호위반,건조,맑음,교차로 - 교차로안,화물,남,56세,상해없음,승용,남,32세,경상
2022102400100626,2022년 10월 24일 21시,월요일,경상남도 밀양시 내이동,중상사고,0,1,0,0,차대차 - 측면충돌,교차로운행방법위반,건조,흐림,교차로 - 교차로안,승용,여,42세,상해없음,이륜,남,22세,중상
2022102400100637,2022년 10월 24일 22시,월요일,경상남도 밀양시 삼문동,경상사고,0,0,1,0,차대차 - 측면충돌,안전운전불이행,건조,맑음,교차로 - 교차로안,승용,여,40세,상해없음,승용,남,80세,경상
2022102400100638,2022년 10월 24일 22시,월요일,경상남도 김해시 삼정동,경상사고,0,0,1,0,차대차 - 측면충돌,교차로운행방법위반,건조,맑음,교차로 - 교차로안,개인형이동수단(PM),남,30세,경상,승용,여,30세,상해없음
2022102500100012,2022년 10월 25일 00시,화요일,경상남도 진주시 충무공동,경상사고,0,0,1,0,차대차 - 추돌,안전운전불이행,건조,맑음,교차로 - 교차로부근,승용,남,48세,상해없음,승용,남,34세,경상
2022102500100024,2022년 10월 25일 03시,화요일,경상남도 김해시 진례면,중상사고,0,1,0,0,차대차 - 정면충돌,안전운전불이행,건조,맑음,단일로 - 기타,화물,남,63세,중상,화물,남,52세,기타불명
2022102500100063,2022년 10월 25일 07시,화요일,경상남도 사천시 곤양면,중상사고,0,1,0,0,차대차 - 기타,안전운전불이행,건조,맑음,단일로 - 기타,이륜,남,77세,중상,승합,남,54세,상해없음