사고번호,사고일시,요일,시군구,사고내용,사망자수,중상자수,경상자수,부상신고자수,사고유형,법규위반,노면상태,기상상태,도로형태,가해운전자 차종,가해운전자 성별,가해운전자 연령,가해운전자 상해정도,피해운전자 차종,피해운전자 성별,피해운전자 연령,피해운전자 상해정도
2022110500100277,2022년 11월 5일 13시,토요일,경상남도 사천시 선구동,중상사고,0,1,0,0,차대차 - 정면충돌,중앙선침범,건조,맑음,단일로 - 기타,승용,여,42세,상해없음,승용,남,45세,중상
2022110500100278,2022년 11월 5일 13시,토요일,경상남도 양산시 물금읍,경상사고,0,0,1,0,차대차 - 추돌,안전거리미확보,건조,맑음,교차로 - 교차로안,승용,남,62세,상해없음,승용,남,30세,경상
2022110500100279,2022년 11월 5일 13시,토요일,경상남도 김해시 진영읍,중상사고,0,1,0,0,차대사람 - 차도통행중,안전운전불이행,건조,맑음,교차로 - 교차로부근,승용,남,53세,상해없음,보행자,여,5세,중상
2022110500100280,2022년 11월 5일 13시,토요일,경상남도 김해시 진영읍,경상사고,0,0,1,0,차대차 - 추돌,안전운전불이행,건조,맑음,교차로 - 교차로부근,승용,여,32세,상해없음,이륜,남,41세,경상
2022110500100334,2022년 11월 5일 14시,토요일,경상남도 진주시 가좌동,경상사고,0,0,1,0,차대차 - 측면충돌,안전운전불이행,건조,맑음,단일로 - 기타,승용,남,58세,상해없음,원동기,남,56세,경상
2022110500100335,2022년 11월 5일 14시,토요일,경상남도 함안군 군북면,중상사고,0,1,0,0,차대차 - 후진중충돌,안전운전불이행,건조,맑음,단일로 - 기타,농기계,남,59세,상해없음,승용,남,74세,중상
2022110500100379,2022년 11월 5일 15시,토요일,경상남도 거제시 아주동,경상사고,0,0,2,0,차대차 - 기타,안전운전불이행,건조,맑음,교차로 - 교차로부근,승용,여,62세,상해없음,승용,여,41세,경상
2022110500100422,2022년 11월 5일 16시,토요일,경상남도 진주시 초전동,중상사고,0,1,0,0,차대사람 - 횡단중,보행자보호의무위반,건조,맑음,단일로 - 기타,승용,여,31세,상해없음,보행자,남,9세,중상
2022110500100423,2022년 11월 5일 16시,토요일,경상남도 창원시 진해구 자은동,경상사고,0,0,1,0,차대사람 - 횡단중,보행자보호의무위반,건조,맑음,교차로 - 교차로횡단보도내,승용,남,25세,상해없음,보행자,남,66세,경상
2022110500100424,2022년 11월 5일 16시,토요일,경상남도 통영시 도남동,경상사고,0,0,1,0,차대사람 - 횡단중,보행자보호의무위반,건조,맑음,단일로 - 기타,승용,남,62세,상해없음,보행자,남,69세,경상
2022110500100425,2022년 11월 5일 16시,토요일,경상남도 산청군 삼장면,경상사고,0,0,1,0,차대차 - 측면충돌,안전운전불이행,건조,맑음,교차로 - 교차로안,승용,여,52세,상해없음,자전거,남,5세,경상
2022110500100466,2022년 11월 5일 17시,토요일,경상남도 김해시 부원동,중상사고,0,1,0,0,차대차 - 기타,안전운전불이행,건조,맑음,단일로 - 기타,승용,여,50세,상해없음,원동기,남,66세,중상
2022110500100467,2022년 11월 5일 17시,토요일,경상남도 양산시 북정동,경상사고,0,0,2,0,차대차 - 측면충돌,신호위반,건조,맑음,교차로 - 교차로안,화물,남,27세,상해없음,승용,여,46세,경상
2022110500100512,2022년 11월 5일 18시,토요일,경상남도 사천시 서포면,중상사고,0,1,0,0,차대사람 - 횡단중,안전운전불이행,건조,맑음,교차로 - 교차로안,승용,남,64세,상해없음,보행자,여,68세,중상
2022110500100513,2022년 11월 5일 18시,토요일,경상남도 김해시 봉황동,경상사고,0,0,1,0,차대차 - 기타,안전운전불이행,건조,맑음,교차로 - 교차로안,승용,남,78세,상해없음,승용,남,75세,경상
2022110500100514,2022년 11월 5일 18시,토요일,경상남도 김해시 삼계동,경상사고,0,0,2,0,차대차 - 추돌,안전운전불이행,건조,맑음,단일로 - 기타,승용,남,36세,상해없음,승용,여,29세,경상
2022110500100515,2022년 11월 5일 18시,토요일,경상남도 양산시 소주동,경상사고,0,0,2,0,차대차 - 기타,안전운전불이행,건조,맑음,교차로 - 교차로안,화물,남,69세,상해없음,승용,여,39세,경상
2022110500100516,2022년 11월 5일 18시,토요일,경상남도 김해시 대청동,경상사고,0,0,1,0,차대차 - 후진중충돌,안전운전불이행,건조,맑음,교차로 - 교차로안,승용,여,55세,상해없음,승용,남,22세,경상
2022110500100558,2022년 11월 5일 19시,토요일,경상남도 진주시 사봉면,경상사고,0,0,2,0,차대차 - 측면충돌,안전운전불이행,건조,맑음,교차로 - 교차로안,화물,남,65세,상해없음,승용,남,38세,경상
2022110500100559,2022년 11월 5일 19시,토요일,경상남도 창원시 의창구 봉곡동,경상사고,0,0,1,0,차대차 - 측면충돌,중앙선침범,건조,맑음,단일로 - 기타,승용,남,51세,상해없음,승용,남,28세,경상
2022110500100606,2022년 11월 5일 21시,토요일,경상남도 함양군 함양읍,중상사고,0,1,1,0,차대차 - 측면충돌,안전운전불이행,건조,맑음,교차로 - 교차로안,승용,남,67세,상해없음,승용,여,60세,중상
2022110500100623,2022년 11월 5일 22시,토요일,경상남도 진주시 평거동,경상사고,0,0,1,0,차대차 - 측면충돌,신호위반,건조,맑음,교차로 - 교차로안,이륜,남,40세,경상,승용,여,48세,상해없음
2022110500100624,2022년 11월 5일 22시,토요일,경상남도 김해시 부곡동,중상사고,0,1,0,0,차대차 - 기타,신호위반,건조,맑음,교차로 - 교차로안,승용,남,44세,상해없음,승용,남,32세,중상
2022110600100010,2022년 11월 6일 00시,일요일,경상남도 밀양시 내이동,경상사고,0,0,1,0,차대차 - 측면충돌,신호위반,건조,맑음,교차로 - 교차로안,화물,남,59세,상해없음,승용,남,24세,경상
2022110600100036,2022년 11월 6일 02시,일요일,경상남도 김해시 삼계동,중상사고,0,2,0,0,차대사람 - 길가장자리구역통행중,안전운전불이행,건조,맑음,교차로 - 교차로부근,승용,남,24세,상해없음,보행자,남,47세,중상
2022110600100082,2022년 11월 6일 07시,일요일,경상남도 통영시 욕지면,중상사고,0,1,1,0,차대차 - 정면충돌,안전운전불이행,건조,맑음,교차로 - 교차로안,승용,남,79세,상해없음,승용,남,67세,경상
2022110600100083,2022년 11월 6일 07시,일요일,경상남도 의령군 의령읍,경상사고,0,0,1,0,차대차 - 측면충돌,신호위반,건조,맑음,교차로 - 교차로안,승용,여,66세,상해없음,승용,남,75세,경상
2022110600100110,2022년 11월 6일 09시,일요일,경상남도 고성군 고성읍,중상사고,0,1,0,0,차량단독 - 기타,안전운전불이행,건조,맑음,단일로 - 기타,승합,남,54세,상해없음,,,,
2022110600100111,2022년 11월 6일 09시,일요일,경상남도 남해군 창선면,중상사고,0,1,0,0,차대차 - 측면충돌,직진우회전진행방해,건조,맑음,단일로 - 기타,화물,남,77세,상해없음,이륜,남,83세,중상
2022110600100160,2022년 11월 6일 11시,일요일,경상남도 김해시 외동,경상사고,0,0,1,0,차대차 - 측면충돌,안전운전불이행,건조,맑음,교차로 - 교차로안,원동기,남,40세,경상,승용,여,51세,상해없음
2022110600100161,2022년 11월 6일 11시,일요일,경상남도 거제시 고현동,중상사고,0,1,0,0,차대차 - 기타,안전운전불이행,건조,맑음,기타 - 기타,승용,여,51세,상해없음,자전거,남,67세,중상
2022110600100178,2022년 11월 6일 12시,일요일,경상남도 양산시 다방동,경상사고,0,0,2,2,차대차 - 측면충돌,안전운전불이행,건조,맑음,단일로 - 기타,승용,여,49세,상해없음,승용,남,44세,경상
2022110600100190,2022년 11월 6일 12시,일요일,경상남도 사천시 사천읍,중상사고,0,1,0,0,차대사람 - 기타,안전운전불이행,건조,맑음,단일로 - 기타,승용,남,46세,상해없음,보행자,남,71세,중상
2022110600100191,2022년 11월 6일 12시,일요일,경상남도 사천시 곤명면,경상사고,0,0,3,0,차대차 - 기타,교차로운행방법위반,건조,맑음,교차로 - 교차로안,승용,여,69세,상해없음,승용,남,48세,경상
2022110600100192,2022년 11월 6일 12시,일요일,경상남도 거창군 거창읍,경상사고,0,0,1,0,차대사람 - 기타,안전운전불이행,건조,맑음,단일로 - 기타,승용,여,45세,상해없음,보행자,남,51세,경상
2022110600100193,2022년 11월 6일 12시,일요일,경상남도 합천군 가야면,경상사고,0,0,1,0,차대사람 - 횡단중,안전운전불이행,건조,맑음,교차로 - 교차로부근,승용,여,62세,상해없음,보행자,남,7세,경상
2022110600100194,2022년 11월 6일 12시,일요일,경상남도 양산시 평산동,경상사고,0,0,2,0,차대차 - 추돌,안전운전불이행,건조,맑음,단일로 - 기타,승용,남,61세,경상,승용,남,63세,경상
2022110600100226,2022년 11월 6일 13시,일요일,경상남도 창원시 진해구 용원동,경상사고,0,0,2,0,차대차 - 측면충돌,안전운전불이행,건조,맑음,단일로 - 기타,승용,남,29세,상해없음,승용,여,44세,상해없음
2022110600100227,2022년 11월 6일 13시,일요일,경상남도 통영시 광도면,경상사고,0,0,1,0,차대차 - 정면충돌,신호위반,건조,맑음,교차로 - 교차로안,승용,남,72세,상해없음,승용,남,68세,경상
2022110600100228,2022년 11월 6일 13시,일요일,경상남도 통영시 북신동,경상사고,0,0,2,0,차대차 - 측면충돌,안전운전불이행,건조,맑음,교차로 - 교차로안,승용,여,67세,상해없음,승용,남,50세,경상
2022110600100229,2022년 11월 6일 13시,일요일,경상남도 사천시 대방동,중상사고,0,1,1,1,차대차 - 추돌,안전운전불이행,건조,맑음,단일로 - 기타,승용,남,44세,상해없음,승용,남,55세,부상신고
2022110600100230,2022년 11월 6일 13시,일요일,경상남도 김해시 외동,경상사고,0,0,1,0,차대차 - 측면충돌,차로위반,건조,맑음,단일로 - 기타,승용,남,59세,상해없음,원동기,남,25세,경상
2022110600100275,2022년 11월 6일 14시,일요일,경상남도 창원시 진해구 석동,경상사고,0,0,1,0,차대차 - 측면충돌,직진우회전진행방해,건조,맑음,교차로 - 교차로안,이륜,남,17세,기타불명,이륜,남,62세,경상
2022110600100276,2022년 11월 6일 14시,일요일,경상남도 창녕군 창녕읍,경상사고,0,0,2,0,차대차 - 기타,안전운전불이행,건조,맑음,기타 - 기타,화물,남,37세,상해없음,승합,남,58세,경상
2022110600100304,2022년 11월 6일 15시,일요일,경상남도 김해시 부원동,경상사고,0,0,1,0,차대차 - 측면충돌,안전거리미확보,건조,맑음,교차로 - 교차로부근,승용,남,62세,상해없음,승용,여,48세,경상
2022110600100305,2022년 11월 6일 15시,일요일,경상남도 거제시 아주동,경상사고,0,0,1,0,차대차 - 측면충돌,안전운전불이행,건조,맑음,단일로 - 기타,자전거,남,48세,경상,승용,남,37세,상해없음
2022110600100340,2022년 11월 6일 16시,일요일,경상남도 김해시 삼정동,경상사고,0,0,3,1,차대차 - 측면충돌,안전운전불이행,건조,맑음,단일로 - 기타,이륜,남,34세,부상신고,승용,남,48세,경상
2022110600100341,2022년 11월 6일 16시,일요일,경상남도 남해군 고현면,중상사고,0,1,0,0,차대차 - 측면충돌,교차로운행방법위반,건조,맑음,교차로 - 교차로안,승합,남,52세,상해없음,승용,여,37세,중상
2022110600100369,2022년 11월 6일 17시,일요일,경상남도 거창군 거창읍,중상사고,0,1,0,0,차대차 - 측면충돌,교차로운행방법위반,건조,맑음,교차로 - 교차로안,승용,여,21세,상해없음,이륜,남,56세,중상
2022110600100370,2022년 11월 6일 17시,일요일,경상남도 산청군 신등면,중상사고,0,1,0,0,차량단독 - 전도전복 - 전도,안전운전불이행,건조,맑음,단일로 - 기타,승용,남,55세,상해없음,,,,
2022110600100410,2022년 11월 6일 18시,일요일,경상남도 통영시 북신동,경상사고,0,0,1,0,차대차 - 측면충돌,안전운전불이행,건조,맑음,단일로 - 기타,화물,남,60세,상해없음,이륜,남,24세,경상
2022110600100411,2022년 11월 6일 18시,일요일,경상남도 김해시 삼방동,경상사고,0,0,1,0,차대차 - 측면충돌,교차로운행방법위반,건조,맑음,교차로 - 교차로안,승용,여,45세,상해없음,이륜,남,37세,경상
2022110600100412,2022년 11월 6일 18시,일요일,경상남도 김해시 진영읍,경상사고,0,0,4,0,차대차 - 추돌,안전운전불이행,건조,맑음,교차로 - 교차로안,화물,남,66세,상해없음,승용,남,39세,경상
2022110600100510,2022년 11월 6일 22시,일요일,경상남도 통영시 광도면,경상사고,0,0,1,0,차량단독 - 공작물충돌,안전운전불이행,건조,맑음,단일로 - 기타,승용,여,63세,경상,,,,
2022110700100018,2022년 11월 7일 04시,월요일,경상남도 통영시 당동,경상사고,0,0,1,0,차량단독 - 도로외이탈 - 추락,안전운전불이행,건조,맑음,단일로 - 기타,승용,여,19세,경상,,,,
2022110700100040,2022년 11월 7일 06시,월요일,경상남도 통영시 서호동,중상사고,0,1,0,0,차대사람 - 차도통행중,안전운전불이행,건조,맑음,단일로 - 기타,승용,남,56세,상해없음,보행자,여,74세,중상
2022110700100041,2022년 11월 7일 06시,월요일,경상남도 창원시 마산합포구 산호동,중상사고,0,1,0,0,차대사람 - 보도통행중,기타,건조,맑음,단일로 - 기타,화물,남,56세,상해없음,보행자,남,76세,중상
2022110700100065,2022년 11월 7일 07시,월요일,경상남도 통영시 사량면,경상사고,0,0,1,0,차대사람 - 횡단중,안전운전불이행,건조,맑음,단일로 - 기타,승합,남,66세,상해없음,보행자,여,68세,경상
2022110700100066,2022년 11월 7일 07시,월요일,경상남도 함안군 칠서면,중상사고,0,1,0,0,차대차 - 기타,안전운전불이행,건조,맑음,교차로 - 교차로안,화물,남,57세,상해없음,원동기,남,19세,중상
2022110700100101,2022년 11월 7일 08시,월요일,경상남도 창원시 마산합포구 진북면,경상사고,0,0,1,0,차대차 - 측면충돌,교차로운행방법위반,건조,맑음,교차로 - 교차로안,건설기계,남,62세,상해없음,승용,남,63세,경상
2022110700100102,2022년 11월 7일 08시,월요일,경상남도 창원시 진해구 석동,중상사고,0,1,0,0,차대차 - 정면충돌,안전운전불이행,건조,맑음,교차로 - 교차로부근,자전거,남,57세,중상,승용,여,51세,상해없음
2022110700100103,2022년 11월 7일 08시,월요일,경상남도 밀양시 내이동,중상사고,0,1,0,0,차대차 - 기타,안전운전불이행,건조,맑음,교차로 - 교차로안,이륜,남,53세,중상,화물,남,62세,상해없음
2022110700100104,2022년 11월 7일 08시,월요일,경상남도 김해시 구산동,경상사고,0,0,2,0,차대차 - 추돌,안전운전불이행,건조,맑음,단일로 - 기타,승용,여,33세,경상,승용,여,42세,경상
2022110700100105,2022년 11월 7일 08시,월요일,경상남도 함양군 함양읍,중상사고,0,1,0,0,차대차 - 추돌,안전운전불이행,건조,맑음,단일로 - 기타,화물,남,68세,상해없음,농기계,남,66세,중상
2022110700100153,2022년 11월 7일 09시,월요일,경상남도 사천시 선구동,경상사고,0,0,1,0,차대차 - 기타,교차로운행방법위반,건조,맑음,교차로 - 교차로안,화물,남,78세,상해없음,승용,남,80세,경상
2022110700100154,2022년 11월 7일 09시,월요일,경상남도 창원시 성산구 남양동,경상사고,0,0,1,0,차대차 - 측면충돌,안전운전불이행,건조,맑음,교차로 - 교차로안,승용,여,62세,상해없음,승용,남,72세,경상
2022110700100155,2022년 11월 7일 09시,월요일,경상남도 창원시 의창구 팔용동,경상사고,0,0,2,0,차대차 - 측면충돌,차로위반,건조,맑음,단일로 - 기타,승용,여,48세,상해없음,승용,남,27세,경상
2022110700100216,2022년 11월 7일 11시,월요일,경상남도 김해시 대동면,경상사고,0,0,1,0,차대차 - 기타,안전거리미확보,건조,맑음,단일로 - 기타,화물,남,37세,상해없음,특수,남,40세,경상
2022110700100226,2022년 11월 7일 11시,월요일,경상남도 창원시 마산합포구 수성동,중상사고,0,1,0,0,차대사람 - 기타,안전운전불이행,건조,맑음,단일로 - 기타,승용,남,68세,상해없음,보행자,여,79세,중상
2022110700100227,2022년 11월 7일 11시,월요일,경상남도 하동군 하동읍,경상사고,0,0,1,0,차대차 - 추돌,안전거리미확보,건조,맑음,교차로 - 교차로안,화물,남,82세,상해없음,화물,남,60세,경상
2022110700100228,2022년 11월 7일 11시,월요일,경상남도 함안군 가야읍,경상사고,0,0,1,0,차대차 - 측면충돌,교차로운행방법위반,건조,맑음,교차로 - 교차로안,화물,남,58세,상해없음,승용,남,23세,경상
2022110700100262,2022년 11월 7일 12시,월요일,경상남도 창녕군 도천면,중상사고,0,1,0,0,차대차 - 기타,안전운전불이행,건조,맑음,교차로 - 교차로부근,화물,남,66세,상해없음,이륜,남,81세,중상
2022110700100288,2022년 11월 7일 13시,월요일,경상남도 창원시 마산합포구 남성동,경상사고,0,0,1,0,차대차 - 측면충돌,신호위반,건조,맑음,교차로 - 교차로안,승용,남,72세,상해없음,승합,남,39세,경상
2022110700100289,2022년 11월 7일 13시,월요일,경상남도 창원시 진해구 덕산동,경상사고,0,0,1,0,차대사람 - 기타,신호위반,건조,맑음,교차로 - 교차로횡단보도내,화물,남,59세,상해없음,보행자,여,67세,경상
2022110700100290,2022년 11월 7일 13시,월요일,경상남도 산청군 산청읍,경상사고,0,0,1,0,차대사람 - 기타,안전운전불이행,건조,맑음,주차장 - 주차장,승용,여,68세,상해없음,보행자,남,9세,경상
2022110700100320,2022년 11월 7일 14시,월요일,경상남도 함양군 마천면,중상사고,0,1,0,0,차량단독 - 공작물충돌,안전운전불이행,젖음/습기,맑음,교차로 - 교차로안,원동기,남,79세,중상,,,,
2022110700100321,2022년 11월 7일 14시,월요일,경상남도 하동군 북천면,중상사고,0,1,1,0,차대차 - 정면충돌,중앙선침범,건조,맑음,단일로 - 기타,승용,남,47세,경상,승용,여,40세,중상
2022110700100358,2022년 11월 7일 15시,월요일,경상남도 김해시 삼계동,중상사고,0,1,0,0,차대사람 - 횡단중,안전운전불이행,건조,맑음,단일로 - 기타,승용,남,23세,상해없음,보행자,남,13세,중상
2022110700100359,2022년 11월 7일 15시,월요일,경상남도 김해시 내동,경상사고,0,0,2,0,차대차 - 측면충돌,안전운전불이행,건조,맑음,교차로 - 교차로안,승용,남,29세,상해없음,승용,남,32세,경상
2022110700100360,2022년 11월 7일 15시,월요일,경상남도 김해시 부원동,중상사고,0,1,0,0,차대사람 - 길가장자리구역통행중,안전운전불이행,건조,맑음,단일로 - 기타,승용,여,63세,상해없음,보행자,여,79세,중상
2022110700100361,2022년 11월 7일 15시,월요일,경상남도 양산시 남부동,경상사고,0,0,1,0,차대사람 - 기타,안전운전불이행,건조,맑음,기타 - 기타,승용,여,34세,상해없음,보행자,남,68세,경상
2022110700100362,2022년 11월 7일 15시,월요일,경상남도 거제시 옥포동,중상사고,0,1,0,0,차대사람 - 횡단중,보행자보호의무위반,건조,맑음,교차로 - 교차로횡단보도내,승용,여,50세,상해없음,보행자,남,69세,중상
2022110700100363,2022년 11월 7일 15시,월요일,경상남도 김해시 주촌면,경상사고,0,0,1,0,차대차 - 측면충돌,중앙선침범,건조,맑음,단일로 - 기타,특수,남,41세,상해없음,특수,남,57세,경상
2022110700100452,2022년 11월 7일 17시,월요일,경상남도 고성군 구만면,사망사고,2,0,0,0,차량단독 - 도로외이탈 - 추락,안전운전불이행,건조,맑음,단일로 - 기타,화물,남,80세,사망,,,,
2022110700100453,2022년 11월 7일 17시,월요일,경상남도 하동군 금성면,경상사고,0,0,1,0,차대차 - 측면충돌,안전운전불이행,건조,맑음,단일로 - 기타,승용,남,70세,상해없음,화물,남,63세,경상
2022110700100510,2022년 11월 7일 18시,월요일,경상남도 통영시 광도면,경상사고,0,0,1,0,차대차 - 측면충돌,안전운전불이행,건조,맑음,단일로 - 기타,승용,여,58세,상해없음,승용,남,67세,경상
2022110700100511,2022년 11월 7일 18시,월요일,경상남도 양산시 물금읍,경상사고,0,0,2,0,차대차 - 정면충돌,신호위반,건조,맑음,교차로 - 교차로안,승용,남,30세,상해없음,원동기,남,24세,경상
2022110700100512,2022년 11월 7일 18시,월요일,경상남도 고성군 고성읍,중상사고,0,1,0,0,차대차 - 측면충돌,직진우회전진행방해,건조,맑음,교차로 - 교차로부근,화물,남,41세,상해없음,자전거,남,71세,중상
2022110700100513,2022년 11월 7일 18시,월요일,경상남도 산청군 생초면,사망사고,1,0,0,0,차량단독 - 공작물충돌,안전운전불이행,건조,맑음,단일로 - 기타,화물,남,50세,사망,,,,
2022110700100514,2022년 11월 7일 18시,월요일,경상남도 김해시 한림면,중상사고,0,2,0,0,차대차 - 추돌,안전운전불이행,건조,맑음,교차로 - 교차로부근,승용,남,40세,상해없음,승용,남,69세,중상
2022110700100551,2022년 11월 7일 19시,월요일,경상남도 양산시 북부동,부상신고사고,0,0,0,1,차대사람 - 기타,안전운전불이행,건조,맑음,단일로 - 기타,승용,남,28세,기타불명,보행자,남,12세,부상신고
2022110700100591,2022년 11월 7일 21시,월요일,경상남도 양산시 명동,경상사고,0,0,1,0,차대차 - 기타,안전운전불이행,건조,맑음,단일로 - 기타,승용,여,53세,경상,건설기계,기타불명,미분류,기타불명
2022110700100592,2022년 11월 7일 21시,월요일,경상남도 창원시 마산회원구 내서읍,경상사고,0,0,1,0,차대차 - 정면충돌,신호위반,건조,맑음,교차로 - 교차로안,승용,여,53세,상해없음,승용,남,31세,경상
2022110700100593,2022년 11월 7일 21시,월요일,경상남도 창원시 의창구 소답동,경상사고,0,0,2,0,차대차 - 추돌,안전운전불이행,건조,맑음,단일로 - 기타,승용,남,30세,상해없음,원동기,남,43세,경상
2022110700100619,2022년 11월 7일 23시,월요일,경상남도 양산시 물금읍,경상사고,0,0,1,0,차대차 - 정면충돌,신호위반,건조,맑음,교차로 - 교차로부근,개인형이동수단(PM),남,21세,상해없음,승용,남,37세,경상
2022110800100003,2022년 11월 8일 00시,화요일,경상남도 창원시 의창구 봉곡동,경상사고,0,0,1,0,차대차 - 추돌,안전거리미확보,건조,맑음,교차로 - 교차로부근,승용,여,64세,상해없음,이륜,남,38세,경상
2022110800100037,2022년 11월 8일 05시,화요일,경상남도 창원시 진해구 두동,중상사고,0,1,1,0,차대차 - 추돌,안전운전불이행,건조,맑음,단일로 - 기타,승용,여,60세,중상,화물,남,69세,경상
2022110800100117,2022년 11월 8일 08시,화요일,경상남도 거제시 고현동,중상사고,0,1,1,0,차대차 - 정면충돌,신호위반,건조,맑음,단일로 - 기타,승용,여,53세,중상,승용,여,51세,경상
2022110800100154,2022년 11월 8일 09시,화요일,경상남도 창원시 진해구 용원동,경상사고,0,0,2,0,차대차 - 측면충돌,안전운전불이행,건조,맑음,교차로 - 교차로부근,승용,여,44세,경상,특수,남,39세,경상
2022110800100155,2022년 11월 8일 09시,화요일,경상남도 함안군 칠원읍,경상사고,0,0,2,0,차대차 - 추돌,안전운전불이행,건조,맑음,교차로 - 교차로부근,승용,남,57세,상해없음,화물,남,50세,경상
2022110800100186,2022년 11월 8일 10시,화요일,경상남도 창원시 진해구 풍호동,중상사고,0,1,0,0,차대차 - 기타,직진우회전진행방해,건조,맑음,교차로 - 교차로안,승용,여,35세,상해없음,이륜,남,49세,중상
2022110800100187,2022년 11월 8일 10시,화요일,경상남도 사천시 벌리동,경상사고,0,0,1,0,차대차 - 측면충돌,안전운전불이행,건조,맑음,교차로 - 교차로안,승용,남,57세,상해없음,이륜,남,33세,경상
2022110800100221,2022년 11월 8일 11시,화요일,경상남도 밀양시 삼랑진읍,중상사고,0,1,0,0,차대차 - 기타,안전운전불이행,건조,맑음,단일로 - 기타,자전거,남,46세,중상,이륜,남,85세,상해없음
2022110800100261,2022년 11월 8일 12시,화요일,경상남도 김해시 구산동,중상사고,0,1,0,0,차대차 - 측면충돌,직진우회전진행방해,건조,맑음,교차로 - 교차로안,승용,남,73세,상해없음,이륜,남,26세,중상
2022110800100264,2022년 11월 8일 12시,화요일,경상남도 거제시 동부면,중상사고,0,1,1,0,차대사람 - 기타,중앙선침범,건조,맑음,단일로 - 기타,이륜,남,60세,경상,보행자,여,67세,중상
2022110800100265,2022년 11월 8일 12시,화요일,경상남도 남해군 삼동면,중상사고,0,1,0,0,차대사람 - 길가장자리구역통행중,안전운전불이행,건조,맑음,주차장 - 주차장,승용,남,71세,상해없음,보행자,여,63세,중상
2022110800100290,2022년 11월 8일 13시,화요일,경상남도 진주시 가좌동,사망사고,1,0,0,0,차대차 - 정면충돌,중앙선침범,건조,맑음,단일로 - 기타,승용,남,59세,상해없음,자전거,남,68세,사망
2022110800100291,2022년 11월 8일 13시,화요일,경상남도 창원시 진해구 여좌동,경상사고,0,0,1,0,차량단독 - 기타,안전운전불이행,건조,맑음,단일로 - 기타,승합,여,64세,상해없음,,,,
2022110800100324,2022년 11월 8일 14시,화요일,경상남도 김해시 삼정동,경상사고,0,0,2,0,차대차 - 측면충돌,중앙선침범,건조,맑음,단일로 - 기타,승용,여,56세,상해없음,승용,여,41세,경상
2022110800100325,2022년 11월 8일 14시,화요일,경상남도 합천군 합천읍,중상사고,0,1,0,0,차대사람 - 길가장자리구역통행중,안전운전불이행,건조,맑음,단일로 - 기타,특수,남,56세,상해없음,보행자,여,49세,중상
2022110800100326,2022년 11월 8일 14시,화요일,경상남도 함안군 가야읍,중상사고,0,1,0,0,차대차 - 측면충돌,신호위반,건조,맑음,교차로 - 교차로안,승용,여,63세,상해없음,화물,남,50세,중상
2022110800100362,2022년 11월 8일 15시,화요일,경상남도 밀양시 상남면,중상사고,0,1,0,0,차량단독 - 공작물충돌,안전운전불이행,건조,맑음,단일로 - 기타,사륜오토바이(ATV),남,42세,중상,,,,
2022110800100363,2022년 11월 8일 15시,화요일,경상남도 김해시 삼정동,경상사고,0,0,1,0,차량단독 - 기타,안전운전불이행,건조,맑음,교차로 - 교차로부근,승합,남,61세,상해없음,,,,
2022110800100364,2022년 11월 8일 15시,화요일,경상남도 함양군 함양읍,중상사고,0,1,0,0,차대차 - 측면충돌,안전운전불이행,건조,맑음,교차로 - 교차로부근,승용,남,76세,상해없음,이륜,남,81세,중상
2022110800100365,2022년 11월 8일 15시,화요일,경상남도 양산시 중부동,경상사고,0,0,1,0,차대사람 - 차도통행중,안전운전불이행,건조,맑음,교차로 - 교차로안,승용,여,59세,상해없음,보행자,남,10세,경상
2022110800100405,2022년 11월 8일 16시,화요일,경상남도 통영시 광도면,경상사고,0,0,2,0,차대차 - 기타,교차로운행방법위반,건조,맑음,교차로 - 교차로안,승용,남,23세,기타불명,승용,남,42세,경상
2022110800100406,2022년 11월 8일 16시,화요일,경상남도 김해시 내동,경상사고,0,0,1,0,차대차 - 측면충돌,불법유턴,건조,맑음,교차로 - 교차로안,개인형이동수단(PM),여,18세,경상,승용,여,36세,상해없음
2022110800100407,2022년 11월 8일 16시,화요일,경상남도 고성군 하이면,중상사고,0,2,0,0,차대차 - 기타,중앙선침범,건조,맑음,단일로 - 기타,승용,남,66세,기타불명,승용,남,21세,중상
2022110800100408,2022년 11월 8일 16시,화요일,경상남도 고성군 고성읍,중상사고,0,1,0,0,차대사람 - 횡단중,안전운전불이행,건조,맑음,교차로 - 교차로안,승용,남,37세,상해없음,보행자,여,70세,중상
2022110800100452,2022년 11월 8일 17시,화요일,경상남도 김해시 삼계동,경상사고,0,0,1,0,차대차 - 측면충돌,신호위반,건조,맑음,교차로 - 교차로안,이륜,남,26세,상해없음,이륜,남,25세,경상
2022110800100453,2022년 11월 8일 17시,화요일,경상남도 합천군 합천읍,경상사고,0,0,1,0,차대차 - 측면충돌,직진우회전진행방해,건조,맑음,교차로 - 교차로안,승용,여,45세,상해없음,자전거,남,69세,경상
2022110800100454,2022년 11월 8일 17시,화요일,경상남도 고성군 고성읍,경상사고,0,0,1,0,차량단독 - 공작물충돌,안전운전불이행,건조,맑음,단일로 - 기타,이륜,남,72세,경상,,,,
2022110800100512,2022년 11월 8일 18시,화요일,경상남도 산청군 신안면,경상사고,0,0,1,0,차대차 - 기타,안전운전불이행,건조,맑음,단일로 - 기타,승용,여,60세,경상,승용,남,23세,기타불명