사고번호,사고일시,요일,시군구,사고내용,사망자수,중상자수,경상자수,부상신고자수,사고유형,법규위반,노면상태,기상상태,도로형태,가해운전자 차종,가해운전자 성별,가해운전자 연령,가해운전자 상해정도,피해운전자 차종,피해운전자 성별,피해운전자 연령,피해운전자 상해정도
2022110800100569,2022년 11월 8일 19시,화요일,경상남도 고성군 고성읍,경상사고,0,0,1,0,차대차 - 기타,신호위반,건조,맑음,교차로 - 교차로안,승용,여,71세,상해없음,승용,여,52세,경상
2022110800100601,2022년 11월 8일 20시,화요일,경상남도 김해시 대청동,경상사고,0,0,1,0,차대차 - 기타,안전운전불이행,건조,맑음,교차로 - 교차로부근,승용,여,44세,상해없음,승용,남,55세,경상
2022110800100629,2022년 11월 8일 21시,화요일,경상남도 김해시 내동,중상사고,0,1,0,0,차대차 - 추돌,안전운전불이행,건조,맑음,단일로 - 기타,승용,남,33세,상해없음,승용,여,46세,중상
2022110900100045,2022년 11월 9일 06시,수요일,경상남도 김해시 전하동,사망사고,1,0,0,0,차대사람 - 횡단중,안전운전불이행,건조,맑음,단일로 - 기타,승합,남,60세,상해없음,보행자,여,82세,사망
2022110900100046,2022년 11월 9일 06시,수요일,경상남도 양산시 북정동,경상사고,0,0,1,0,차대차 - 측면충돌,직진우회전진행방해,건조,맑음,교차로 - 교차로안,승합,남,71세,상해없음,승용,남,45세,경상
2022110900100047,2022년 11월 9일 06시,수요일,경상남도 거제시 사등면,경상사고,0,0,2,0,차대차 - 측면충돌,안전운전불이행,건조,맑음,단일로 - 기타,승용,여,40세,상해없음,승합,남,60세,경상
2022110900100070,2022년 11월 9일 07시,수요일,경상남도 창원시 진해구 평안동,경상사고,0,0,1,0,차대차 - 기타,안전운전불이행,건조,맑음,교차로 - 교차로안,화물,남,69세,상해없음,승용,남,24세,경상
2022110900100071,2022년 11월 9일 07시,수요일,경상남도 함안군 칠북면,경상사고,0,0,2,0,차대차 - 추돌,안전거리미확보,건조,맑음,단일로 - 터널,화물,남,49세,상해없음,승용,여,50세,경상
2022110900100096,2022년 11월 9일 08시,수요일,경상남도 창원시 진해구 석동,경상사고,0,0,1,0,차대차 - 정면충돌,직진우회전진행방해,건조,맑음,교차로 - 교차로안,승용,여,46세,상해없음,자전거,남,89세,경상
2022110900100097,2022년 11월 9일 08시,수요일,경상남도 김해시 내동,경상사고,0,0,1,0,차대사람 - 횡단중,안전운전불이행,건조,맑음,교차로 - 교차로횡단보도내,특수,남,54세,상해없음,보행자,남,9세,경상
2022110900100098,2022년 11월 9일 08시,수요일,경상남도 하동군 하동읍,경상사고,0,0,1,0,차대차 - 측면충돌,안전운전불이행,건조,맑음,단일로 - 기타,화물,남,80세,상해없음,승용,여,26세,경상
2022110900100138,2022년 11월 9일 09시,수요일,경상남도 창원시 진해구 자은동,경상사고,0,0,1,0,차대차 - 기타,교차로운행방법위반,건조,맑음,교차로 - 교차로안,승합,남,73세,상해없음,이륜,남,50세,경상
2022110900100139,2022년 11월 9일 09시,수요일,경상남도 통영시 용남면,경상사고,0,0,1,0,차대사람 - 횡단중,안전운전불이행,건조,맑음,기타 - 기타,승용,여,41세,상해없음,보행자,여,69세,경상
2022110900100140,2022년 11월 9일 09시,수요일,경상남도 함양군 함양읍,중상사고,0,1,0,1,차대차 - 측면충돌,교차로운행방법위반,건조,맑음,교차로 - 교차로안,화물,남,67세,부상신고,승용,여,62세,중상
2022110900100191,2022년 11월 9일 11시,수요일,경상남도 사천시 곤명면,경상사고,0,0,1,0,차대차 - 정면충돌,안전운전불이행,건조,맑음,단일로 - 기타,승용,여,75세,상해없음,승용,남,58세,경상
2022110900100192,2022년 11월 9일 11시,수요일,경상남도 남해군 창선면,경상사고,0,0,3,0,차대차 - 추돌,안전운전불이행,건조,맑음,교차로 - 교차로부근,승용,남,74세,경상,승용,남,65세,경상
2022110900100218,2022년 11월 9일 12시,수요일,경상남도 김해시 신문동,중상사고,0,4,0,0,차대차 - 측면충돌,불법유턴,건조,맑음,단일로 - 기타,건설기계,남,52세,상해없음,승용,여,41세,중상
2022110900100248,2022년 11월 9일 13시,수요일,경상남도 산청군 산청읍,부상신고사고,0,0,0,1,차량단독 - 주/정차차량 충돌,안전운전불이행,건조,맑음,단일로 - 기타,화물,남,74세,부상신고,,,,
2022110900100281,2022년 11월 9일 14시,수요일,경상남도 함양군 안의면,경상사고,0,0,1,0,차대차 - 측면충돌,안전운전불이행,건조,맑음,교차로 - 교차로안,승합,여,51세,상해없음,승용,남,50세,경상
2022110900100320,2022년 11월 9일 15시,수요일,경상남도 양산시 물금읍,경상사고,0,0,1,0,차대차 - 후진중충돌,안전운전불이행,건조,맑음,기타 - 기타,승합,남,69세,상해없음,승용,남,31세,경상
2022110900100321,2022년 11월 9일 15시,수요일,경상남도 창원시 성산구 중앙동,경상사고,0,0,1,0,차대차 - 측면충돌,안전운전불이행,건조,맑음,교차로 - 교차로안,승용,남,71세,기타불명,승용,남,49세,경상
2022110900100359,2022년 11월 9일 16시,수요일,경상남도 사천시 노룡동,경상사고,0,0,1,0,차대차 - 추돌,안전운전불이행,건조,맑음,교차로 - 교차로부근,화물,남,55세,상해없음,승용,남,70세,경상
2022110900100360,2022년 11월 9일 16시,수요일,경상남도 창녕군 영산면,경상사고,0,0,1,0,차대차 - 정면충돌,안전운전불이행,건조,맑음,기타 - 기타,이륜,남,77세,경상,승용,남,63세,상해없음
2022110900100361,2022년 11월 9일 16시,수요일,경상남도 창원시 성산구 성산동,경상사고,0,0,1,0,차대차 - 측면충돌,안전운전불이행,건조,맑음,교차로 - 교차로안,화물,남,59세,기타불명,승용,남,33세,경상
2022110900100362,2022년 11월 9일 16시,수요일,경상남도 창원시 의창구 봉곡동,경상사고,0,0,1,0,차대차 - 기타,안전운전불이행,건조,맑음,단일로 - 기타,승용,여,49세,상해없음,승용,여,32세,경상
2022110900100363,2022년 11월 9일 16시,수요일,경상남도 김해시 진영읍,부상신고사고,0,0,0,1,차대차 - 측면충돌,신호위반,건조,맑음,교차로 - 교차로안,이륜,남,79세,부상신고,건설기계,남,43세,상해없음
2022110900100412,2022년 11월 9일 17시,수요일,경상남도 창원시 진해구 석동,중상사고,0,1,0,0,차대차 - 측면충돌,안전운전불이행,건조,맑음,단일로 - 기타,승용,남,73세,상해없음,이륜,남,16세,중상
2022110900100413,2022년 11월 9일 17시,수요일,경상남도 김해시 대청동,중상사고,0,1,0,0,차대차 - 측면충돌,안전운전불이행,건조,맑음,교차로 - 교차로안,승용,여,59세,상해없음,개인형이동수단(PM),여,15세,중상
2022110900100442,2022년 11월 9일 18시,수요일,경상남도 김해시 부원동,부상신고사고,0,0,0,1,차대차 - 기타,안전운전불이행,건조,맑음,단일로 - 기타,화물,남,57세,상해없음,승용,여,48세,부상신고
2022110900100494,2022년 11월 9일 18시,수요일,경상남도 창원시 마산합포구 진동면,중상사고,0,1,0,0,차량단독 - 전도전복 - 전도,안전운전불이행,건조,맑음,단일로 - 기타,이륜,남,53세,중상,,,,
2022110900100495,2022년 11월 9일 18시,수요일,경상남도 창원시 진해구 광화동,중상사고,0,1,0,0,차대차 - 측면충돌,안전운전불이행,건조,맑음,단일로 - 기타,승용,남,52세,상해없음,이륜,남,25세,중상
2022110900100496,2022년 11월 9일 18시,수요일,경상남도 하동군 하동읍,중상사고,0,1,0,0,차대차 - 기타,중앙선침범,건조,맑음,교차로 - 교차로부근,화물,남,68세,상해없음,이륜,남,55세,중상
2022110900100497,2022년 11월 9일 18시,수요일,경상남도 산청군 산청읍,부상신고사고,0,0,0,1,차대차 - 추돌,안전거리미확보,건조,맑음,단일로 - 기타,자전거,남,12세,부상신고,승용,남,54세,상해없음
2022110900100498,2022년 11월 9일 18시,수요일,경상남도 창원시 성산구 상남동,중상사고,0,1,0,0,차대사람 - 기타,보행자보호의무위반,건조,맑음,교차로 - 교차로안,이륜,남,42세,상해없음,보행자,여,54세,중상
2022110900100499,2022년 11월 9일 18시,수요일,경상남도 창원시 성산구 반림동,중상사고,0,1,0,0,차대사람 - 기타,안전운전불이행,건조,맑음,기타 - 기타,개인형이동수단(PM),남,20세,상해없음,보행자,여,62세,중상
2022110900100500,2022년 11월 9일 18시,수요일,경상남도 창원시 의창구 북면,경상사고,0,0,1,0,차대차 - 추돌,안전운전불이행,건조,맑음,기타 - 기타,승용,남,60세,기타불명,승용,여,27세,경상
2022110900100501,2022년 11월 9일 18시,수요일,경상남도 김해시 삼문동,경상사고,0,0,1,0,차대차 - 측면충돌,안전운전불이행,건조,맑음,교차로 - 교차로부근,승용,남,61세,상해없음,승용,여,36세,경상
2022110900100619,2022년 11월 9일 22시,수요일,경상남도 김해시 삼방동,경상사고,0,0,1,0,차대차 - 추돌,안전운전불이행,건조,맑음,교차로 - 교차로부근,승용,남,47세,상해없음,승용,남,53세,경상
2022110900100633,2022년 11월 9일 23시,수요일,경상남도 진주시 초전동,경상사고,0,0,3,0,차대차 - 추돌,안전운전불이행,건조,맑음,단일로 - 기타,승용,남,69세,상해없음,승용,남,43세,경상
2022110900100634,2022년 11월 9일 23시,수요일,경상남도 김해시 삼방동,경상사고,0,0,1,0,차대사람 - 길가장자리구역통행중,안전운전불이행,건조,맑음,단일로 - 기타,기타불명,기타불명,미분류,기타불명,보행자,여,61세,경상
2022111000100023,2022년 11월 10일 01시,목요일,경상남도 김해시 흥동,중상사고,0,1,0,0,차량단독 - 공작물충돌,안전운전불이행,건조,맑음,교차로 - 교차로안,승용,남,20세,상해없음,,,,
2022111000100060,2022년 11월 10일 06시,목요일,경상남도 사천시 사천읍,경상사고,0,0,1,0,차대차 - 측면충돌,안전운전불이행,건조,맑음,단일로 - 기타,승용,여,32세,상해없음,승용,남,29세,경상
2022111000100084,2022년 11월 10일 07시,목요일,경상남도 함양군 안의면,중상사고,0,1,0,0,차대차 - 기타,교차로운행방법위반,건조,맑음,단일로 - 기타,사륜오토바이(ATV),여,80세,중상,화물,남,52세,상해없음
2022111000100085,2022년 11월 10일 07시,목요일,경상남도 창원시 의창구 사림동,경상사고,0,0,1,0,차대차 - 기타,안전운전불이행,건조,맑음,기타 - 기타,승용,남,81세,기타불명,승용,여,27세,경상
2022111000100121,2022년 11월 10일 08시,목요일,경상남도 밀양시 삼문동,중상사고,0,1,0,0,차대차 - 추돌,안전운전불이행,건조,맑음,단일로 - 기타,승용,남,44세,상해없음,승용,여,48세,중상
2022111000100122,2022년 11월 10일 08시,목요일,경상남도 김해시 상동면,경상사고,0,0,1,0,차대차 - 추돌,안전운전불이행,건조,맑음,교차로 - 교차로부근,건설기계,남,54세,상해없음,승용,남,36세,경상
2022111000100123,2022년 11월 10일 08시,목요일,경상남도 김해시 율하동,경상사고,0,0,1,0,차대차 - 측면충돌,안전운전불이행,건조,맑음,교차로 - 교차로횡단보도내,승용,여,45세,상해없음,개인형이동수단(PM),여,18세,경상
2022111000100161,2022년 11월 10일 09시,목요일,경상남도 양산시 북정동,경상사고,0,0,1,0,차량단독 - 기타,안전운전불이행,건조,맑음,단일로 - 기타,승합,남,50세,상해없음,,,,
2022111000100186,2022년 11월 10일 10시,목요일,경상남도 거제시 옥포동,중상사고,0,1,0,0,차대사람 - 횡단중,보행자보호의무위반,건조,맑음,교차로 - 교차로부근,화물,남,52세,상해없음,보행자,여,64세,중상
2022111000100218,2022년 11월 10일 11시,목요일,경상남도 김해시 진례면,중상사고,0,2,0,0,차대차 - 추돌,안전운전불이행,건조,맑음,교차로 - 교차로부근,승용,남,51세,상해없음,화물,여,75세,중상
2022111000100230,2022년 11월 10일 12시,목요일,경상남도 양산시 상북면,중상사고,0,1,1,0,차대차 - 추돌,안전운전불이행,건조,맑음,단일로 - 기타,화물,남,67세,상해없음,화물,남,53세,경상
2022111000100246,2022년 11월 10일 12시,목요일,경상남도 통영시 광도면,경상사고,0,0,1,0,차대차 - 기타,직진우회전진행방해,건조,맑음,교차로 - 교차로안,승용,여,25세,상해없음,이륜,남,31세,경상
2022111000100247,2022년 11월 10일 12시,목요일,경상남도 합천군 야로면,중상사고,0,1,0,0,차대사람 - 기타,안전운전불이행,건조,맑음,주차장 - 주차장,승용,여,71세,상해없음,보행자,여,52세,중상
2022111000100277,2022년 11월 10일 13시,목요일,경상남도 밀양시 하남읍,중상사고,0,1,2,0,차대차 - 추돌,안전운전불이행,건조,맑음,단일로 - 기타,화물,남,55세,경상,화물,남,41세,경상
2022111000100278,2022년 11월 10일 13시,목요일,경상남도 김해시 삼방동,중상사고,0,1,0,0,차대차 - 측면충돌,안전운전불이행,건조,맑음,단일로 - 기타,승용,남,53세,상해없음,이륜,남,43세,중상
2022111000100279,2022년 11월 10일 13시,목요일,경상남도 창원시 의창구 대산면,중상사고,0,1,1,0,차대차 - 추돌,안전운전불이행,건조,맑음,단일로 - 기타,승용,남,40세,상해없음,승용,여,74세,경상
2022111000100280,2022년 11월 10일 13시,목요일,경상남도 김해시 대청동,사망사고,1,0,0,0,차대사람 - 횡단중,보행자보호의무위반,건조,맑음,교차로 - 교차로횡단보도내,화물,남,65세,상해없음,보행자,남,68세,사망
2022111000100384,2022년 11월 10일 16시,목요일,경상남도 김해시 삼계동,경상사고,0,0,1,0,차대차 - 측면충돌,안전거리미확보,건조,맑음,단일로 - 기타,화물,남,64세,기타불명,승용,남,72세,경상
2022111000100427,2022년 11월 10일 17시,목요일,경상남도 김해시 외동,경상사고,0,0,1,0,차대차 - 추돌,안전거리미확보,건조,맑음,단일로 - 기타,승용,남,74세,상해없음,승용,여,33세,상해없음
2022111000100489,2022년 11월 10일 18시,목요일,경상남도 통영시 용남면,경상사고,0,0,2,0,차대차 - 추돌,안전거리미확보,건조,맑음,단일로 - 기타,승용,여,45세,상해없음,승용,여,42세,경상
2022111000100490,2022년 11월 10일 18시,목요일,경상남도 사천시 사남면,중상사고,0,1,0,0,차대차 - 측면충돌,신호위반,건조,맑음,교차로 - 교차로안,승용,남,81세,상해없음,승용,여,48세,중상
2022111000100491,2022년 11월 10일 18시,목요일,경상남도 양산시 북부동,경상사고,0,0,1,0,차대차 - 측면충돌,차로위반,건조,맑음,교차로 - 교차로부근,승합,여,56세,상해없음,승용,남,38세,경상
2022111000100492,2022년 11월 10일 18시,목요일,경상남도 창원시 성산구 안민동,경상사고,0,0,2,0,차대차 - 측면충돌,안전운전불이행,건조,맑음,단일로 - 기타,승용,남,51세,상해없음,승용,남,56세,경상
2022111000100493,2022년 11월 10일 18시,목요일,경상남도 김해시 삼문동,중상사고,0,1,0,0,차대차 - 측면충돌,교차로운행방법위반,건조,맑음,교차로 - 교차로안,승용,남,29세,상해없음,이륜,남,17세,중상
2022111000100543,2022년 11월 10일 19시,목요일,경상남도 사천시 사천읍,경상사고,0,0,3,0,차대차 - 측면충돌,안전운전불이행,건조,맑음,단일로 - 기타,승용,여,43세,상해없음,승용,여,39세,경상
2022111000100566,2022년 11월 10일 20시,목요일,경상남도 사천시 사천읍,경상사고,0,0,1,0,차대사람 - 횡단중,보행자보호의무위반,건조,맑음,교차로 - 교차로횡단보도내,승용,남,41세,상해없음,보행자,남,63세,경상
2022111000100567,2022년 11월 10일 20시,목요일,경상남도 양산시 북정동,경상사고,0,0,1,0,차대차 - 추돌,안전운전불이행,건조,맑음,교차로 - 교차로부근,원동기,남,36세,상해없음,승용,남,27세,경상
2022111000100595,2022년 11월 10일 21시,목요일,경상남도 창원시 진해구 이동,경상사고,0,0,1,0,차대사람 - 차도통행중,안전운전불이행,건조,맑음,교차로 - 교차로안,승용,여,62세,상해없음,보행자,남,40세,경상
2022111000100616,2022년 11월 10일 22시,목요일,경상남도 창원시 진해구 이동,경상사고,0,0,1,0,차대차 - 측면충돌,교차로운행방법위반,건조,맑음,교차로 - 교차로안,승용,남,27세,상해없음,승용,남,30세,경상
2022111000100617,2022년 11월 10일 22시,목요일,경상남도 창원시 진해구 경화동,경상사고,0,0,1,0,차대사람 - 횡단중,신호위반,건조,맑음,교차로 - 교차로안,승용,여,49세,상해없음,보행자,여,53세,경상
2022111000100618,2022년 11월 10일 22시,목요일,경상남도 창원시 진해구 석동,경상사고,0,0,1,0,차대사람 - 기타,안전운전불이행,건조,맑음,단일로 - 기타,승합,남,43세,상해없음,보행자,여,60세,경상
2022111000100633,2022년 11월 10일 23시,목요일,경상남도 통영시 명정동,경상사고,0,0,1,0,차량단독 - 공작물충돌,안전운전불이행,건조,맑음,단일로 - 기타,승용,남,65세,상해없음,,,,
2022111000100634,2022년 11월 10일 23시,목요일,경상남도 창원시 마산회원구 내서읍,경상사고,0,0,1,0,차대차 - 측면충돌,안전운전불이행,건조,기타,교차로 - 교차로부근,승용,남,43세,상해없음,승용,남,22세,경상
2022111100100025,2022년 11월 11일 01시,금요일,경상남도 진주시 수정동,경상사고,0,0,1,0,차대사람 - 횡단중,보행자보호의무위반,건조,맑음,단일로 - 기타,화물,남,59세,상해없음,보행자,남,66세,경상
2022111100100080,2022년 11월 11일 07시,금요일,경상남도 김해시 주촌면,중상사고,0,1,1,0,차대차 - 추돌,안전거리미확보,건조,맑음,단일로 - 기타,화물,남,57세,상해없음,승용,남,50세,경상
2022111100100146,2022년 11월 11일 09시,금요일,경상남도 창원시 진해구 두동,중상사고,0,1,1,0,차대차 - 정면충돌,신호위반,건조,맑음,교차로 - 교차로안,승용,여,54세,경상,승용,남,38세,중상
2022111100100147,2022년 11월 11일 09시,금요일,경상남도 양산시 신기동,중상사고,0,1,0,0,차대차 - 기타,안전운전불이행,건조,맑음,단일로 - 기타,화물,남,58세,상해없음,이륜,남,81세,중상
2022111100100148,2022년 11월 11일 09시,금요일,경상남도 양산시 중부동,부상신고사고,0,0,0,1,차대차 - 측면충돌,차로위반,건조,맑음,교차로 - 교차로안,이륜,남,37세,부상신고,승용,남,75세,상해없음
2022111100100149,2022년 11월 11일 09시,금요일,경상남도 고성군 고성읍,경상사고,0,0,1,0,차대차 - 측면충돌,신호위반,건조,맑음,교차로 - 교차로안,승용,여,25세,상해없음,화물,남,70세,경상
2022111100100182,2022년 11월 11일 10시,금요일,경상남도 양산시 남부동,경상사고,0,0,1,0,차대차 - 측면충돌,차로위반,건조,맑음,단일로 - 기타,건설기계,남,54세,기타불명,승용,여,46세,경상
2022111100100183,2022년 11월 11일 10시,금요일,경상남도 창원시 성산구 가음동,사망사고,1,0,0,0,차대사람 - 기타,중앙선침범,건조,맑음,교차로 - 교차로부근,승용,남,62세,상해없음,보행자,여,55세,사망
2022111100100250,2022년 11월 11일 12시,금요일,경상남도 진주시 상봉동,중상사고,0,1,0,0,차대사람 - 기타,안전운전불이행,건조,맑음,단일로 - 기타,승용,남,75세,상해없음,보행자,여,72세,중상
2022111100100283,2022년 11월 11일 13시,금요일,경상남도 밀양시 삼랑진읍,경상사고,0,0,1,0,차대차 - 측면충돌,안전운전불이행,건조,맑음,기타 - 기타,화물,남,77세,상해없음,승용,여,70세,경상
2022111100100316,2022년 11월 11일 14시,금요일,경상남도 의령군 의령읍,경상사고,0,0,1,0,차대사람 - 횡단중,보행자보호의무위반,건조,맑음,교차로 - 교차로횡단보도내,원동기,여,74세,상해없음,보행자,남,44세,경상
2022111100100355,2022년 11월 11일 15시,금요일,경상남도 창원시 마산합포구 남성동,경상사고,0,0,1,0,차대차 - 측면충돌,신호위반,건조,맑음,교차로 - 교차로안,화물,여,48세,상해없음,승합,남,41세,경상
2022111100100356,2022년 11월 11일 15시,금요일,경상남도 창원시 성산구 성주동,경상사고,0,0,1,0,차대차 - 측면충돌,안전운전불이행,건조,맑음,단일로 - 기타,화물,남,68세,기타불명,승용,여,56세,경상
2022111100100402,2022년 11월 11일 16시,금요일,경상남도 거제시 고현동,경상사고,0,0,1,0,차대차 - 기타,안전운전불이행,건조,맑음,기타 - 기타,승용,남,38세,상해없음,승용,여,39세,경상
2022111100100403,2022년 11월 11일 16시,금요일,경상남도 산청군 시천면,중상사고,0,1,0,0,차량단독 - 도로외이탈 - 추락,안전운전불이행,건조,맑음,단일로 - 기타,승용,남,78세,상해없음,,,,
2022111100100450,2022년 11월 11일 17시,금요일,경상남도 사천시 사천읍,경상사고,0,0,5,0,차대차 - 기타,안전운전불이행,건조,맑음,교차로 - 교차로부근,승용,여,49세,상해없음,승용,여,20세,경상
2022111100100451,2022년 11월 11일 17시,금요일,경상남도 김해시 삼계동,중상사고,0,1,0,0,차대사람 - 횡단중,보행자보호의무위반,건조,맑음,교차로 - 교차로횡단보도내,이륜,남,52세,상해없음,보행자,여,44세,중상
2022111100100452,2022년 11월 11일 17시,금요일,경상남도 고성군 고성읍,경상사고,0,0,1,0,차대차 - 측면충돌,직진우회전진행방해,건조,맑음,교차로 - 교차로안,화물,남,64세,상해없음,자전거,여,61세,경상
2022111100100508,2022년 11월 11일 18시,금요일,경상남도 통영시 광도면,경상사고,0,0,2,0,차대차 - 추돌,안전거리미확보,건조,맑음,단일로 - 기타,승용,여,42세,상해없음,승용,남,42세,경상
2022111100100509,2022년 11월 11일 18시,금요일,경상남도 사천시 정동면,경상사고,0,0,3,0,차대차 - 추돌,안전운전불이행,건조,맑음,교차로 - 교차로부근,화물,남,57세,경상,승용,남,26세,경상
2022111100100510,2022년 11월 11일 18시,금요일,경상남도 김해시 내동,경상사고,0,0,1,0,차대차 - 측면충돌,안전운전불이행,건조,맑음,교차로 - 교차로부근,승용,여,44세,상해없음,이륜,남,27세,경상
2022111100100511,2022년 11월 11일 18시,금요일,경상남도 양산시 물금읍,경상사고,0,0,1,0,차대차 - 측면충돌,안전운전불이행,건조,맑음,교차로 - 교차로안,이륜,남,32세,경상,자전거,남,14세,상해없음
2022111100100512,2022년 11월 11일 18시,금요일,경상남도 거제시 능포동,부상신고사고,0,0,0,1,차대차 - 기타,안전운전불이행,건조,맑음,교차로 - 교차로안,이륜,남,60세,부상신고,승용,여,55세,상해없음
2022111100100513,2022년 11월 11일 18시,금요일,경상남도 창원시 의창구 용동,경상사고,0,0,3,0,차대차 - 기타,안전운전불이행,건조,맑음,교차로 - 교차로안,승용,남,41세,기타불명,승용,남,27세,경상
2022111100100514,2022년 11월 11일 18시,금요일,경상남도 김해시 진례면,부상신고사고,0,0,0,1,차대사람 - 기타,안전운전불이행,건조,맑음,기타 - 기타,승용,남,30세,상해없음,보행자,여,71세,부상신고
2022111100100556,2022년 11월 11일 19시,금요일,경상남도 창원시 진해구 용원동,경상사고,0,0,1,0,차대사람 - 차도통행중,안전운전불이행,건조,맑음,교차로 - 교차로안,승용,남,45세,상해없음,보행자,남,57세,경상
2022111100100557,2022년 11월 11일 19시,금요일,경상남도 창원시 진해구 용원동,경상사고,0,0,1,0,차대차 - 측면충돌,직진우회전진행방해,건조,맑음,교차로 - 교차로안,승용,남,48세,상해없음,이륜,남,24세,경상
2022111100100558,2022년 11월 11일 19시,금요일,경상남도 함양군 함양읍,경상사고,0,0,2,0,차량단독 - 전도전복 - 전도,안전운전불이행,건조,맑음,교차로 - 교차로안,원동기,남,16세,경상,,,,
2022111100100559,2022년 11월 11일 19시,금요일,경상남도 김해시 진례면,중상사고,0,1,1,0,차대차 - 측면충돌,중앙선침범,건조,맑음,단일로 - 기타,화물,남,67세,경상,승용,여,56세,중상
2022111100100593,2022년 11월 11일 20시,금요일,경상남도 통영시 용남면,중상사고,0,1,1,0,차대차 - 측면충돌,신호위반,건조,맑음,교차로 - 교차로부근,승용,여,51세,상해없음,승용,남,58세,경상
2022111100100621,2022년 11월 11일 21시,금요일,경상남도 밀양시 상남면,경상사고,0,0,1,0,차대차 - 추돌,안전운전불이행,건조,맑음,단일로 - 기타,승용,남,56세,상해없음,승용,남,68세,경상
2022111100100651,2022년 11월 11일 22시,금요일,경상남도 하동군 금남면,경상사고,0,0,1,0,차대차 - 정면충돌,신호위반,건조,맑음,교차로 - 교차로안,승용,남,28세,상해없음,승용,남,29세,경상
2022111200100011,2022년 11월 12일 00시,토요일,경상남도 산청군 산청읍,경상사고,0,0,1,0,차대사람 - 기타,보행자보호의무위반,건조,맑음,단일로 - 기타,화물,남,66세,상해없음,보행자,여,45세,경상
2022111200100020,2022년 11월 12일 01시,토요일,경상남도 양산시 북부동,부상신고사고,0,0,0,1,차대사람 - 차도통행중,안전운전불이행,건조,맑음,교차로 - 교차로안,승용,남,55세,상해없음,보행자,여,15세,부상신고
2022111200100034,2022년 11월 12일 03시,토요일,경상남도 양산시 남부동,경상사고,0,0,1,0,차대사람 - 기타,안전운전불이행,건조,맑음,단일로 - 기타,승용,남,42세,상해없음,보행자,여,22세,경상
2022111200100079,2022년 11월 12일 07시,토요일,경상남도 거창군 주상면,사망사고,1,0,0,0,차대사람 - 횡단중,안전운전불이행,건조,맑음,단일로 - 기타,건설기계,남,57세,상해없음,보행자,여,82세,사망
2022111200100088,2022년 11월 12일 08시,토요일,경상남도 거창군 거창읍,중상사고,0,1,0,0,차대차 - 측면충돌,직진우회전진행방해,건조,맑음,교차로 - 교차로안,이륜,남,57세,중상,승용,남,40세,상해없음
2022111200100112,2022년 11월 12일 09시,토요일,경상남도 남해군 창선면,중상사고,0,1,0,0,차대차 - 측면충돌,교차로운행방법위반,건조,맑음,단일로 - 기타,승용,여,44세,상해없음,이륜,남,75세,중상
2022111200100113,2022년 11월 12일 09시,토요일,경상남도 김해시 진영읍,중상사고,0,2,0,0,차대차 - 측면충돌,신호위반,건조,맑음,교차로 - 교차로안,승용,여,50세,상해없음,승용,여,60세,중상
2022111200100147,2022년 11월 12일 10시,토요일,경상남도 밀양시 하남읍,경상사고,0,0,1,0,차대사람 - 기타,안전운전불이행,건조,맑음,단일로 - 기타,자전거,남,6세,상해없음,보행자,여,3세,경상
2022111200100148,2022년 11월 12일 10시,토요일,경상남도 고성군 고성읍,경상사고,0,0,2,0,차대차 - 추돌,안전거리미확보,건조,맑음,단일로 - 기타,승용,여,57세,상해없음,승용,남,52세,상해없음
2022111200100149,2022년 11월 12일 10시,토요일,경상남도 김해시 대청동,경상사고,0,0,1,0,차대차 - 측면충돌,안전운전불이행,건조,맑음,단일로 - 기타,승용,여,38세,상해없음,화물,남,56세,경상
2022111200100150,2022년 11월 12일 10시,토요일,경상남도 김해시 진례면,중상사고,0,3,2,0,차대차 - 추돌,안전운전불이행,건조,맑음,단일로 - 기타,승합,여,43세,상해없음,승용,남,51세,중상
2022111200100186,2022년 11월 12일 11시,토요일,경상남도 사천시 벌리동,중상사고,0,1,3,0,차대차 - 기타,교차로운행방법위반,건조,맑음,교차로 - 교차로안,승용,남,68세,상해없음,승용,남,49세,경상
2022111200100187,2022년 11월 12일 11시,토요일,경상남도 밀양시 초동면,경상사고,0,0,1,0,차대차 - 측면충돌,안전운전불이행,건조,맑음,단일로 - 기타,화물,남,69세,상해없음,승용,남,56세,경상
2022111200100188,2022년 11월 12일 11시,토요일,경상남도 합천군 대양면,경상사고,0,0,1,0,차대차 - 측면충돌,교차로운행방법위반,건조,맑음,교차로 - 교차로안,승용,남,30세,상해없음,원동기,남,79세,경상
2022111200100189,2022년 11월 12일 11시,토요일,경상남도 양산시 북부동,경상사고,0,0,3,0,차대차 - 측면충돌,교차로운행방법위반,건조,맑음,교차로 - 교차로안,승용,남,55세,경상,승용,남,44세,경상
2022111200100190,2022년 11월 12일 11시,토요일,경상남도 함안군 칠북면,경상사고,0,0,1,0,차대차 - 측면충돌,중앙선침범,건조,맑음,단일로 - 기타,화물,남,69세,상해없음,승용,여,30세,경상