사고번호,사고일시,요일,시군구,사고내용,사망자수,중상자수,경상자수,부상신고자수,사고유형,법규위반,노면상태,기상상태,도로형태,가해운전자 차종,가해운전자 성별,가해운전자 연령,가해운전자 상해정도,피해운전자 차종,피해운전자 성별,피해운전자 연령,피해운전자 상해정도
2022111200100263,2022년 11월 12일 13시,토요일,경상남도 통영시 중앙동,중상사고,0,1,0,0,차대차 - 측면충돌,안전운전불이행,건조,맑음,단일로 - 기타,이륜,남,40세,중상,승용,남,55세,상해없음
2022111200100264,2022년 11월 12일 13시,토요일,경상남도 창원시 성산구 상남동,중상사고,0,1,1,0,차대차 - 추돌,안전운전불이행,건조,맑음,단일로 - 기타,승용,남,64세,상해없음,승용,여,27세,경상
2022111200100265,2022년 11월 12일 13시,토요일,경상남도 창원시 성산구 상남동,경상사고,0,0,1,0,차대사람 - 기타,보행자보호의무위반,건조,맑음,교차로 - 교차로안,승용,남,57세,상해없음,보행자,여,44세,경상
2022111200100303,2022년 11월 12일 14시,토요일,경상남도 양산시 동면,경상사고,0,0,1,0,차대차 - 측면충돌,안전거리미확보,건조,맑음,단일로 - 기타,승용,남,58세,상해없음,승용,남,71세,상해없음
2022111200100336,2022년 11월 12일 15시,토요일,경상남도 양산시 하북면,경상사고,0,0,1,0,차대사람 - 횡단중,안전운전불이행,건조,맑음,단일로 - 기타,승용,남,54세,상해없음,보행자,여,86세,경상
2022111200100422,2022년 11월 12일 17시,토요일,경상남도 창원시 마산합포구 오동동,경상사고,0,0,2,0,차대차 - 기타,안전운전불이행,건조,맑음,단일로 - 기타,승용,남,26세,상해없음,승용,남,26세,경상
2022111200100423,2022년 11월 12일 17시,토요일,경상남도 통영시 서호동,중상사고,0,1,0,0,차대차 - 측면충돌,안전운전불이행,건조,맑음,단일로 - 기타,승용,여,62세,상해없음,자전거,남,81세,중상
2022111200100424,2022년 11월 12일 17시,토요일,경상남도 밀양시 삼문동,경상사고,0,0,1,0,차대사람 - 횡단중,안전운전불이행,건조,맑음,교차로 - 교차로부근,승용,남,50세,상해없음,보행자,여,77세,경상
2022111200100425,2022년 11월 12일 17시,토요일,경상남도 창원시 성산구 상남동,부상신고사고,0,0,0,1,차대사람 - 기타,안전운전불이행,건조,맑음,단일로 - 기타,승용,여,52세,상해없음,보행자,여,47세,부상신고
2022111200100479,2022년 11월 12일 18시,토요일,경상남도 밀양시 단장면,경상사고,0,0,1,0,차대사람 - 기타,안전운전불이행,건조,흐림,단일로 - 기타,화물,여,56세,상해없음,보행자,남,42세,경상
2022111200100480,2022년 11월 12일 18시,토요일,경상남도 김해시 어방동,경상사고,0,0,1,0,차대사람 - 기타,안전운전불이행,건조,흐림,교차로 - 교차로부근,화물,남,58세,상해없음,보행자,남,48세,경상
2022111200100481,2022년 11월 12일 18시,토요일,경상남도 김해시 삼방동,경상사고,0,0,1,0,차대사람 - 횡단중,안전운전불이행,젖음/습기,비,교차로 - 교차로안,승용,여,46세,상해없음,보행자,여,34세,경상
2022111200100482,2022년 11월 12일 18시,토요일,경상남도 양산시 물금읍,중상사고,0,1,0,0,차대차 - 정면충돌,안전운전불이행,건조,맑음,교차로 - 교차로안,승용,여,42세,상해없음,이륜,남,30세,중상
2022111200100483,2022년 11월 12일 18시,토요일,경상남도 하동군 금남면,중상사고,0,1,1,0,차대차 - 기타,신호위반,젖음/습기,비,교차로 - 교차로안,화물,남,72세,상해없음,승용,남,66세,경상
2022111200100484,2022년 11월 12일 18시,토요일,경상남도 함안군 함안면,중상사고,0,2,0,0,차대차 - 추돌,안전운전불이행,젖음/습기,비,단일로 - 기타,승용,남,72세,중상,농기계,남,65세,중상
2022111200100485,2022년 11월 12일 18시,토요일,경상남도 창원시 의창구 도계동,경상사고,0,0,2,0,차대차 - 측면충돌,교차로운행방법위반,건조,맑음,교차로 - 교차로안,승용,남,62세,상해없음,승용,남,41세,경상
2022111200100486,2022년 11월 12일 18시,토요일,경상남도 창녕군 영산면,경상사고,0,0,1,0,차대차 - 추돌,안전운전불이행,건조,맑음,단일로 - 기타,승용,남,54세,상해없음,승용,남,41세,경상
2022111200100542,2022년 11월 12일 19시,토요일,경상남도 진주시 인사동,경상사고,0,0,1,0,차대차 - 기타,신호위반,젖음/습기,비,단일로 - 기타,승용,남,40세,상해없음,승용,여,35세,경상
2022111200100543,2022년 11월 12일 19시,토요일,경상남도 창원시 성산구 중앙동,경상사고,0,0,1,0,차대차 - 측면충돌,안전운전불이행,건조,흐림,교차로 - 교차로안,승용,남,56세,상해없음,승용,남,33세,경상
2022111200100544,2022년 11월 12일 19시,토요일,경상남도 김해시 주촌면,중상사고,0,1,1,0,차대차 - 기타,안전운전불이행,젖음/습기,비,단일로 - 기타,승용,남,61세,상해없음,승용,남,23세,중상
2022111200100545,2022년 11월 12일 19시,토요일,경상남도 김해시 신문동,경상사고,0,0,1,0,차량단독 - 공작물충돌,안전운전불이행,젖음/습기,비,교차로 - 교차로부근,이륜,남,18세,경상,,,,
2022111200100623,2022년 11월 12일 21시,토요일,경상남도 창원시 마산합포구 해운동,중상사고,0,1,0,1,차대차 - 측면충돌,안전운전불이행,젖음/습기,비,교차로 - 교차로부근,승용,남,50세,상해없음,이륜,남,62세,부상신고
2022111200100624,2022년 11월 12일 21시,토요일,경상남도 사천시 사천읍,경상사고,0,0,1,0,차대차 - 추돌,안전운전불이행,젖음/습기,흐림,단일로 - 기타,승용,남,33세,상해없음,승용,남,41세,경상
2022111200100625,2022년 11월 12일 21시,토요일,경상남도 거제시 고현동,경상사고,0,0,1,0,차대차 - 기타,안전운전불이행,젖음/습기,비,단일로 - 기타,승용,남,50세,상해없음,승용,여,29세,상해없음
2022111200100626,2022년 11월 12일 21시,토요일,경상남도 창원시 성산구 중앙동,경상사고,0,0,1,0,차대차 - 추돌,안전운전불이행,건조,맑음,단일로 - 기타,승용,남,40세,상해없음,승용,남,31세,경상
2022111200100667,2022년 11월 12일 22시,토요일,경상남도 창원시 마산합포구 중앙동3가,경상사고,0,0,1,0,차량단독 - 기타,안전운전불이행,젖음/습기,비,교차로 - 교차로안,승용,남,54세,상해없음,,,,
2022111200100668,2022년 11월 12일 22시,토요일,경상남도 김해시 어방동,경상사고,0,0,2,0,차대차 - 추돌,안전운전불이행,젖음/습기,비,단일로 - 기타,승용,남,45세,경상,승용,남,34세,경상
2022111200100669,2022년 11월 12일 22시,토요일,경상남도 양산시 중부동,중상사고,0,1,0,0,차대차 - 측면충돌,안전거리미확보,젖음/습기,비,단일로 - 기타,승용,남,54세,상해없음,이륜,남,17세,중상
2022111300100025,2022년 11월 13일 01시,일요일,경상남도 통영시 태평동,경상사고,0,0,1,0,차대차 - 정면충돌,중앙선침범,젖음/습기,비,교차로 - 교차로부근,승용,남,51세,상해없음,승합,남,34세,경상
2022111300100026,2022년 11월 13일 01시,일요일,경상남도 김해시 삼정동,경상사고,0,0,1,0,차대사람 - 기타,안전운전불이행,젖음/습기,비,단일로 - 기타,승용,남,26세,상해없음,보행자,남,31세,경상
2022111300100045,2022년 11월 13일 02시,일요일,경상남도 창원시 성산구 상남동,부상신고사고,0,0,0,1,차대사람 - 차도통행중,안전운전불이행,건조,맑음,단일로 - 기타,승용,남,43세,상해없음,보행자,남,48세,부상신고
2022111300100066,2022년 11월 13일 04시,일요일,경상남도 김해시 진례면,경상사고,0,0,1,0,차대차 - 추돌,기타,젖음/습기,비,단일로 - 기타,기타불명,기타불명,미분류,기타불명,승용,남,30세,경상
2022111300100067,2022년 11월 13일 04시,일요일,경상남도 김해시 진례면,중상사고,0,3,0,0,차대차 - 추돌,안전운전불이행,젖음/습기,비,단일로 - 기타,승용,남,62세,상해없음,승용,남,30세,상해없음
2022111300100074,2022년 11월 13일 06시,일요일,경상남도 김해시 부원동,경상사고,0,0,1,0,차대차 - 측면충돌,교차로운행방법위반,젖음/습기,비,교차로 - 교차로안,승용,남,73세,상해없음,승용,남,65세,경상
2022111300100082,2022년 11월 13일 07시,일요일,경상남도 김해시 어방동,경상사고,0,0,2,0,차대차 - 측면충돌,교차로운행방법위반,젖음/습기,비,교차로 - 교차로안,승용,여,55세,경상,승용,남,40세,경상
2022111300100089,2022년 11월 13일 08시,일요일,경상남도 밀양시 초동면,중상사고,0,1,2,0,차대차 - 추돌,안전운전불이행,건조,맑음,단일로 - 기타,승합,여,68세,경상,승용,남,48세,중상
2022111300100103,2022년 11월 13일 09시,일요일,경상남도 진주시 문산읍,경상사고,0,0,1,0,차대차 - 기타,안전운전불이행,젖음/습기,흐림,단일로 - 기타,승용,남,71세,상해없음,이륜,남,55세,경상
2022111300100104,2022년 11월 13일 09시,일요일,경상남도 거창군 가조면,중상사고,0,1,0,0,차량단독 - 전도전복 - 전도,안전운전불이행,건조,맑음,단일로 - 기타,이륜,남,85세,중상,,,,
2022111300100123,2022년 11월 13일 10시,일요일,경상남도 김해시 삼정동,경상사고,0,0,1,0,차대차 - 추돌,안전운전불이행,건조,맑음,단일로 - 기타,화물,남,78세,상해없음,승용,남,39세,경상
2022111300100140,2022년 11월 13일 11시,일요일,경상남도 김해시 삼계동,경상사고,0,0,1,0,차대사람 - 길가장자리구역통행중,안전운전불이행,건조,맑음,단일로 - 기타,자전거,남,14세,상해없음,보행자,남,31세,경상
2022111300100141,2022년 11월 13일 11시,일요일,경상남도 창녕군 장마면,경상사고,0,0,1,0,차대사람 - 기타,안전운전불이행,건조,맑음,기타 - 기타,승합,여,40세,상해없음,보행자,남,74세,경상
2022111300100142,2022년 11월 13일 11시,일요일,경상남도 거제시 아주동,중상사고,0,2,0,0,차대차 - 측면충돌,기타,건조,맑음,교차로 - 교차로안,이륜,남,29세,중상,이륜,남,50세,중상
2022111300100143,2022년 11월 13일 11시,일요일,경상남도 김해시 진영읍,경상사고,0,0,1,0,차대차 - 측면충돌,안전운전불이행,건조,맑음,교차로 - 교차로부근,승용,남,39세,상해없음,자전거,남,49세,경상
2022111300100192,2022년 11월 13일 13시,일요일,경상남도 양산시 물금읍,경상사고,0,0,1,0,차대차 - 측면충돌,안전거리미확보,건조,맑음,단일로 - 기타,승용,여,42세,상해없음,승용,남,26세,경상
2022111300100223,2022년 11월 13일 14시,일요일,경상남도 창원시 진해구 석동,경상사고,0,0,1,0,차대차 - 기타,안전운전불이행,건조,맑음,단일로 - 기타,승용,남,75세,상해없음,자전거,남,67세,경상
2022111300100253,2022년 11월 13일 15시,일요일,경상남도 창원시 마산합포구 현동,경상사고,0,0,3,0,차대차 - 측면충돌,안전거리미확보,건조,맑음,단일로 - 기타,승용,남,61세,상해없음,승용,남,27세,경상
2022111300100254,2022년 11월 13일 15시,일요일,경상남도 고성군 고성읍,경상사고,0,0,1,0,차대차 - 측면충돌,안전운전불이행,건조,맑음,주차장 - 주차장,승용,남,31세,상해없음,승용,남,43세,경상
2022111300100255,2022년 11월 13일 15시,일요일,경상남도 거제시 동부면,경상사고,0,0,2,0,차대차 - 정면충돌,중앙선침범,건조,맑음,단일로 - 기타,승용,여,38세,경상,화물,남,63세,경상
2022111300100315,2022년 11월 13일 17시,일요일,경상남도 김해시 신문동,경상사고,0,0,3,0,차대차 - 측면충돌,안전운전불이행,건조,맑음,단일로 - 기타,승용,남,59세,상해없음,승용,남,37세,경상
2022111300100316,2022년 11월 13일 17시,일요일,경상남도 김해시 삼문동,경상사고,0,0,1,0,차대차 - 기타,기타,건조,맑음,교차로 - 교차로부근,승용,남,53세,상해없음,이륜,여,29세,경상
2022111300100373,2022년 11월 13일 19시,일요일,경상남도 김해시 어방동,경상사고,0,0,1,0,차대차 - 측면충돌,차로위반,건조,맑음,교차로 - 교차로안,승용,여,33세,상해없음,승합,남,38세,경상
2022111300100402,2022년 11월 13일 20시,일요일,경상남도 창원시 진해구 이동,경상사고,0,0,2,0,차대차 - 추돌,안전운전불이행,건조,맑음,단일로 - 기타,승용,여,64세,상해없음,승용,여,61세,경상
2022111300100403,2022년 11월 13일 20시,일요일,경상남도 창원시 진해구 소사동,중상사고,0,1,0,0,차대차 - 추돌,기타,건조,맑음,단일로 - 기타,이륜,남,32세,중상,승용,남,45세,상해없음
2022111300100404,2022년 11월 13일 20시,일요일,경상남도 창원시 성산구 남산동,경상사고,0,0,1,0,차대차 - 측면충돌,신호위반,건조,맑음,교차로 - 교차로안,승용,여,27세,기타불명,승용,여,54세,경상
2022111300100428,2022년 11월 13일 21시,일요일,경상남도 거창군 거창읍,경상사고,0,0,4,0,차대차 - 측면충돌,중앙선침범,건조,맑음,단일로 - 기타,승용,남,37세,상해없음,승용,남,34세,경상
2022111300100429,2022년 11월 13일 21시,일요일,경상남도 창원시 의창구 사림동,중상사고,0,1,0,0,차량단독 - 기타,안전운전불이행,건조,맑음,교차로 - 교차로안,승합,남,40세,기타불명,,,,
2022111300100451,2022년 11월 13일 23시,일요일,경상남도 진주시 상대동,중상사고,0,1,0,0,차대차 - 측면충돌,신호위반,건조,맑음,교차로 - 교차로부근,이륜,남,22세,상해없음,이륜,남,45세,중상
2022111400100029,2022년 11월 14일 05시,월요일,경상남도 양산시 교동,경상사고,0,0,1,0,차대차 - 측면충돌,신호위반,건조,맑음,교차로 - 교차로안,화물,남,55세,상해없음,승용,남,60세,경상
2022111400100107,2022년 11월 14일 08시,월요일,경상남도 진주시 집현면,경상사고,0,0,2,0,차대차 - 측면충돌,신호위반,건조,맑음,교차로 - 교차로안,승용,여,61세,상해없음,승용,남,30세,경상
2022111400100108,2022년 11월 14일 08시,월요일,경상남도 창원시 진해구 장천동,경상사고,0,0,1,0,차대차 - 측면충돌,교차로운행방법위반,건조,맑음,교차로 - 교차로안,화물,남,60세,상해없음,승용,여,57세,경상
2022111400100109,2022년 11월 14일 08시,월요일,경상남도 창원시 성산구 사파동,경상사고,0,0,2,0,차대차 - 기타,안전운전불이행,건조,맑음,단일로 - 기타,승합,남,74세,경상,화물,남,32세,경상
2022111400100110,2022년 11월 14일 08시,월요일,경상남도 창원시 의창구 동읍,중상사고,0,1,0,1,차대차 - 기타,안전운전불이행,건조,맑음,교차로 - 교차로안,승용,여,64세,중상,승용,남,67세,부상신고
2022111400100139,2022년 11월 14일 09시,월요일,경상남도 사천시 정동면,경상사고,0,0,3,0,차대차 - 추돌,안전운전불이행,건조,맑음,교차로 - 교차로안,승용,여,55세,경상,화물,남,35세,경상
2022111400100168,2022년 11월 14일 10시,월요일,경상남도 창원시 마산합포구 해운동,경상사고,0,0,1,0,차대차 - 후진중충돌,안전운전불이행,건조,맑음,단일로 - 기타,승용,여,28세,상해없음,승용,남,66세,경상
2022111400100170,2022년 11월 14일 10시,월요일,경상남도 김해시 구산동,경상사고,0,0,1,0,차대차 - 측면충돌,안전운전불이행,건조,맑음,단일로 - 기타,화물,남,57세,기타불명,승용,여,46세,경상
2022111400100171,2022년 11월 14일 10시,월요일,경상남도 김해시 무계동,경상사고,0,0,1,0,차대차 - 추돌,안전운전불이행,건조,맑음,단일로 - 기타,화물,남,66세,상해없음,승용,여,80세,경상
2022111400100195,2022년 11월 14일 11시,월요일,경상남도 거창군 거창읍,중상사고,0,1,0,0,차대차 - 측면충돌,직진우회전진행방해,건조,맑음,교차로 - 교차로안,이륜,남,84세,중상,승용,남,70세,기타불명
2022111400100256,2022년 11월 14일 13시,월요일,경상남도 진주시 대곡면,경상사고,0,0,1,0,차대차 - 측면충돌,안전운전불이행,건조,맑음,교차로 - 교차로부근,화물,남,65세,상해없음,이륜,남,73세,경상
2022111400100257,2022년 11월 14일 13시,월요일,경상남도 창원시 진해구 소사동,경상사고,0,0,1,0,차대차 - 측면충돌,안전거리미확보,건조,맑음,단일로 - 기타,승용,남,60세,상해없음,승용,남,58세,경상
2022111400100258,2022년 11월 14일 13시,월요일,경상남도 거제시 고현동,경상사고,0,0,2,0,차대차 - 기타,신호위반,건조,맑음,교차로 - 교차로안,화물,남,43세,상해없음,승용,남,28세,경상
2022111400100259,2022년 11월 14일 13시,월요일,경상남도 함안군 가야읍,경상사고,0,0,3,0,차대차 - 추돌,안전운전불이행,건조,맑음,기타 - 기타,승용,남,48세,상해없음,승용,남,53세,경상
2022111400100260,2022년 11월 14일 13시,월요일,경상남도 의령군 의령읍,경상사고,0,0,1,0,차대사람 - 차도통행중,안전운전불이행,건조,맑음,교차로 - 교차로안,화물,남,56세,상해없음,보행자,남,91세,경상
2022111400100261,2022년 11월 14일 13시,월요일,경상남도 의령군 부림면,경상사고,0,0,1,0,차대차 - 측면충돌,교차로운행방법위반,건조,맑음,교차로 - 교차로부근,승용,남,68세,상해없음,승용,남,69세,경상
2022111400100284,2022년 11월 14일 14시,월요일,경상남도 창원시 마산합포구 홍문동,중상사고,0,1,0,0,차대차 - 측면충돌,기타,건조,맑음,교차로 - 교차로안,원동기,남,29세,중상,승용,여,78세,상해없음
2022111400100285,2022년 11월 14일 14시,월요일,경상남도 함양군 지곡면,경상사고,0,0,1,0,차대차 - 측면충돌,안전운전불이행,건조,맑음,단일로 - 기타,승합,남,55세,상해없음,개인형이동수단(PM),남,80세,경상
2022111400100316,2022년 11월 14일 15시,월요일,경상남도 통영시 정량동,경상사고,0,0,1,0,차대차 - 측면충돌,신호위반,건조,맑음,교차로 - 교차로안,승용,여,57세,기타불명,이륜,남,79세,경상
2022111400100317,2022년 11월 14일 15시,월요일,경상남도 김해시 부원동,경상사고,0,0,1,0,차대사람 - 횡단중,안전운전불이행,건조,맑음,교차로 - 교차로부근,승용,여,78세,기타불명,보행자,남,59세,경상
2022111400100318,2022년 11월 14일 15시,월요일,경상남도 양산시 물금읍,경상사고,0,0,1,0,차대차 - 측면충돌,안전운전불이행,건조,맑음,주차장 - 주차장,화물,남,63세,상해없음,승용,남,52세,경상
2022111400100319,2022년 11월 14일 15시,월요일,경상남도 양산시 남부동,경상사고,0,0,2,0,차대차 - 추돌,안전운전불이행,건조,맑음,단일로 - 기타,화물,남,71세,경상,화물,남,32세,경상
2022111400100320,2022년 11월 14일 15시,월요일,경상남도 창원시 의창구 북면,중상사고,0,1,0,0,차대차 - 기타,안전운전불이행,건조,맑음,주차장 - 주차장,승용,남,75세,상해없음,화물,남,61세,기타불명
2022111400100360,2022년 11월 14일 16시,월요일,경상남도 김해시 상동면,중상사고,0,1,0,0,차대차 - 측면충돌,중앙선침범,건조,맑음,단일로 - 기타,승용,남,63세,상해없음,승용,여,59세,중상
2022111400100361,2022년 11월 14일 16시,월요일,경상남도 창원시 성산구 대방동,경상사고,0,0,1,0,차대차 - 추돌,안전운전불이행,건조,맑음,교차로 - 교차로부근,승용,여,49세,상해없음,승용,남,63세,경상
2022111400100405,2022년 11월 14일 17시,월요일,경상남도 진주시 금산면,사망사고,1,0,1,0,차대차 - 추돌,안전운전불이행,건조,맑음,단일로 - 기타,승용,여,61세,상해없음,승용,여,64세,경상
2022111400100406,2022년 11월 14일 17시,월요일,경상남도 거제시 아양동,경상사고,0,0,3,1,차대차 - 추돌,안전거리미확보,건조,맑음,단일로 - 기타,승용,남,40세,경상,승용,남,43세,경상
2022111400100407,2022년 11월 14일 17시,월요일,경상남도 남해군 남해읍,사망사고,1,0,9,0,차대차 - 추돌,안전운전불이행,건조,맑음,교차로 - 교차로부근,화물,남,84세,사망,승합,남,48세,경상
2022111400100459,2022년 11월 14일 18시,월요일,경상남도 사천시 사남면,중상사고,0,1,0,0,차대차 - 추돌,안전운전불이행,건조,맑음,교차로 - 교차로부근,승용,남,52세,상해없음,자전거,여,70세,중상
2022111400100460,2022년 11월 14일 18시,월요일,경상남도 창녕군 이방면,중상사고,0,1,0,0,차대차 - 기타,직진우회전진행방해,건조,맑음,교차로 - 교차로안,승용,남,54세,상해없음,원동기,여,35세,중상
2022111400100461,2022년 11월 14일 18시,월요일,경상남도 하동군 진교면,중상사고,0,1,0,0,차대차 - 추돌,안전운전불이행,건조,맑음,단일로 - 기타,화물,남,41세,상해없음,이륜,남,75세,중상
2022111400100462,2022년 11월 14일 18시,월요일,경상남도 창원시 성산구 반림동,경상사고,0,0,1,0,차대차 - 추돌,안전운전불이행,건조,맑음,단일로 - 기타,승합,남,63세,상해없음,승용,남,28세,경상
2022111400100508,2022년 11월 14일 19시,월요일,경상남도 창원시 진해구 이동,중상사고,0,1,0,1,차대차 - 정면충돌,직진우회전진행방해,건조,맑음,교차로 - 교차로안,승용,남,29세,부상신고,이륜,남,17세,중상
2022111400100509,2022년 11월 14일 19시,월요일,경상남도 김해시 내동,중상사고,0,1,1,0,차대차 - 추돌,안전운전불이행,건조,맑음,교차로 - 교차로부근,승용,남,49세,상해없음,승용,남,49세,경상
2022111400100510,2022년 11월 14일 19시,월요일,경상남도 김해시 진영읍,중상사고,0,1,0,0,차대사람 - 횡단중,안전운전불이행,건조,맑음,교차로 - 교차로부근,승용,남,47세,상해없음,보행자,여,59세,중상
2022111400100539,2022년 11월 14일 20시,월요일,경상남도 사천시 향촌동,경상사고,0,0,1,0,차대차 - 측면충돌,교차로운행방법위반,건조,맑음,교차로 - 교차로안,승용,여,58세,상해없음,원동기,남,48세,경상
2022111400100577,2022년 11월 14일 22시,월요일,경상남도 김해시 풍유동,중상사고,0,1,0,0,차대차 - 기타,안전운전불이행,건조,맑음,단일로 - 기타,승용,남,57세,상해없음,화물,남,33세,중상
2022111400100586,2022년 11월 14일 22시,월요일,경상남도 거제시 능포동,중상사고,0,1,0,0,차대사람 - 차도통행중,안전운전불이행,건조,맑음,단일로 - 기타,승용,남,69세,상해없음,보행자,여,39세,중상
2022111500100007,2022년 11월 15일 00시,화요일,경상남도 창원시 진해구 석동,중상사고,0,1,0,0,차대사람 - 기타,안전운전불이행,건조,맑음,교차로 - 교차로부근,승용,남,57세,상해없음,보행자,남,60세,중상
2022111500100018,2022년 11월 15일 01시,화요일,경상남도 양산시 동면,사망사고,1,0,0,0,차량단독 - 공작물충돌,안전운전불이행,건조,맑음,단일로 - 지하차도(도로)내,승용,남,37세,사망,,,,
2022111500100030,2022년 11월 15일 03시,화요일,경상남도 거창군 남하면,경상사고,0,0,1,0,차량단독 - 도로외이탈 - 추락,안전운전불이행,건조,맑음,단일로 - 기타,승용,남,28세,경상,,,,
2022111500100063,2022년 11월 15일 06시,화요일,경상남도 창원시 성산구 상남동,경상사고,0,0,1,0,차대차 - 측면충돌,안전운전불이행,건조,맑음,교차로 - 교차로안,승용,남,19세,상해없음,이륜,남,23세,경상
2022111500100091,2022년 11월 15일 07시,화요일,경상남도 진주시 평거동,사망사고,1,0,0,0,차량단독 - 공작물충돌,안전운전불이행,건조,맑음,교차로 - 교차로안,승용,남,86세,사망,,,,
2022111500100092,2022년 11월 15일 07시,화요일,경상남도 창원시 진해구 풍호동,경상사고,0,0,1,0,차대차 - 측면충돌,신호위반,건조,맑음,교차로 - 교차로안,승합,남,59세,상해없음,승용,남,51세,경상
2022111500100093,2022년 11월 15일 07시,화요일,경상남도 하동군 금성면,경상사고,0,0,1,0,차대차 - 측면충돌,신호위반,건조,맑음,교차로 - 교차로안,화물,남,75세,상해없음,승합,남,58세,경상
2022111500100132,2022년 11월 15일 08시,화요일,경상남도 진주시 명석면,경상사고,0,0,1,0,차대차 - 측면충돌,안전운전불이행,건조,맑음,단일로 - 기타,승용,남,74세,상해없음,건설기계,남,51세,경상
2022111500100133,2022년 11월 15일 08시,화요일,경상남도 통영시 무전동,경상사고,0,0,2,1,차대차 - 측면충돌,안전운전불이행,건조,맑음,교차로 - 교차로안,승용,여,48세,경상,승용,남,60세,부상신고
2022111500100161,2022년 11월 15일 09시,화요일,경상남도 밀양시 상남면,중상사고,0,1,0,0,차대사람 - 횡단중,안전운전불이행,건조,맑음,교차로 - 교차로안,승용,여,55세,상해없음,보행자,남,58세,중상
2022111500100162,2022년 11월 15일 09시,화요일,경상남도 김해시 주촌면,중상사고,0,1,0,0,차대차 - 측면충돌,안전운전불이행,건조,맑음,단일로 - 기타,승용,여,25세,상해없음,승용,남,59세,중상
2022111500100188,2022년 11월 15일 10시,화요일,경상남도 통영시 광도면,중상사고,0,1,0,0,차대차 - 측면충돌,안전운전불이행,건조,맑음,단일로 - 기타,승용,여,56세,상해없음,이륜,남,30세,중상
2022111500100217,2022년 11월 15일 11시,화요일,경상남도 사천시 용현면,경상사고,0,0,1,0,차대차 - 측면충돌,안전운전불이행,건조,맑음,교차로 - 교차로안,건설기계,남,51세,상해없음,승용,남,45세,경상
2022111500100263,2022년 11월 15일 12시,화요일,경상남도 양산시 교동,경상사고,0,0,1,0,차대차 - 추돌,안전운전불이행,건조,맑음,교차로 - 교차로안,승용,여,59세,상해없음,승용,남,50세,경상
2022111500100293,2022년 11월 15일 13시,화요일,경상남도 양산시 물금읍,중상사고,0,1,0,0,차대차 - 측면충돌,안전운전불이행,건조,맑음,교차로 - 교차로안,이륜,남,69세,상해없음,승용,여,62세,상해없음
2022111500100294,2022년 11월 15일 13시,화요일,경상남도 양산시 산막동,경상사고,0,0,1,0,차대사람 - 길가장자리구역통행중,안전운전불이행,건조,맑음,단일로 - 기타,화물,남,60세,상해없음,보행자,여,42세,경상
2022111500100295,2022년 11월 15일 13시,화요일,경상남도 창원시 의창구 동읍,중상사고,0,1,0,0,차량단독 - 전도전복 - 전도,안전운전불이행,건조,맑음,단일로 - 기타,원동기,여,74세,중상,,,,
2022111500100361,2022년 11월 15일 15시,화요일,경상남도 양산시 물금읍,경상사고,0,0,1,0,차대차 - 추돌,안전거리미확보,건조,맑음,단일로 - 기타,건설기계,남,44세,상해없음,승용,여,37세,경상
2022111500100362,2022년 11월 15일 15시,화요일,경상남도 양산시 중부동,부상신고사고,0,0,0,1,차대사람 - 차도통행중,안전운전불이행,건조,맑음,단일로 - 기타,승용,남,59세,상해없음,보행자,남,44세,부상신고
2022111500100447,2022년 11월 15일 17시,화요일,경상남도 창원시 마산합포구 해운동,경상사고,0,0,1,0,차대차 - 측면충돌,신호위반,건조,맑음,교차로 - 교차로안,승합,여,57세,상해없음,승합,남,59세,경상
2022111500100448,2022년 11월 15일 17시,화요일,경상남도 창원시 마산합포구 월남동4가,중상사고,0,1,0,0,차량단독 - 기타,안전운전불이행,건조,맑음,단일로 - 기타,승합,남,45세,상해없음,,,,
2022111500100449,2022년 11월 15일 17시,화요일,경상남도 창원시 진해구 용원동,중상사고,0,1,0,0,차대차 - 측면충돌,교차로운행방법위반,건조,맑음,교차로 - 교차로안,승용,남,45세,상해없음,이륜,남,46세,중상
2022111500100450,2022년 11월 15일 17시,화요일,경상남도 사천시 선구동,경상사고,0,0,2,0,차대차 - 측면충돌,직진우회전진행방해,건조,맑음,교차로 - 교차로안,이륜,남,61세,경상,승용,여,49세,경상
2022111500100451,2022년 11월 15일 17시,화요일,경상남도 고성군 고성읍,경상사고,0,0,1,0,차대차 - 측면충돌,신호위반,건조,맑음,단일로 - 기타,승용,여,42세,상해없음,승용,남,33세,경상
2022111500100452,2022년 11월 15일 17시,화요일,경상남도 창원시 의창구 팔용동,경상사고,0,0,1,0,차대차 - 기타,차로위반,건조,맑음,단일로 - 기타,화물,남,46세,상해없음,원동기,남,39세,경상
2022111500100515,2022년 11월 15일 18시,화요일,경상남도 진주시 상대동,사망사고,1,0,0,0,차대사람 - 횡단중,보행자보호의무위반,건조,맑음,단일로 - 기타,화물,남,49세,상해없음,보행자,여,69세,사망
2022111500100516,2022년 11월 15일 18시,화요일,경상남도 진주시 봉곡동,중상사고,0,1,1,0,차대사람 - 횡단중,보행자보호의무위반,건조,맑음,단일로 - 기타,이륜,남,32세,경상,보행자,남,59세,중상