사고번호,사고일시,요일,시군구,사고내용,사망자수,중상자수,경상자수,부상신고자수,사고유형,법규위반,노면상태,기상상태,도로형태,가해운전자 차종,가해운전자 성별,가해운전자 연령,가해운전자 상해정도,피해운전자 차종,피해운전자 성별,피해운전자 연령,피해운전자 상해정도
2022111900100214,2022년 11월 19일 12시,토요일,경상남도 고성군 하일면,사망사고,1,1,0,0,차대차 - 측면충돌,불법유턴,건조,맑음,교차로 - 교차로안,사륜오토바이(ATV),남,84세,사망,화물,여,62세,중상
2022111900100215,2022년 11월 19일 12시,토요일,경상남도 산청군 단성면,경상사고,0,0,2,0,차대차 - 기타,안전운전불이행,건조,맑음,교차로 - 교차로부근,승용,남,42세,상해없음,승용,여,65세,경상
2022111900100216,2022년 11월 19일 12시,토요일,경상남도 김해시 대청동,중상사고,0,1,0,0,차대차 - 측면충돌,신호위반,건조,맑음,교차로 - 교차로안,승용,여,68세,상해없음,승용,남,36세,중상
2022111900100249,2022년 11월 19일 13시,토요일,경상남도 진주시 인사동,경상사고,0,0,4,0,차대차 - 측면충돌,중앙선침범,건조,맑음,단일로 - 기타,승용,여,55세,기타불명,승용,남,41세,경상
2022111900100250,2022년 11월 19일 13시,토요일,경상남도 함안군 칠원읍,중상사고,0,3,6,0,차대차 - 추돌,안전운전불이행,건조,맑음,단일로 - 기타,승용,여,24세,상해없음,승용,남,27세,경상
2022111900100267,2022년 11월 19일 14시,토요일,경상남도 양산시 상북면,경상사고,0,0,1,0,차대차 - 기타,안전거리미확보,건조,맑음,단일로 - 기타,승용,남,33세,상해없음,승용,여,61세,경상
2022111900100353,2022년 11월 19일 16시,토요일,경상남도 창원시 진해구 석동,경상사고,0,0,1,0,차대차 - 측면충돌,차로위반,건조,맑음,단일로 - 기타,승용,남,53세,상해없음,이륜,남,31세,경상
2022111900100354,2022년 11월 19일 16시,토요일,경상남도 김해시 구산동,경상사고,0,0,4,0,차대차 - 측면충돌,안전운전불이행,건조,맑음,교차로 - 교차로안,승용,남,36세,상해없음,승용,남,28세,경상
2022111900100405,2022년 11월 19일 17시,토요일,경상남도 김해시 안동,경상사고,0,0,1,0,차대차 - 측면충돌,안전운전불이행,건조,맑음,교차로 - 교차로부근,승용,남,35세,상해없음,승용,남,54세,경상
2022111900100406,2022년 11월 19일 17시,토요일,경상남도 합천군 가회면,사망사고,1,0,0,0,차량단독 - 도로외이탈 - 기타,안전운전불이행,건조,맑음,단일로 - 기타,화물,남,63세,사망,,,,
2022111900100457,2022년 11월 19일 18시,토요일,경상남도 통영시 광도면,중상사고,0,1,1,0,차대차 - 추돌,안전거리미확보,건조,맑음,단일로 - 기타,승용,여,27세,상해없음,승용,남,65세,경상
2022111900100458,2022년 11월 19일 18시,토요일,경상남도 창원시 성산구 상남동,경상사고,0,0,2,0,차대차 - 기타,안전거리미확보,건조,맑음,교차로 - 교차로안,원동기,남,28세,기타불명,승용,여,50세,경상
2022111900100502,2022년 11월 19일 19시,토요일,경상남도 통영시 미수동,경상사고,0,0,1,0,차대차 - 측면충돌,안전운전불이행,건조,맑음,교차로 - 교차로부근,승용,남,33세,상해없음,승용,남,22세,경상
2022111900100503,2022년 11월 19일 19시,토요일,경상남도 양산시 남부동,중상사고,0,1,0,0,차대차 - 측면충돌,신호위반,건조,맑음,기타 - 기타,이륜,남,68세,상해없음,승용,여,47세,중상
2022111900100530,2022년 11월 19일 20시,토요일,경상남도 양산시 삼호동,경상사고,0,0,1,0,차대차 - 기타,중앙선침범,젖음/습기,비,단일로 - 기타,승용,남,22세,상해없음,이륜,남,42세,경상
2022111900100531,2022년 11월 19일 20시,토요일,경상남도 창원시 마산회원구 내서읍,경상사고,0,0,1,0,차대차 - 측면충돌,안전운전불이행,건조,맑음,단일로 - 기타,승합,남,54세,상해없음,승용,남,37세,경상
2022111900100550,2022년 11월 19일 21시,토요일,경상남도 창원시 진해구 이동,경상사고,0,0,1,2,차대사람 - 기타,안전운전불이행,건조,맑음,교차로 - 교차로부근,승용,여,54세,상해없음,보행자,여,39세,경상
2022111900100577,2022년 11월 19일 22시,토요일,경상남도 함양군 안의면,중상사고,0,1,0,0,차대차 - 정면충돌,안전운전불이행,건조,맑음,단일로 - 기타,이륜,여,53세,중상,화물,남,47세,기타불명
2022111900100578,2022년 11월 19일 22시,토요일,경상남도 남해군 남해읍,중상사고,0,1,0,1,차량단독 - 도로외이탈 - 추락,안전운전불이행,건조,맑음,단일로 - 기타,승용,남,36세,부상신고,,,,
2022112000100012,2022년 11월 20일 00시,일요일,경상남도 거제시 고현동,부상신고사고,0,0,0,1,차대사람 - 기타,안전운전불이행,건조,맑음,기타 - 기타,승용,남,56세,상해없음,보행자,남,55세,부상신고
2022112000100033,2022년 11월 20일 03시,일요일,경상남도 창원시 의창구 팔용동,경상사고,0,0,1,0,차대사람 - 기타,안전운전불이행,건조,맑음,단일로 - 기타,승용,남,69세,상해없음,보행자,남,42세,경상
2022112000100077,2022년 11월 20일 09시,일요일,경상남도 창원시 진해구 석동,경상사고,0,0,1,0,차대차 - 측면충돌,신호위반,건조,맑음,교차로 - 교차로안,승용,남,69세,상해없음,승용,남,44세,경상
2022112000100120,2022년 11월 20일 11시,일요일,경상남도 사천시 사천읍,중상사고,0,1,1,0,차대차 - 추돌,안전운전불이행,건조,맑음,교차로 - 교차로안,승용,남,31세,상해없음,승용,여,38세,중상
2022112000100153,2022년 11월 20일 12시,일요일,경상남도 거창군 거창읍,중상사고,0,1,0,0,차대사람 - 횡단중,보행자보호의무위반,건조,맑음,교차로 - 교차로횡단보도내,화물,여,59세,상해없음,보행자,여,65세,중상
2022112000100184,2022년 11월 20일 13시,일요일,경상남도 양산시 교동,경상사고,0,0,2,0,차대차 - 측면충돌,안전운전불이행,건조,맑음,단일로 - 기타,승용,남,65세,상해없음,승용,남,68세,경상
2022112000100185,2022년 11월 20일 13시,일요일,경상남도 창원시 성산구 중앙동,경상사고,0,0,2,1,차대차 - 추돌,안전운전불이행,건조,맑음,교차로 - 교차로부근,승용,남,34세,상해없음,승용,여,34세,경상
2022112000100213,2022년 11월 20일 14시,일요일,경상남도 창원시 진해구 용원동,경상사고,0,0,3,0,차대차 - 기타,교차로운행방법위반,건조,흐림,교차로 - 교차로부근,화물,남,62세,상해없음,승용,여,44세,경상
2022112000100214,2022년 11월 20일 14시,일요일,경상남도 하동군 진교면,중상사고,0,1,0,0,차량단독 - 공작물충돌,안전운전불이행,건조,맑음,단일로 - 기타,승용,남,59세,상해없음,,,,
2022112000100215,2022년 11월 20일 14시,일요일,경상남도 의령군 의령읍,중상사고,0,1,0,0,차대사람 - 기타,안전운전불이행,건조,맑음,주차장 - 주차장,승용,남,45세,상해없음,보행자,남,69세,중상
2022112000100245,2022년 11월 20일 15시,일요일,경상남도 창원시 마산합포구 두월동2가,경상사고,0,0,1,0,차대차 - 기타,중앙선침범,건조,맑음,단일로 - 기타,승용,남,62세,상해없음,승용,남,44세,경상
2022112000100269,2022년 11월 20일 16시,일요일,경상남도 양산시 물금읍,경상사고,0,0,5,0,차대차 - 추돌,안전거리미확보,건조,맑음,교차로 - 교차로부근,승용,남,28세,상해없음,승용,여,43세,경상
2022112000100304,2022년 11월 20일 17시,일요일,경상남도 함양군 함양읍,경상사고,0,0,1,0,차대사람 - 기타,안전운전불이행,건조,맑음,단일로 - 기타,승용,남,65세,상해없음,보행자,남,9세,경상
2022112000100305,2022년 11월 20일 17시,일요일,경상남도 거제시 장평동,경상사고,0,0,2,0,차대차 - 기타,교차로운행방법위반,건조,맑음,단일로 - 기타,승용,남,38세,상해없음,승용,남,44세,상해없음
2022112000100345,2022년 11월 20일 18시,일요일,경상남도 창원시 마산합포구 월남동5가,부상신고사고,0,0,0,1,차대차 - 추돌,안전운전불이행,건조,맑음,단일로 - 기타,이륜,남,57세,부상신고,승용,남,72세,상해없음
2022112000100346,2022년 11월 20일 18시,일요일,경상남도 통영시 봉평동,경상사고,0,0,1,0,차대차 - 추돌,안전운전불이행,건조,맑음,단일로 - 기타,이륜,남,34세,경상,승합,남,43세,상해없음
2022112000100347,2022년 11월 20일 18시,일요일,경상남도 밀양시 내일동,중상사고,0,1,0,0,차대사람 - 횡단중,안전운전불이행,건조,맑음,교차로 - 교차로안,승용,여,41세,상해없음,보행자,여,65세,중상
2022112000100406,2022년 11월 20일 20시,일요일,경상남도 통영시 북신동,경상사고,0,0,1,0,차대사람 - 기타,신호위반,건조,맑음,교차로 - 교차로횡단보도내,승용,여,42세,상해없음,보행자,남,60세,경상
2022112000100407,2022년 11월 20일 20시,일요일,경상남도 창원시 마산회원구 양덕동,중상사고,0,1,0,0,차대차 - 측면충돌,안전운전불이행,건조,맑음,교차로 - 교차로부근,승용,남,72세,상해없음,승용,여,46세,중상
2022112000100426,2022년 11월 20일 21시,일요일,경상남도 하동군 진교면,경상사고,0,0,1,0,차대차 - 기타,중앙선침범,건조,맑음,단일로 - 기타,승용,남,54세,기타불명,승용,남,29세,경상
2022112000100443,2022년 11월 20일 23시,일요일,경상남도 양산시 명동,경상사고,0,0,2,0,차대차 - 추돌,안전거리미확보,건조,맑음,교차로 - 교차로안,화물,남,43세,상해없음,승용,여,55세,경상
2022112000100444,2022년 11월 20일 23시,일요일,경상남도 거제시 장평동,중상사고,0,2,0,0,차량단독 - 기타,안전운전불이행,건조,맑음,교차로 - 교차로안,원동기,남,26세,중상,,,,
2022112000100445,2022년 11월 20일 23시,일요일,경상남도 거제시 장승포동,경상사고,0,0,1,0,차대차 - 기타,안전운전불이행,건조,맑음,단일로 - 기타,승용,남,56세,상해없음,승용,남,58세,경상
2022112000100446,2022년 11월 20일 23시,일요일,경상남도 창원시 의창구 서상동,경상사고,0,0,1,0,차대차 - 추돌,안전운전불이행,건조,맑음,단일로 - 기타,승용,남,38세,상해없음,승용,남,71세,경상
2022112100100064,2022년 11월 21일 07시,월요일,경상남도 양산시 삼호동,중상사고,0,1,0,0,차대차 - 측면충돌,교차로운행방법위반,건조,맑음,교차로 - 교차로안,이륜,남,63세,상해없음,승합,여,47세,상해없음
2022112100100105,2022년 11월 21일 08시,월요일,경상남도 통영시 용남면,경상사고,0,0,1,0,차대차 - 기타,안전운전불이행,젖음/습기,맑음,단일로 - 기타,승용,남,33세,상해없음,이륜,남,40세,경상
2022112100100106,2022년 11월 21일 08시,월요일,경상남도 김해시 외동,경상사고,0,0,1,0,차대차 - 정면충돌,직진우회전진행방해,건조,맑음,단일로 - 기타,승용,남,28세,상해없음,이륜,여,27세,경상
2022112100100174,2022년 11월 21일 10시,월요일,경상남도 합천군 용주면,중상사고,0,1,0,0,차량단독 - 도로외이탈 - 추락,안전운전불이행,건조,맑음,기타 - 기타,사륜오토바이(ATV),남,80세,중상,,,,
2022112100100208,2022년 11월 21일 11시,월요일,경상남도 거제시 둔덕면,사망사고,1,0,0,0,차량단독 - 공작물충돌,안전운전불이행,건조,맑음,단일로 - 기타,승용,남,79세,사망,,,,
2022112100100209,2022년 11월 21일 11시,월요일,경상남도 거제시 고현동,경상사고,0,0,1,0,차대차 - 정면충돌,직진우회전진행방해,건조,맑음,교차로 - 교차로안,승용,여,39세,상해없음,이륜,남,39세,경상
2022112100100247,2022년 11월 21일 12시,월요일,경상남도 사천시 동금동,중상사고,0,1,0,0,차량단독 - 전도전복 - 전도,안전운전불이행,기타,맑음,교차로 - 교차로안,이륜,남,53세,중상,,,,
2022112100100248,2022년 11월 21일 12시,월요일,경상남도 고성군 고성읍,중상사고,0,1,0,0,차대사람 - 길가장자리구역통행중,안전운전불이행,건조,맑음,단일로 - 기타,승용,남,69세,상해없음,보행자,여,64세,중상
2022112100100264,2022년 11월 21일 13시,월요일,경상남도 창원시 진해구 자은동,중상사고,0,1,0,0,차대차 - 기타,안전운전불이행,건조,맑음,단일로 - 기타,승합,남,54세,상해없음,자전거,여,82세,중상
2022112100100298,2022년 11월 21일 15시,월요일,경상남도 창원시 진해구 소사동,경상사고,0,0,1,0,차대차 - 기타,안전거리미확보,건조,맑음,단일로 - 기타,승용,남,63세,상해없음,화물,남,50세,경상
2022112100100316,2022년 11월 21일 15시,월요일,경상남도 창원시 진해구 남문동,경상사고,0,0,1,0,차대사람 - 기타,안전운전불이행,건조,맑음,교차로 - 교차로횡단보도내,승용,남,63세,상해없음,보행자,남,50세,경상
2022112100100317,2022년 11월 21일 15시,월요일,경상남도 밀양시 가곡동,경상사고,0,0,1,0,차대사람 - 차도통행중,안전운전불이행,건조,맑음,단일로 - 기타,승용,남,66세,상해없음,보행자,남,12세,경상
2022112100100318,2022년 11월 21일 15시,월요일,경상남도 함양군 함양읍,경상사고,0,0,2,0,차대차 - 측면충돌,교차로운행방법위반,건조,맑음,교차로 - 교차로안,이륜,남,83세,경상,승용,남,32세,상해없음
2022112100100319,2022년 11월 21일 15시,월요일,경상남도 양산시 중부동,경상사고,0,0,1,0,차대차 - 측면충돌,교차로운행방법위반,건조,맑음,교차로 - 교차로안,승용,남,60세,기타불명,승용,여,66세,경상
2022112100100353,2022년 11월 21일 16시,월요일,경상남도 진주시 신안동,경상사고,0,0,1,0,차대차 - 기타,안전운전불이행,건조,맑음,단일로 - 기타,승용,남,60세,상해없음,승용,여,32세,경상
2022112100100354,2022년 11월 21일 16시,월요일,경상남도 통영시 무전동,중상사고,0,1,0,0,차대차 - 추돌,안전운전불이행,건조,맑음,단일로 - 기타,승용,남,36세,상해없음,승용,여,63세,중상
2022112100100355,2022년 11월 21일 16시,월요일,경상남도 김해시 외동,경상사고,0,0,1,0,차대차 - 측면충돌,교차로운행방법위반,건조,맑음,교차로 - 교차로부근,화물,남,70세,기타불명,승용,여,47세,경상
2022112100100356,2022년 11월 21일 16시,월요일,경상남도 양산시 소주동,부상신고사고,0,0,0,1,차대차 - 정면충돌,안전운전불이행,건조,맑음,교차로 - 교차로부근,승용,남,72세,상해없음,자전거,남,8세,부상신고
2022112100100357,2022년 11월 21일 16시,월요일,경상남도 양산시 산막동,경상사고,0,0,1,0,차대차 - 측면충돌,교차로운행방법위반,건조,맑음,교차로 - 교차로안,승용,남,70세,상해없음,화물,남,54세,경상
2022112100100400,2022년 11월 21일 17시,월요일,경상남도 창녕군 창녕읍,중상사고,0,3,0,1,차대차 - 측면충돌,신호위반,건조,맑음,교차로 - 교차로안,승용,여,64세,부상신고,승용,남,64세,중상
2022112100100401,2022년 11월 21일 17시,월요일,경상남도 함양군 함양읍,중상사고,0,1,0,0,차대사람 - 보도통행중,보행자보호의무위반,건조,맑음,교차로 - 교차로횡단보도내,승용,남,76세,상해없음,보행자,여,75세,중상
2022112100100473,2022년 11월 21일 18시,월요일,경상남도 양산시 상북면,중상사고,0,1,1,0,차대차 - 추돌,안전운전불이행,건조,맑음,단일로 - 기타,화물,남,53세,상해없음,승용,남,50세,중상
2022112100100474,2022년 11월 21일 18시,월요일,경상남도 거제시 장평동,경상사고,0,0,1,0,차대차 - 기타,신호위반,건조,맑음,단일로 - 기타,승용,여,36세,상해없음,승용,여,56세,경상
2022112100100475,2022년 11월 21일 18시,월요일,경상남도 창원시 성산구 외동,경상사고,0,0,2,0,차대차 - 측면충돌,안전운전불이행,건조,맑음,교차로 - 교차로부근,승용,남,31세,상해없음,승용,남,24세,경상
2022112100100510,2022년 11월 21일 19시,월요일,경상남도 김해시 내동,경상사고,0,0,1,0,차대차 - 추돌,안전운전불이행,건조,맑음,단일로 - 기타,원동기,남,41세,상해없음,승용,남,44세,경상
2022112100100511,2022년 11월 21일 19시,월요일,경상남도 창원시 의창구 명서동,경상사고,0,0,1,0,차대차 - 기타,신호위반,건조,맑음,교차로 - 교차로안,화물,남,51세,상해없음,승용,남,49세,경상
2022112100100532,2022년 11월 21일 20시,월요일,경상남도 양산시 신기동,경상사고,0,0,1,0,차대차 - 측면충돌,차로위반,건조,맑음,단일로 - 기타,승합,남,67세,상해없음,승합,남,42세,상해없음
2022112100100554,2022년 11월 21일 21시,월요일,경상남도 양산시 상북면,경상사고,0,0,2,0,차대차 - 측면충돌,교차로운행방법위반,건조,맑음,교차로 - 교차로안,승용,남,67세,상해없음,승용,남,29세,상해없음
2022112200100004,2022년 11월 22일 00시,화요일,경상남도 김해시 생림면,중상사고,0,1,0,0,차량단독 - 공작물충돌,안전운전불이행,건조,맑음,교차로 - 교차로안,승용,남,31세,중상,,,,
2022112200100013,2022년 11월 22일 01시,화요일,경상남도 창원시 마산합포구 월남동1가,경상사고,0,0,2,0,차대차 - 추돌,안전운전불이행,건조,맑음,교차로 - 교차로부근,화물,남,29세,상해없음,승합,남,67세,경상
2022112200100032,2022년 11월 22일 05시,화요일,경상남도 진주시 상봉동,경상사고,0,0,1,0,차대차 - 측면충돌,안전운전불이행,건조,맑음,교차로 - 교차로안,화물,남,60세,상해없음,승용,여,58세,경상
2022112200100068,2022년 11월 22일 07시,화요일,경상남도 밀양시 내이동,경상사고,0,0,3,0,차대차 - 측면충돌,안전운전불이행,건조,맑음,단일로 - 기타,승용,여,50세,경상,승용,남,28세,경상
2022112200100069,2022년 11월 22일 07시,화요일,경상남도 거제시 상동동,중상사고,0,1,0,0,차대차 - 기타,안전운전불이행,건조,맑음,교차로 - 교차로부근,승용,여,57세,기타불명,이륜,남,33세,중상
2022112200100109,2022년 11월 22일 08시,화요일,경상남도 양산시 물금읍,부상신고사고,0,0,0,1,차대차 - 측면충돌,안전운전불이행,건조,맑음,단일로 - 기타,승용,여,39세,상해없음,화물,남,48세,부상신고
2022112200100110,2022년 11월 22일 08시,화요일,경상남도 거제시 연초면,중상사고,0,1,0,0,차대사람 - 기타,신호위반,건조,맑음,교차로 - 교차로안,승합,여,46세,상해없음,보행자,남,80세,중상
2022112200100132,2022년 11월 22일 09시,화요일,경상남도 통영시 당동,경상사고,0,0,1,0,차대차 - 측면충돌,차로위반,건조,맑음,단일로 - 기타,승용,남,64세,상해없음,승용,남,42세,경상
2022112200100159,2022년 11월 22일 10시,화요일,경상남도 창원시 마산합포구 중앙동3가,중상사고,0,1,0,0,차대차 - 기타,안전운전불이행,건조,맑음,교차로 - 교차로부근,승합,남,27세,상해없음,승합,남,33세,상해없음
2022112200100160,2022년 11월 22일 10시,화요일,경상남도 창원시 진해구 이동,중상사고,0,1,0,0,차대차 - 측면충돌,안전운전불이행,건조,맑음,단일로 - 기타,이륜,남,53세,중상,화물,남,52세,상해없음
2022112200100161,2022년 11월 22일 10시,화요일,경상남도 통영시 용남면,경상사고,0,0,2,0,차대차 - 추돌,안전운전불이행,건조,맑음,단일로 - 기타,특수,남,47세,상해없음,승용,남,50세,경상
2022112200100195,2022년 11월 22일 11시,화요일,경상남도 거제시 연초면,경상사고,0,0,1,0,차대사람 - 기타,안전운전불이행,건조,맑음,단일로 - 기타,승용,여,33세,상해없음,보행자,남,67세,경상
2022112200100196,2022년 11월 22일 11시,화요일,경상남도 창원시 의창구 팔용동,경상사고,0,0,1,0,차대차 - 측면충돌,신호위반,건조,맑음,교차로 - 교차로부근,승용,남,47세,상해없음,자전거,여,58세,경상
2022112200100210,2022년 11월 22일 12시,화요일,경상남도 통영시 광도면,부상신고사고,0,0,0,1,차대차 - 추돌,안전운전불이행,건조,맑음,단일로 - 기타,이륜,남,70세,부상신고,승용,남,70세,상해없음
2022112200100211,2022년 11월 22일 12시,화요일,경상남도 김해시 내덕동,중상사고,0,1,1,0,차대차 - 측면충돌,안전거리미확보,건조,맑음,교차로 - 교차로부근,승용,남,64세,경상,화물,남,50세,중상
2022112200100238,2022년 11월 22일 13시,화요일,경상남도 김해시 구산동,경상사고,0,0,1,0,차대차 - 기타,안전운전불이행,건조,맑음,교차로 - 교차로안,승용,여,42세,상해없음,건설기계,남,46세,경상
2022112200100300,2022년 11월 22일 15시,화요일,경상남도 통영시 용남면,경상사고,0,0,1,0,차대차 - 후진중충돌,안전운전불이행,건조,맑음,기타 - 기타,승용,남,71세,상해없음,승용,남,66세,상해없음
2022112200100324,2022년 11월 22일 16시,화요일,경상남도 진주시 금산면,경상사고,0,0,1,0,차대사람 - 기타,안전운전불이행,건조,맑음,단일로 - 기타,화물,남,54세,상해없음,보행자,여,81세,경상
2022112200100326,2022년 11월 22일 16시,화요일,경상남도 통영시 용남면,경상사고,0,0,1,0,차대차 - 측면충돌,교차로운행방법위반,건조,맑음,교차로 - 교차로안,승용,남,61세,상해없음,승합,남,58세,경상
2022112200100327,2022년 11월 22일 16시,화요일,경상남도 사천시 벌리동,중상사고,0,1,0,0,차대차 - 측면충돌,교차로운행방법위반,건조,맑음,교차로 - 교차로안,승용,여,38세,상해없음,자전거,남,74세,중상
2022112200100328,2022년 11월 22일 16시,화요일,경상남도 함양군 함양읍,경상사고,0,0,1,0,차대차 - 측면충돌,기타,젖음/습기,비,단일로 - 기타,승용,여,38세,상해없음,이륜,여,44세,경상
2022112200100357,2022년 11월 22일 17시,화요일,경상남도 김해시 진례면,경상사고,0,0,1,0,차대차 - 측면충돌,안전거리미확보,건조,맑음,단일로 - 기타,승용,여,53세,상해없음,특수,남,31세,경상
2022112200100387,2022년 11월 22일 17시,화요일,경상남도 창원시 마산합포구 우산동,경상사고,0,0,1,0,차대차 - 기타,교차로운행방법위반,건조,맑음,교차로 - 교차로안,승용,남,53세,상해없음,화물,남,62세,경상
2022112200100388,2022년 11월 22일 17시,화요일,경상남도 통영시 광도면,경상사고,0,0,1,0,차대차 - 측면충돌,차로위반,젖음/습기,비,단일로 - 기타,승용,여,42세,상해없음,승용,남,48세,경상
2022112200100389,2022년 11월 22일 17시,화요일,경상남도 밀양시 내이동,경상사고,0,0,1,0,차대차 - 측면충돌,안전운전불이행,건조,흐림,교차로 - 교차로안,승용,남,58세,상해없음,원동기,여,71세,경상
2022112200100390,2022년 11월 22일 17시,화요일,경상남도 창원시 성산구 내동,경상사고,0,0,1,0,차대차 - 측면충돌,신호위반,건조,맑음,교차로 - 교차로안,화물,남,67세,상해없음,승용,남,46세,경상
2022112200100391,2022년 11월 22일 17시,화요일,경상남도 창원시 의창구 북면,중상사고,0,1,0,0,차대사람 - 차도통행중,안전운전불이행,젖음/습기,흐림,단일로 - 기타,화물,남,57세,상해없음,보행자,남,65세,중상
2022112200100422,2022년 11월 22일 18시,화요일,경상남도 김해시 대동면,중상사고,0,1,2,3,차대차 - 추돌,안전거리미확보,젖음/습기,비,단일로 - 기타,승용,남,32세,부상신고,승용,남,43세,경상
2022112200100449,2022년 11월 22일 18시,화요일,경상남도 창원시 진해구 용원동,경상사고,0,0,1,0,차대차 - 측면충돌,안전운전불이행,젖음/습기,비,교차로 - 교차로부근,승용,여,41세,상해없음,이륜,남,29세,경상
2022112200100450,2022년 11월 22일 18시,화요일,경상남도 통영시 명정동,경상사고,0,0,1,0,차대차 - 측면충돌,안전운전불이행,젖음/습기,비,교차로 - 교차로부근,승용,남,62세,상해없음,승용,남,63세,경상
2022112200100451,2022년 11월 22일 18시,화요일,경상남도 통영시 무전동,경상사고,0,0,1,0,차대사람 - 횡단중,신호위반,젖음/습기,비,교차로 - 교차로횡단보도내,승용,여,45세,상해없음,보행자,여,19세,경상
2022112200100452,2022년 11월 22일 18시,화요일,경상남도 사천시 사남면,중상사고,0,1,0,0,차대사람 - 횡단중,보행자보호의무위반,젖음/습기,맑음,단일로 - 기타,승용,남,51세,상해없음,보행자,여,67세,중상
2022112200100454,2022년 11월 22일 18시,화요일,경상남도 밀양시 상동면,중상사고,0,1,0,0,차대차 - 측면충돌,중앙선침범,건조,흐림,단일로 - 기타,승용,여,67세,상해없음,승합,남,70세,상해없음
2022112200100455,2022년 11월 22일 18시,화요일,경상남도 양산시 주진동,경상사고,0,0,1,0,차대차 - 추돌,안전운전불이행,젖음/습기,비,교차로 - 교차로부근,이륜,남,22세,기타불명,승용,남,33세,경상
2022112200100456,2022년 11월 22일 18시,화요일,경상남도 창원시 성산구 상남동,중상사고,0,1,0,0,차대사람 - 기타,안전운전불이행,건조,맑음,기타 - 기타,이륜,남,38세,상해없음,보행자,여,60세,중상
2022112200100457,2022년 11월 22일 18시,화요일,경상남도 창원시 마산회원구 양덕동,경상사고,0,0,1,0,차대차 - 추돌,안전운전불이행,젖음/습기,비,교차로 - 교차로부근,화물,남,56세,상해없음,화물,남,66세,경상
2022112200100511,2022년 11월 22일 19시,화요일,경상남도 통영시 광도면,경상사고,0,0,2,0,차대차 - 추돌,안전운전불이행,건조,맑음,단일로 - 기타,승용,여,54세,상해없음,승용,남,26세,경상
2022112200100512,2022년 11월 22일 19시,화요일,경상남도 김해시 외동,경상사고,0,0,1,0,차대사람 - 횡단중,안전운전불이행,젖음/습기,비,교차로 - 교차로안,승용,남,33세,상해없음,보행자,여,51세,경상
2022112200100513,2022년 11월 22일 19시,화요일,경상남도 김해시 대성동,중상사고,0,1,0,0,차대차 - 측면충돌,교차로운행방법위반,젖음/습기,비,교차로 - 교차로안,승용,남,44세,상해없음,이륜,남,22세,중상
2022112200100514,2022년 11월 22일 19시,화요일,경상남도 창원시 의창구 명서동,중상사고,0,1,0,0,차대차 - 기타,안전운전불이행,젖음/습기,비,단일로 - 기타,승용,남,68세,기타불명,자전거,남,73세,중상
2022112200100550,2022년 11월 22일 20시,화요일,경상남도 창원시 진해구 용원동,경상사고,0,0,2,0,차대차 - 측면충돌,차로위반,젖음/습기,비,단일로 - 기타,승용,남,57세,상해없음,승용,남,29세,경상
2022112200100551,2022년 11월 22일 20시,화요일,경상남도 사천시 사남면,경상사고,0,0,1,0,차대차 - 측면충돌,안전운전불이행,젖음/습기,비,교차로 - 교차로안,화물,남,60세,상해없음,승용,남,55세,경상
2022112200100552,2022년 11월 22일 20시,화요일,경상남도 창원시 성산구 중앙동,경상사고,0,0,1,0,차대차 - 측면충돌,안전거리미확보,건조,맑음,단일로 - 기타,화물,남,48세,상해없음,승용,남,26세,경상
2022112200100578,2022년 11월 22일 21시,화요일,경상남도 진주시 상대동,중상사고,0,1,0,0,차대사람 - 횡단중,안전운전불이행,건조,맑음,단일로 - 기타,승용,남,64세,상해없음,보행자,남,60세,중상
2022112200100579,2022년 11월 22일 21시,화요일,경상남도 밀양시 삼문동,중상사고,0,1,0,0,차대차 - 측면충돌,안전운전불이행,젖음/습기,비,교차로 - 교차로부근,승용,남,45세,상해없음,자전거,남,57세,중상
2022112200100580,2022년 11월 22일 21시,화요일,경상남도 김해시 구산동,경상사고,0,0,1,0,차대차 - 기타,차로위반,젖음/습기,흐림,단일로 - 기타,화물,여,60세,상해없음,이륜,남,28세,경상
2022112200100607,2022년 11월 22일 22시,화요일,경상남도 김해시 지내동,경상사고,0,0,1,0,차대차 - 추돌,안전운전불이행,젖음/습기,흐림,교차로 - 교차로부근,승용,남,57세,상해없음,승용,남,27세,경상
2022112200100608,2022년 11월 22일 22시,화요일,경상남도 김해시 삼계동,경상사고,0,0,1,0,차대차 - 추돌,안전거리미확보,젖음/습기,비,교차로 - 교차로안,승용,남,58세,상해없음,승합,남,77세,상해없음
2022112200100609,2022년 11월 22일 22시,화요일,경상남도 남해군 미조면,중상사고,0,1,0,0,차대사람 - 횡단중,안전운전불이행,건조,맑음,단일로 - 기타,승용,남,74세,상해없음,보행자,남,40세,중상
2022112300100002,2022년 11월 23일 00시,수요일,경상남도 김해시 관동동,경상사고,0,0,1,0,차대차 - 추돌,안전운전불이행,건조,흐림,단일로 - 기타,승용,남,24세,상해없음,승합,남,52세,경상