사고번호,사고일시,요일,시군구,사고내용,사망자수,중상자수,경상자수,부상신고자수,사고유형,법규위반,노면상태,기상상태,도로형태,가해운전자 차종,가해운전자 성별,가해운전자 연령,가해운전자 상해정도,피해운전자 차종,피해운전자 성별,피해운전자 연령,피해운전자 상해정도
2022112300100007,2022년 11월 23일 01시,수요일,경상남도 양산시 남부동,부상신고사고,0,0,0,1,차대차 - 측면충돌,안전운전불이행,건조,맑음,교차로 - 교차로부근,승용,여,27세,상해없음,승용,여,54세,부상신고
2022112300100035,2022년 11월 23일 06시,수요일,경상남도 김해시 외동,중상사고,0,1,2,0,차대차 - 기타,안전운전불이행,건조,맑음,기타 - 기타,건설기계,남,65세,상해없음,승용,남,38세,중상
2022112300100036,2022년 11월 23일 06시,수요일,경상남도 함안군 칠서면,중상사고,0,1,0,0,차대차 - 추돌,불법유턴,젖음/습기,비,단일로 - 기타,건설기계,남,55세,상해없음,승용,남,50세,중상
2022112300100063,2022년 11월 23일 07시,수요일,경상남도 진주시 상대동,경상사고,0,0,1,0,차대차 - 추돌,안전운전불이행,건조,맑음,단일로 - 기타,승용,남,25세,상해없음,승용,여,46세,경상
2022112300100064,2022년 11월 23일 07시,수요일,경상남도 김해시 진례면,중상사고,0,1,0,0,차대사람 - 기타,안전운전불이행,젖음/습기,맑음,단일로 - 기타,화물,남,56세,상해없음,보행자,여,63세,중상
2022112300100115,2022년 11월 23일 09시,수요일,경상남도 김해시 생림면,경상사고,0,0,2,0,차대차 - 측면충돌,차로위반,건조,흐림,단일로 - 기타,화물,남,63세,상해없음,화물,남,68세,경상
2022112300100150,2022년 11월 23일 10시,수요일,경상남도 통영시 광도면,경상사고,0,0,3,0,차대차 - 정면충돌,교차로운행방법위반,건조,맑음,교차로 - 교차로안,화물,남,58세,상해없음,승용,남,52세,경상
2022112300100151,2022년 11월 23일 10시,수요일,경상남도 하동군 양보면,중상사고,0,2,0,0,차량단독 - 도로외이탈 - 추락,안전운전불이행,건조,맑음,단일로 - 기타,농기계,남,64세,중상,,,,
2022112300100152,2022년 11월 23일 10시,수요일,경상남도 김해시 신문동,경상사고,0,0,1,0,차대차 - 추돌,안전운전불이행,건조,맑음,교차로 - 교차로안,승용,여,54세,상해없음,승용,여,56세,경상
2022112300100180,2022년 11월 23일 11시,수요일,경상남도 고성군 고성읍,경상사고,0,0,1,0,차대사람 - 차도통행중,안전운전불이행,건조,맑음,단일로 - 기타,승용,남,87세,상해없음,보행자,남,40세,경상
2022112300100181,2022년 11월 23일 11시,수요일,경상남도 의령군 의령읍,중상사고,0,1,0,0,차대차 - 추돌,안전운전불이행,건조,맑음,단일로 - 기타,화물,남,74세,상해없음,이륜,여,74세,중상
2022112300100259,2022년 11월 23일 14시,수요일,경상남도 합천군 봉산면,중상사고,0,1,1,0,차대차 - 측면충돌,안전운전불이행,건조,맑음,교차로 - 교차로안,화물,남,76세,경상,건설기계,남,43세,중상
2022112300100369,2022년 11월 23일 17시,수요일,경상남도 진주시 상봉동,경상사고,0,0,1,0,차대사람 - 기타,안전운전불이행,건조,맑음,기타 - 기타,승합,여,55세,상해없음,보행자,남,47세,경상
2022112300100370,2022년 11월 23일 17시,수요일,경상남도 진주시 유곡동,경상사고,0,0,1,0,차대차 - 정면충돌,중앙선침범,건조,맑음,교차로 - 교차로부근,화물,남,53세,상해없음,승용,여,59세,경상
2022112300100371,2022년 11월 23일 17시,수요일,경상남도 양산시 덕계동,경상사고,0,0,1,0,차대사람 - 횡단중,안전운전불이행,건조,맑음,교차로 - 교차로안,승용,여,23세,상해없음,보행자,남,7세,경상
2022112300100372,2022년 11월 23일 17시,수요일,경상남도 창원시 의창구 서상동,경상사고,0,0,2,0,차대차 - 기타,안전운전불이행,건조,맑음,교차로 - 교차로부근,승용,남,63세,상해없음,승용,남,30세,경상
2022112300100373,2022년 11월 23일 17시,수요일,경상남도 창원시 의창구 명서동,경상사고,0,0,1,0,차대차 - 기타,안전운전불이행,건조,맑음,교차로 - 교차로부근,승용,남,59세,상해없음,승용,남,72세,경상
2022112300100434,2022년 11월 23일 18시,수요일,경상남도 진주시 주약동,경상사고,0,0,3,0,차대차 - 정면충돌,신호위반,건조,맑음,교차로 - 교차로안,승용,남,62세,경상,승용,남,38세,경상
2022112300100435,2022년 11월 23일 18시,수요일,경상남도 거제시 양정동,경상사고,0,0,2,0,차대차 - 추돌,안전운전불이행,건조,맑음,교차로 - 교차로부근,승용,남,49세,상해없음,승용,남,32세,경상
2022112300100436,2022년 11월 23일 18시,수요일,경상남도 함안군 가야읍,중상사고,0,1,0,0,차대사람 - 보도통행중,보행자보호의무위반,건조,맑음,교차로 - 교차로부근,이륜,남,23세,상해없음,보행자,여,10세,중상
2022112300100437,2022년 11월 23일 18시,수요일,경상남도 창원시 성산구 신월동,경상사고,0,0,1,0,차대차 - 측면충돌,안전거리미확보,건조,맑음,교차로 - 교차로안,화물,남,47세,상해없음,승용,여,31세,경상
2022112300100468,2022년 11월 23일 19시,수요일,경상남도 양산시 물금읍,경상사고,0,0,1,0,차대차 - 기타,안전거리미확보,건조,맑음,기타 - 기타,승용,남,52세,상해없음,승용,여,27세,경상
2022112300100484,2022년 11월 23일 19시,수요일,경상남도 창원시 진해구 덕산동,중상사고,0,1,0,0,차대사람 - 기타,안전운전불이행,건조,맑음,교차로 - 교차로안,승용,남,69세,상해없음,보행자,여,55세,중상
2022112300100543,2022년 11월 23일 21시,수요일,경상남도 거제시 옥포동,경상사고,0,0,1,0,차대차 - 추돌,안전운전불이행,건조,맑음,단일로 - 기타,승용,남,34세,경상,화물,남,67세,상해없음
2022112300100544,2022년 11월 23일 21시,수요일,경상남도 함안군 가야읍,경상사고,0,0,2,0,차대차 - 추돌,안전운전불이행,건조,맑음,교차로 - 교차로부근,승용,남,39세,상해없음,승용,여,52세,경상
2022112300100558,2022년 11월 23일 22시,수요일,경상남도 거제시 능포동,경상사고,0,0,1,0,차대차 - 추돌,안전운전불이행,건조,맑음,교차로 - 교차로부근,승용,남,26세,상해없음,화물,남,59세,경상
2022112300100575,2022년 11월 23일 23시,수요일,경상남도 진주시 하대동,중상사고,0,1,2,0,차대차 - 측면충돌,신호위반,건조,맑음,교차로 - 교차로안,승용,남,40세,경상,승용,여,66세,경상
2022112400100022,2022년 11월 24일 03시,목요일,경상남도 밀양시 내이동,중상사고,0,1,2,0,차대차 - 측면충돌,안전운전불이행,건조,흐림,단일로 - 기타,승용,남,19세,경상,승용,남,52세,중상
2022112400100039,2022년 11월 24일 05시,목요일,경상남도 양산시 유산동,중상사고,0,1,0,0,차대차 - 측면충돌,안전운전불이행,건조,맑음,단일로 - 기타,승용,남,65세,상해없음,원동기,남,41세,중상
2022112400100048,2022년 11월 24일 06시,목요일,경상남도 밀양시 삼문동,경상사고,0,0,1,0,차대차 - 측면충돌,안전운전불이행,건조,맑음,기타 - 기타,화물,남,55세,상해없음,승용,남,64세,경상
2022112400100049,2022년 11월 24일 06시,목요일,경상남도 김해시 삼정동,경상사고,0,0,1,0,차대사람 - 횡단중,보행자보호의무위반,건조,맑음,교차로 - 교차로횡단보도내,기타불명,기타불명,미분류,기타불명,보행자,여,20세,경상
2022112400100066,2022년 11월 24일 07시,목요일,경상남도 진주시 하대동,중상사고,0,1,2,0,차대차 - 측면충돌,직진우회전진행방해,건조,맑음,교차로 - 교차로안,화물,남,67세,중상,승용,남,46세,경상
2022112400100067,2022년 11월 24일 07시,목요일,경상남도 양산시 물금읍,부상신고사고,0,0,0,1,차대차 - 측면충돌,안전운전불이행,건조,맑음,교차로 - 교차로안,자전거,여,68세,부상신고,승용,남,73세,상해없음
2022112400100113,2022년 11월 24일 08시,목요일,경상남도 창원시 마산합포구 해운동,중상사고,0,1,0,0,차대차 - 측면충돌,안전운전불이행,건조,맑음,교차로 - 교차로안,승용,남,63세,상해없음,개인형이동수단(PM),여,35세,중상
2022112400100114,2022년 11월 24일 08시,목요일,경상남도 통영시 미수동,경상사고,0,0,1,0,차대차 - 측면충돌,신호위반,건조,맑음,단일로 - 기타,승용,남,28세,상해없음,승용,남,29세,경상
2022112400100183,2022년 11월 24일 10시,목요일,경상남도 사천시 정동면,중상사고,0,1,1,0,차대차 - 추돌,안전운전불이행,건조,맑음,교차로 - 교차로부근,화물,남,66세,상해없음,승용,남,33세,중상
2022112400100184,2022년 11월 24일 10시,목요일,경상남도 창원시 성산구 대원동,경상사고,0,0,1,0,차대사람 - 횡단중,보행자보호의무위반,건조,맑음,교차로 - 교차로횡단보도내,화물,남,46세,상해없음,보행자,여,34세,경상
2022112400100236,2022년 11월 24일 12시,목요일,경상남도 진주시 인사동,경상사고,0,0,1,0,차대사람 - 보도통행중,기타,건조,맑음,단일로 - 기타,이륜,남,66세,상해없음,보행자,남,45세,경상
2022112400100237,2022년 11월 24일 12시,목요일,경상남도 사천시 향촌동,사망사고,1,0,0,2,차대차 - 정면충돌,중앙선침범,건조,맑음,단일로 - 기타,승용,여,61세,사망,화물,남,21세,부상신고
2022112400100238,2022년 11월 24일 12시,목요일,경상남도 창원시 의창구 도계동,중상사고,0,1,0,0,차량단독 - 기타,안전운전불이행,건조,맑음,기타 - 기타,승합,남,41세,상해없음,,,,
2022112400100239,2022년 11월 24일 12시,목요일,경상남도 김해시 대청동,중상사고,0,1,1,0,차대차 - 측면충돌,안전거리미확보,건조,맑음,교차로 - 교차로부근,승용,여,56세,상해없음,승합,남,61세,상해없음
2022112400100266,2022년 11월 24일 13시,목요일,경상남도 통영시 도산면,경상사고,0,0,1,0,차대차 - 정면충돌,안전운전불이행,건조,맑음,교차로 - 교차로부근,승용,여,50세,기타불명,승용,여,50세,경상
2022112400100267,2022년 11월 24일 13시,목요일,경상남도 김해시 안동,중상사고,0,1,2,0,차대차 - 추돌,안전거리미확보,건조,맑음,교차로 - 교차로안,승용,여,60세,상해없음,승용,여,39세,중상
2022112400100268,2022년 11월 24일 13시,목요일,경상남도 거제시 수월동,중상사고,0,2,0,0,차대사람 - 횡단중,안전운전불이행,건조,맑음,단일로 - 기타,승용,여,51세,상해없음,보행자,여,85세,중상
2022112400100269,2022년 11월 24일 13시,목요일,경상남도 창원시 의창구 소답동,경상사고,0,0,1,0,차대사람 - 차도통행중,안전운전불이행,건조,맑음,교차로 - 교차로부근,승용,여,59세,상해없음,보행자,여,68세,경상
2022112400100305,2022년 11월 24일 14시,목요일,경상남도 창원시 성산구 내동,경상사고,0,0,1,0,차대차 - 측면충돌,차로위반,건조,맑음,단일로 - 기타,승용,남,67세,상해없음,승용,남,28세,경상
2022112400100306,2022년 11월 24일 14시,목요일,경상남도 창원시 마산회원구 석전동,중상사고,0,2,0,0,차대차 - 기타,기타,건조,맑음,교차로 - 교차로부근,승용,남,66세,기타불명,승합,남,50세,중상
2022112400100307,2022년 11월 24일 14시,목요일,경상남도 김해시 진영읍,경상사고,0,0,1,0,차대사람 - 횡단중,보행자보호의무위반,건조,맑음,교차로 - 교차로안,승용,여,30세,상해없음,보행자,여,25세,경상
2022112400100326,2022년 11월 24일 15시,목요일,경상남도 김해시 생림면,경상사고,0,0,1,0,차대차 - 기타,안전거리미확보,건조,맑음,단일로 - 기타,승용,남,26세,상해없음,승용,남,32세,경상
2022112400100344,2022년 11월 24일 15시,목요일,경상남도 창원시 마산합포구 서성동,경상사고,0,0,1,0,차대사람 - 횡단중,신호위반,건조,맑음,교차로 - 교차로횡단보도내,승용,남,19세,상해없음,보행자,여,69세,경상
2022112400100345,2022년 11월 24일 15시,목요일,경상남도 고성군 마암면,경상사고,0,0,1,0,차대차 - 측면충돌,중앙선침범,건조,맑음,교차로 - 교차로안,승용,남,44세,상해없음,승용,여,36세,경상
2022112400100369,2022년 11월 24일 16시,목요일,경상남도 김해시 삼문동,경상사고,0,0,1,0,차대차 - 기타,안전운전불이행,건조,맑음,단일로 - 기타,승용,남,27세,상해없음,승용,남,24세,경상
2022112400100385,2022년 11월 24일 16시,목요일,경상남도 양산시 물금읍,부상신고사고,0,0,0,1,차대사람 - 횡단중,안전운전불이행,건조,맑음,교차로 - 교차로안,이륜,남,58세,부상신고,보행자,남,71세,상해없음
2022112400100386,2022년 11월 24일 16시,목요일,경상남도 남해군 창선면,경상사고,0,0,1,0,차대차 - 정면충돌,중앙선침범,건조,맑음,단일로 - 기타,승용,남,70세,상해없음,승용,여,42세,경상
2022112400100387,2022년 11월 24일 16시,목요일,경상남도 의령군 부림면,경상사고,0,0,1,0,차대차 - 측면충돌,안전운전불이행,건조,맑음,단일로 - 기타,화물,남,58세,상해없음,자전거,남,52세,경상
2022112400100427,2022년 11월 24일 17시,목요일,경상남도 창원시 진해구 자은동,경상사고,0,0,1,0,차대차 - 측면충돌,안전운전불이행,건조,맑음,교차로 - 교차로안,이륜,남,25세,경상,화물,남,60세,상해없음
2022112400100428,2022년 11월 24일 17시,목요일,경상남도 통영시 미수동,경상사고,0,0,1,0,차대차 - 측면충돌,안전운전불이행,건조,맑음,단일로 - 기타,화물,남,72세,상해없음,승용,여,43세,경상
2022112400100429,2022년 11월 24일 17시,목요일,경상남도 의령군 봉수면,경상사고,0,0,1,0,차대차 - 추돌,안전운전불이행,건조,맑음,단일로 - 기타,승용,여,42세,상해없음,승용,여,62세,상해없음
2022112400100430,2022년 11월 24일 17시,목요일,경상남도 창원시 마산회원구 내서읍,경상사고,0,0,1,0,차대차 - 기타,안전운전불이행,건조,맑음,교차로 - 교차로안,승용,남,64세,상해없음,승용,여,52세,경상
2022112400100460,2022년 11월 24일 18시,목요일,경상남도 김해시 삼문동,중상사고,0,2,1,0,차대차 - 기타,안전운전불이행,건조,맑음,단일로 - 기타,승용,여,19세,상해없음,특수,남,60세,중상
2022112400100483,2022년 11월 24일 18시,목요일,경상남도 밀양시 삼문동,중상사고,0,1,0,0,차대사람 - 횡단중,신호위반,건조,맑음,교차로 - 교차로횡단보도내,승용,여,54세,상해없음,보행자,남,14세,중상
2022112400100484,2022년 11월 24일 18시,목요일,경상남도 하동군 금성면,경상사고,0,0,1,0,차대차 - 추돌,신호위반,건조,맑음,교차로 - 교차로안,승용,여,33세,기타불명,승용,남,27세,경상
2022112400100485,2022년 11월 24일 18시,목요일,경상남도 거제시 고현동,중상사고,0,1,0,0,차대사람 - 횡단중,안전운전불이행,건조,맑음,기타 - 기타,이륜,남,47세,상해없음,보행자,여,31세,중상
2022112400100486,2022년 11월 24일 18시,목요일,경상남도 창원시 성산구 상남동,경상사고,0,0,1,0,차대차 - 추돌,안전운전불이행,건조,맑음,교차로 - 교차로부근,승용,남,69세,상해없음,승용,남,42세,경상
2022112400100528,2022년 11월 24일 19시,목요일,경상남도 김해시 삼방동,경상사고,0,0,1,0,차대차 - 측면충돌,직진우회전진행방해,건조,맑음,교차로 - 교차로안,승용,남,72세,상해없음,이륜,남,64세,경상
2022112400100529,2022년 11월 24일 19시,목요일,경상남도 창원시 의창구 동정동,경상사고,0,0,2,0,차대차 - 측면충돌,안전운전불이행,건조,맑음,기타 - 기타,승용,여,53세,상해없음,승용,남,32세,경상
2022112400100564,2022년 11월 24일 20시,목요일,경상남도 양산시 소주동,경상사고,0,0,1,0,차량단독 - 기타,기타,건조,맑음,기타 - 기타,승합,남,53세,상해없음,,,,
2022112400100565,2022년 11월 24일 20시,목요일,경상남도 거제시 고현동,경상사고,0,0,1,0,차대차 - 기타,안전거리미확보,건조,맑음,단일로 - 기타,기타불명,기타불명,미분류,기타불명,이륜,남,35세,경상
2022112400100588,2022년 11월 24일 21시,목요일,경상남도 창원시 성산구 외동,중상사고,0,1,0,0,차대차 - 정면충돌,중앙선침범,건조,맑음,기타 - 기타,이륜,남,46세,상해없음,자전거,남,50세,중상
2022112400100629,2022년 11월 24일 23시,목요일,경상남도 진주시 가좌동,중상사고,0,1,0,0,차대차 - 측면충돌,신호위반,건조,맑음,교차로 - 교차로안,승용,여,21세,상해없음,이륜,남,34세,중상
2022112400100630,2022년 11월 24일 23시,목요일,경상남도 창원시 의창구 봉곡동,경상사고,0,0,1,0,차대차 - 추돌,안전운전불이행,건조,맑음,단일로 - 기타,기타불명,기타불명,미분류,기타불명,자전거,남,30세,경상
2022112500100012,2022년 11월 25일 00시,금요일,경상남도 창원시 마산합포구 상남동,부상신고사고,0,0,0,1,차대사람 - 횡단중,안전운전불이행,건조,맑음,교차로 - 교차로안,승용,남,67세,상해없음,보행자,여,51세,부상신고
2022112500100042,2022년 11월 25일 05시,금요일,경상남도 통영시 광도면,중상사고,0,1,0,0,차대사람 - 기타,안전운전불이행,건조,기타,교차로 - 교차로부근,화물,남,39세,상해없음,보행자,남,69세,중상
2022112500100051,2022년 11월 25일 06시,금요일,경상남도 함양군 함양읍,부상신고사고,0,0,0,1,차량단독 - 기타,안전운전불이행,건조,맑음,교차로 - 교차로안,이륜,남,22세,부상신고,,,,
2022112500100052,2022년 11월 25일 06시,금요일,경상남도 김해시 대청동,경상사고,0,0,1,0,차대차 - 측면충돌,안전거리미확보,건조,맑음,단일로 - 기타,승용,여,51세,상해없음,승용,남,50세,경상
2022112500100083,2022년 11월 25일 08시,금요일,경상남도 양산시 동면,경상사고,0,0,1,0,차대차 - 추돌,안전운전불이행,건조,맑음,단일로 - 기타,승용,남,57세,상해없음,화물,남,57세,경상
2022112500100104,2022년 11월 25일 08시,금요일,경상남도 창원시 진해구 이동,중상사고,0,1,1,0,차대차 - 측면충돌,신호위반,건조,맑음,교차로 - 교차로안,화물,남,57세,중상,화물,남,53세,경상
2022112500100105,2022년 11월 25일 08시,금요일,경상남도 창원시 진해구 수송동,경상사고,0,0,1,0,차대사람 - 횡단중,안전운전불이행,건조,맑음,단일로 - 기타,승용,여,54세,상해없음,보행자,여,13세,경상
2022112500100106,2022년 11월 25일 08시,금요일,경상남도 밀양시 삼문동,중상사고,0,1,0,0,차대차 - 기타,차로위반,건조,맑음,단일로 - 교량,승용,여,61세,상해없음,원동기,남,63세,중상
2022112500100133,2022년 11월 25일 09시,금요일,경상남도 함양군 수동면,중상사고,0,1,0,0,차대차 - 추돌,안전운전불이행,건조,맑음,단일로 - 기타,화물,남,44세,상해없음,화물,남,58세,중상
2022112500100163,2022년 11월 25일 10시,금요일,경상남도 진주시 강남동,경상사고,0,0,1,0,차대사람 - 횡단중,신호위반,건조,맑음,교차로 - 교차로횡단보도내,원동기,남,33세,상해없음,보행자,여,40세,경상
2022112500100197,2022년 11월 25일 11시,금요일,경상남도 창원시 진해구 풍호동,경상사고,0,0,2,0,차대차 - 측면충돌,안전거리미확보,건조,맑음,교차로 - 교차로부근,승용,여,62세,상해없음,승용,남,43세,경상
2022112500100198,2022년 11월 25일 11시,금요일,경상남도 통영시 광도면,경상사고,0,0,1,0,차대차 - 측면충돌,신호위반,건조,맑음,교차로 - 교차로안,승용,여,62세,상해없음,승합,남,52세,경상
2022112500100199,2022년 11월 25일 11시,금요일,경상남도 함양군 함양읍,중상사고,0,1,0,0,차량단독 - 공작물충돌,안전운전불이행,건조,맑음,교차로 - 교차로안,이륜,남,59세,중상,,,,
2022112500100200,2022년 11월 25일 11시,금요일,경상남도 양산시 하북면,경상사고,0,0,1,0,차대차 - 측면충돌,안전운전불이행,건조,맑음,교차로 - 교차로안,승용,여,37세,상해없음,승용,남,68세,상해없음
2022112500100201,2022년 11월 25일 11시,금요일,경상남도 거제시 고현동,중상사고,0,1,0,0,차대사람 - 차도통행중,안전운전불이행,건조,맑음,교차로 - 교차로안,승용,남,75세,상해없음,보행자,여,40세,중상
2022112500100202,2022년 11월 25일 11시,금요일,경상남도 김해시 진례면,경상사고,0,0,1,0,차대차 - 측면충돌,교차로운행방법위반,건조,맑음,교차로 - 교차로안,승용,남,52세,상해없음,승용,남,65세,경상
2022112500100230,2022년 11월 25일 12시,금요일,경상남도 밀양시 내일동,경상사고,0,0,1,0,차대사람 - 기타,안전운전불이행,건조,맑음,단일로 - 기타,승용,남,21세,상해없음,보행자,남,41세,경상
2022112500100231,2022년 11월 25일 12시,금요일,경상남도 양산시 삼호동,경상사고,0,0,1,0,차대차 - 측면충돌,중앙선침범,건조,맑음,교차로 - 교차로부근,승용,여,48세,상해없음,이륜,남,35세,경상
2022112500100249,2022년 11월 25일 13시,금요일,경상남도 양산시 물금읍,경상사고,0,0,1,0,차대사람 - 보도통행중,기타,건조,맑음,단일로 - 기타,화물,남,57세,상해없음,보행자,남,30세,경상
2022112500100277,2022년 11월 25일 14시,금요일,경상남도 산청군 단성면,경상사고,0,0,1,0,차대차 - 정면충돌,신호위반,건조,맑음,교차로 - 교차로안,화물,여,46세,상해없음,승용,남,60세,경상
2022112500100319,2022년 11월 25일 15시,금요일,경상남도 김해시 율하동,경상사고,0,0,1,0,차대차 - 측면충돌,안전거리미확보,건조,맑음,단일로 - 기타,승용,남,58세,상해없음,이륜,남,20세,경상
2022112500100338,2022년 11월 25일 16시,금요일,경상남도 양산시 동면,경상사고,0,0,2,0,차대차 - 측면충돌,안전운전불이행,건조,맑음,단일로 - 기타,승용,여,29세,상해없음,승용,남,47세,경상
2022112500100412,2022년 11월 25일 17시,금요일,경상남도 진주시 망경동,경상사고,0,0,1,0,차대차 - 측면충돌,안전운전불이행,건조,맑음,교차로 - 교차로안,승용,여,74세,상해없음,승용,여,27세,경상
2022112500100413,2022년 11월 25일 17시,금요일,경상남도 김해시 외동,중상사고,0,1,3,0,차량단독 - 공작물충돌,안전운전불이행,건조,맑음,단일로 - 기타,승용,남,63세,상해없음,,,,
2022112500100414,2022년 11월 25일 17시,금요일,경상남도 김해시 서상동,중상사고,0,1,0,0,차대사람 - 기타,안전운전불이행,건조,맑음,단일로 - 기타,승용,여,43세,상해없음,보행자,여,73세,중상
2022112500100415,2022년 11월 25일 17시,금요일,경상남도 거창군 거창읍,중상사고,0,1,0,0,차대차 - 측면충돌,안전운전불이행,건조,맑음,교차로 - 교차로안,자전거,여,72세,중상,이륜,남,18세,상해없음
2022112500100416,2022년 11월 25일 17시,금요일,경상남도 양산시 삼호동,경상사고,0,0,1,0,차대차 - 측면충돌,교차로운행방법위반,건조,맑음,교차로 - 교차로안,승용,남,49세,상해없음,이륜,남,41세,경상
2022112500100417,2022년 11월 25일 17시,금요일,경상남도 남해군 설천면,중상사고,0,1,1,0,차대차 - 정면충돌,교차로운행방법위반,건조,맑음,교차로 - 교차로안,승용,여,50세,경상,승합,남,53세,중상
2022112500100485,2022년 11월 25일 18시,금요일,경상남도 통영시 북신동,중상사고,0,1,0,0,차대차 - 측면충돌,안전운전불이행,건조,맑음,기타 - 기타,승용,남,52세,상해없음,이륜,남,39세,중상
2022112500100486,2022년 11월 25일 18시,금요일,경상남도 사천시 정동면,중상사고,0,1,0,0,차대차 - 측면충돌,안전운전불이행,건조,맑음,교차로 - 교차로안,개인형이동수단(PM),남,17세,중상,승용,남,66세,상해없음
2022112500100487,2022년 11월 25일 18시,금요일,경상남도 김해시 내동,경상사고,0,0,1,0,차대차 - 정면충돌,신호위반,건조,맑음,교차로 - 교차로안,승용,여,43세,상해없음,이륜,남,44세,경상
2022112500100488,2022년 11월 25일 18시,금요일,경상남도 김해시 외동,중상사고,0,1,0,0,차대사람 - 횡단중,보행자보호의무위반,건조,맑음,교차로 - 교차로횡단보도내,승용,남,58세,상해없음,보행자,여,72세,중상
2022112500100489,2022년 11월 25일 18시,금요일,경상남도 함양군 함양읍,중상사고,0,1,0,0,차대사람 - 차도통행중,안전운전불이행,건조,맑음,단일로 - 기타,승용,남,70세,상해없음,보행자,남,50세,중상
2022112500100490,2022년 11월 25일 18시,금요일,경상남도 양산시 북정동,중상사고,0,1,1,0,차대차 - 측면충돌,안전운전불이행,건조,맑음,교차로 - 교차로안,승용,여,54세,중상,승용,남,31세,경상
2022112500100531,2022년 11월 25일 19시,금요일,경상남도 창원시 진해구 용원동,경상사고,0,0,6,0,차대차 - 기타,중앙선침범,건조,맑음,교차로 - 교차로부근,승용,남,39세,상해없음,승용,여,40세,경상
2022112500100532,2022년 11월 25일 19시,금요일,경상남도 양산시 소주동,중상사고,0,1,0,0,차대사람 - 횡단중,안전운전불이행,건조,맑음,교차로 - 교차로부근,승용,남,59세,상해없음,보행자,남,57세,중상
2022112500100534,2022년 11월 25일 19시,금요일,경상남도 하동군 금남면,경상사고,0,0,2,0,차대차 - 기타,기타,건조,맑음,교차로 - 교차로부근,화물,남,57세,상해없음,승용,남,34세,경상
2022112500100535,2022년 11월 25일 19시,금요일,경상남도 김해시 대청동,경상사고,0,0,1,0,차대사람 - 기타,안전운전불이행,건조,맑음,기타 - 기타,화물,남,56세,기타불명,보행자,남,39세,경상
2022112500100573,2022년 11월 25일 20시,금요일,경상남도 진주시 상평동,중상사고,0,1,0,0,차대차 - 측면충돌,중앙선침범,건조,맑음,교차로 - 교차로부근,승용,남,60세,상해없음,승용,남,43세,중상
2022112500100574,2022년 11월 25일 20시,금요일,경상남도 양산시 물금읍,중상사고,0,1,0,0,차대사람 - 횡단중,보행자보호의무위반,건조,맑음,교차로 - 교차로안,승용,남,42세,상해없음,보행자,남,23세,중상
2022112500100605,2022년 11월 25일 21시,금요일,경상남도 양산시 물금읍,경상사고,0,0,1,0,차대차 - 측면충돌,안전운전불이행,건조,맑음,단일로 - 기타,승용,남,42세,상해없음,승용,남,33세,상해없음
2022112500100606,2022년 11월 25일 21시,금요일,경상남도 창원시 성산구 용호동,경상사고,0,0,1,0,차대사람 - 기타,안전운전불이행,건조,맑음,기타 - 기타,승용,남,64세,상해없음,보행자,남,53세,경상
2022112500100637,2022년 11월 25일 22시,금요일,경상남도 창원시 진해구 경화동,경상사고,0,0,1,0,차대차 - 추돌,안전운전불이행,건조,맑음,단일로 - 기타,승용,여,54세,상해없음,승합,남,36세,경상
2022112500100662,2022년 11월 25일 23시,금요일,경상남도 거제시 사등면,중상사고,0,1,0,0,차대차 - 기타,안전운전불이행,건조,맑음,단일로 - 기타,승용,남,26세,중상,승합,남,62세,상해없음
2022112600100012,2022년 11월 26일 00시,토요일,경상남도 양산시 삼호동,부상신고사고,0,0,0,1,차대사람 - 횡단중,보행자보호의무위반,건조,맑음,교차로 - 교차로횡단보도내,승용,남,31세,상해없음,보행자,여,23세,부상신고
2022112600100013,2022년 11월 26일 00시,토요일,경상남도 창원시 마산합포구 산호동,중상사고,0,1,1,0,차대사람 - 횡단중,안전운전불이행,건조,맑음,단일로 - 기타,승용,남,60세,상해없음,보행자,남,31세,중상
2022112600100041,2022년 11월 26일 02시,토요일,경상남도 진주시 칠암동,경상사고,0,0,1,0,차대차 - 추돌,안전운전불이행,건조,맑음,단일로 - 기타,원동기,남,21세,상해없음,승용,남,70세,경상
2022112600100055,2022년 11월 26일 04시,토요일,경상남도 양산시 물금읍,중상사고,0,1,0,0,차대차 - 기타,안전운전불이행,건조,맑음,단일로 - 기타,화물,남,37세,상해없음,승용,남,31세,중상
2022112600100057,2022년 11월 26일 04시,토요일,경상남도 김해시 전하동,경상사고,0,0,4,0,차대차 - 측면충돌,신호위반,건조,맑음,교차로 - 교차로안,승용,남,53세,상해없음,승용,남,58세,경상
2022112600100079,2022년 11월 26일 07시,토요일,경상남도 창원시 의창구 팔용동,경상사고,0,0,1,0,차대차 - 측면충돌,신호위반,건조,맑음,교차로 - 교차로안,승합,남,49세,상해없음,승용,여,38세,경상