사고번호,사고일시,요일,시군구,사고내용,사망자수,중상자수,경상자수,부상신고자수,사고유형,법규위반,노면상태,기상상태,도로형태,가해운전자 차종,가해운전자 성별,가해운전자 연령,가해운전자 상해정도,피해운전자 차종,피해운전자 성별,피해운전자 연령,피해운전자 상해정도
2022120600100122,2022년 12월 6일 08시,화요일,경상남도 창원시 의창구 팔용동,경상사고,0,0,1,0,차대차 - 기타,안전운전불이행,건조,맑음,교차로 - 교차로부근,승용,여,41세,상해없음,승용,여,60세,경상
2022120600100184,2022년 12월 6일 09시,화요일,경상남도 김해시 삼계동,중상사고,0,1,0,0,차대차 - 측면충돌,신호위반,건조,맑음,교차로 - 교차로안,화물,남,28세,상해없음,승용,남,61세,중상
2022120600100220,2022년 12월 6일 10시,화요일,경상남도 진주시 동성동,경상사고,0,0,1,0,차대사람 - 차도통행중,안전운전불이행,건조,맑음,단일로 - 기타,승용,여,25세,상해없음,보행자,남,34세,경상
2022120600100221,2022년 12월 6일 10시,화요일,경상남도 김해시 내동,중상사고,0,2,1,0,차대차 - 측면충돌,신호위반,건조,맑음,교차로 - 교차로안,승용,남,62세,상해없음,승용,남,48세,경상
2022120600100253,2022년 12월 6일 11시,화요일,경상남도 창원시 마산합포구 해운동,경상사고,0,0,1,0,차대차 - 측면충돌,안전운전불이행,건조,맑음,교차로 - 교차로안,승용,여,62세,상해없음,이륜,남,23세,경상
2022120600100254,2022년 12월 6일 11시,화요일,경상남도 창원시 진해구 덕산동,중상사고,0,1,1,0,차대차 - 기타,직진우회전진행방해,건조,맑음,교차로 - 교차로안,원동기,남,26세,중상,승용,여,56세,경상
2022120600100255,2022년 12월 6일 11시,화요일,경상남도 밀양시 삼랑진읍,경상사고,0,0,1,0,차대차 - 기타,중앙선침범,건조,맑음,단일로 - 지하차도(도로)내,승용,남,64세,상해없음,자전거,여,52세,경상
2022120600100282,2022년 12월 6일 12시,화요일,경상남도 창원시 진해구 석동,경상사고,0,0,2,0,차대차 - 기타,신호위반,건조,맑음,교차로 - 교차로안,화물,남,76세,상해없음,승용,여,46세,경상
2022120600100283,2022년 12월 6일 12시,화요일,경상남도 거제시 거제면,중상사고,0,1,0,0,차대차 - 기타,안전거리미확보,건조,맑음,단일로 - 기타,승용,남,28세,상해없음,농기계,남,77세,중상
2022120600100326,2022년 12월 6일 14시,화요일,경상남도 밀양시 상남면,중상사고,0,1,1,0,차대차 - 측면충돌,안전운전불이행,건조,맑음,교차로 - 교차로안,화물,남,48세,경상,화물,남,34세,중상
2022120600100327,2022년 12월 6일 14시,화요일,경상남도 김해시 외동,경상사고,0,0,1,0,차대차 - 측면충돌,신호위반,건조,맑음,교차로 - 교차로안,승용,여,26세,상해없음,승용,여,27세,경상
2022120600100368,2022년 12월 6일 15시,화요일,경상남도 창원시 마산합포구 월남동5가,경상사고,0,0,1,0,차량단독 - 기타,안전운전불이행,건조,맑음,교차로 - 교차로부근,승합,남,51세,상해없음,,,,
2022120600100388,2022년 12월 6일 16시,화요일,경상남도 김해시 불암동,중상사고,0,1,0,0,차량단독 - 공작물충돌,안전운전불이행,건조,맑음,단일로 - 기타,승용,남,77세,중상,,,,
2022120600100399,2022년 12월 6일 16시,화요일,경상남도 창원시 마산합포구 진동면,경상사고,0,0,1,0,차대차 - 측면충돌,안전운전불이행,건조,맑음,단일로 - 기타,승용,남,32세,상해없음,승용,여,42세,경상
2022120600100400,2022년 12월 6일 16시,화요일,경상남도 창원시 마산합포구 진전면,중상사고,0,1,1,0,차대차 - 추돌,안전운전불이행,건조,맑음,교차로 - 교차로안,화물,남,59세,상해없음,승용,여,57세,중상
2022120600100401,2022년 12월 6일 16시,화요일,경상남도 진주시 충무공동,중상사고,0,1,0,0,차대차 - 측면충돌,신호위반,건조,맑음,교차로 - 교차로횡단보도내,승합,남,36세,상해없음,이륜,남,30세,중상
2022120600100402,2022년 12월 6일 16시,화요일,경상남도 김해시 외동,중상사고,0,1,0,0,차대사람 - 보도통행중,신호위반,건조,맑음,교차로 - 교차로부근,이륜,남,36세,기타불명,보행자,여,78세,중상
2022120600100403,2022년 12월 6일 16시,화요일,경상남도 김해시 삼계동,경상사고,0,0,1,0,차대차 - 추돌,안전운전불이행,건조,맑음,단일로 - 기타,승합,여,60세,상해없음,승용,여,43세,경상
2022120600100463,2022년 12월 6일 17시,화요일,경상남도 김해시 진영읍,부상신고사고,0,0,0,2,차대사람 - 차도통행중,안전운전불이행,건조,맑음,단일로 - 기타,화물,남,46세,상해없음,보행자,여,81세,부상신고
2022120600100510,2022년 12월 6일 18시,화요일,경상남도 통영시 북신동,중상사고,0,1,0,0,차대사람 - 기타,안전운전불이행,건조,맑음,단일로 - 기타,승용,남,48세,상해없음,보행자,남,31세,중상
2022120600100511,2022년 12월 6일 18시,화요일,경상남도 밀양시 부북면,부상신고사고,0,0,0,1,차량단독 - 공작물충돌,안전운전불이행,건조,맑음,교차로 - 교차로안,원동기,남,72세,부상신고,,,,
2022120600100512,2022년 12월 6일 18시,화요일,경상남도 함양군 함양읍,중상사고,0,1,0,0,차대사람 - 횡단중,보행자보호의무위반,건조,맑음,교차로 - 교차로횡단보도내,화물,남,42세,상해없음,보행자,여,42세,중상
2022120600100513,2022년 12월 6일 18시,화요일,경상남도 양산시 유산동,중상사고,0,1,0,0,차대차 - 측면충돌,직진우회전진행방해,건조,맑음,교차로 - 교차로안,승용,남,46세,상해없음,이륜,남,42세,중상
2022120600100550,2022년 12월 6일 19시,화요일,경상남도 남해군 고현면,사망사고,1,0,0,0,차대사람 - 차도통행중,안전운전불이행,건조,맑음,단일로 - 기타,화물,남,37세,상해없음,보행자,남,56세,사망
2022120600100581,2022년 12월 6일 20시,화요일,경상남도 김해시 부원동,경상사고,0,0,2,0,차대차 - 정면충돌,신호위반,건조,맑음,교차로 - 교차로안,승용,여,48세,상해없음,승용,여,35세,경상
2022120600100630,2022년 12월 6일 22시,화요일,경상남도 김해시 외동,경상사고,0,0,1,0,차대사람 - 길가장자리구역통행중,안전운전불이행,건조,맑음,단일로 - 기타,기타불명,기타불명,미분류,기타불명,보행자,남,57세,경상
2022120700100024,2022년 12월 7일 04시,수요일,경상남도 함양군 함양읍,중상사고,0,1,0,0,차량단독 - 공작물충돌,안전운전불이행,건조,맑음,교차로 - 교차로안,승용,남,29세,중상,,,,
2022120700100057,2022년 12월 7일 07시,수요일,경상남도 양산시 물금읍,경상사고,0,0,2,0,차대차 - 측면충돌,안전운전불이행,건조,맑음,단일로 - 기타,화물,남,56세,상해없음,승용,남,73세,경상
2022120700100075,2022년 12월 7일 07시,수요일,경상남도 김해시 진영읍,경상사고,0,0,1,0,차대사람 - 차도통행중,안전운전불이행,건조,맑음,단일로 - 기타,화물,남,61세,상해없음,보행자,여,10세,경상
2022120700100107,2022년 12월 7일 08시,수요일,경상남도 창원시 의창구 명서동,경상사고,0,0,4,0,차대차 - 정면충돌,신호위반,건조,맑음,교차로 - 교차로안,승용,남,39세,상해없음,승용,남,43세,경상
2022120700100169,2022년 12월 7일 10시,수요일,경상남도 통영시 정량동,중상사고,0,1,0,0,차대사람 - 횡단중,보행자보호의무위반,건조,맑음,교차로 - 교차로횡단보도내,화물,남,37세,상해없음,보행자,여,55세,중상
2022120700100170,2022년 12월 7일 10시,수요일,경상남도 밀양시 하남읍,중상사고,0,1,1,0,차량단독 - 주/정차차량 충돌,안전운전불이행,건조,맑음,교차로 - 교차로안,승용,남,85세,경상,,,,
2022120700100194,2022년 12월 7일 11시,수요일,경상남도 통영시 태평동,경상사고,0,0,1,0,차대사람 - 기타,안전운전불이행,건조,맑음,교차로 - 교차로부근,승용,여,54세,기타불명,보행자,여,89세,경상
2022120700100218,2022년 12월 7일 12시,수요일,경상남도 김해시 무계동,부상신고사고,0,0,0,1,차대차 - 측면충돌,안전운전불이행,건조,맑음,단일로 - 기타,자전거,남,79세,부상신고,승용,여,52세,상해없음
2022120700100252,2022년 12월 7일 13시,수요일,경상남도 창원시 진해구 여좌동,경상사고,0,0,1,0,차대사람 - 차도통행중,안전운전불이행,건조,맑음,단일로 - 기타,승용,남,76세,상해없음,보행자,남,73세,경상
2022120700100253,2022년 12월 7일 13시,수요일,경상남도 양산시 북정동,중상사고,0,1,0,0,차대차 - 추돌,안전운전불이행,건조,맑음,단일로 - 기타,승용,남,26세,상해없음,승용,남,52세,중상
2022120700100254,2022년 12월 7일 13시,수요일,경상남도 하동군 화개면,중상사고,0,1,0,0,차대차 - 기타,안전운전불이행,건조,맑음,단일로 - 기타,화물,남,64세,상해없음,이륜,남,84세,중상
2022120700100255,2022년 12월 7일 13시,수요일,경상남도 거제시 양정동,중상사고,0,1,0,0,차대차 - 추돌,안전거리미확보,건조,맑음,교차로 - 교차로부근,승합,남,39세,상해없음,승용,여,55세,중상
2022120700100311,2022년 12월 7일 15시,수요일,경상남도 창원시 마산합포구 오동동,부상신고사고,0,0,0,1,차대차 - 추돌,신호위반,건조,맑음,교차로 - 교차로횡단보도내,이륜,남,65세,부상신고,승용,남,64세,상해없음
2022120700100312,2022년 12월 7일 15시,수요일,경상남도 함안군 칠원읍,경상사고,0,0,1,0,차대차 - 측면충돌,교차로운행방법위반,건조,맑음,교차로 - 교차로안,화물,남,57세,상해없음,이륜,남,72세,경상
2022120700100313,2022년 12월 7일 15시,수요일,경상남도 김해시 주촌면,경상사고,0,0,1,0,차대차 - 기타,교차로운행방법위반,건조,맑음,교차로 - 교차로안,승용,남,55세,기타불명,승용,여,31세,경상
2022120700100345,2022년 12월 7일 16시,수요일,경상남도 양산시 물금읍,중상사고,0,1,0,0,차대사람 - 기타,안전운전불이행,건조,맑음,교차로 - 교차로횡단보도내,이륜,남,56세,상해없음,보행자,여,56세,중상
2022120700100346,2022년 12월 7일 16시,수요일,경상남도 함안군 가야읍,경상사고,0,0,2,0,차대차 - 측면충돌,교차로운행방법위반,건조,맑음,교차로 - 교차로안,승용,여,31세,경상,승용,남,63세,경상
2022120700100347,2022년 12월 7일 16시,수요일,경상남도 창원시 의창구 북면,경상사고,0,0,1,0,차대사람 - 횡단중,안전운전불이행,건조,맑음,교차로 - 교차로횡단보도내,승용,여,40세,상해없음,보행자,여,80세,경상
2022120700100400,2022년 12월 7일 17시,수요일,경상남도 진주시 가좌동,중상사고,0,1,0,0,차대차 - 기타,안전운전불이행,건조,맑음,기타 - 기타,승용,여,55세,상해없음,자전거,여,31세,중상
2022120700100401,2022년 12월 7일 17시,수요일,경상남도 창원시 진해구 용원동,중상사고,0,1,1,0,차대차 - 추돌,안전운전불이행,건조,맑음,교차로 - 교차로부근,이륜,남,22세,중상,승용,남,21세,경상
2022120700100402,2022년 12월 7일 17시,수요일,경상남도 사천시 늑도동,경상사고,0,0,1,0,차량단독 - 도로외이탈 - 추락,안전운전불이행,건조,맑음,단일로 - 기타,승용,여,56세,경상,,,,
2022120700100403,2022년 12월 7일 17시,수요일,경상남도 양산시 명동,경상사고,0,0,1,0,차대차 - 기타,교차로운행방법위반,건조,맑음,단일로 - 기타,승용,남,42세,상해없음,승용,남,50세,경상
2022120700100472,2022년 12월 7일 18시,수요일,경상남도 진주시 상평동,중상사고,0,1,0,0,차대사람 - 횡단중,안전운전불이행,건조,맑음,기타 - 기타,이륜,남,59세,상해없음,보행자,여,65세,중상
2022120700100473,2022년 12월 7일 18시,수요일,경상남도 통영시 미수동,중상사고,0,1,0,0,차대사람 - 횡단중,보행자보호의무위반,건조,맑음,단일로 - 기타,승용,남,55세,상해없음,보행자,여,74세,중상
2022120700100474,2022년 12월 7일 18시,수요일,경상남도 김해시 구산동,중상사고,0,2,0,0,차대차 - 정면충돌,중앙선침범,건조,맑음,교차로 - 교차로부근,이륜,남,68세,중상,이륜,남,41세,중상
2022120700100475,2022년 12월 7일 18시,수요일,경상남도 양산시 삼호동,경상사고,0,0,1,0,차대차 - 측면충돌,중앙선침범,건조,맑음,단일로 - 기타,이륜,남,35세,상해없음,이륜,남,22세,경상
2022120700100476,2022년 12월 7일 18시,수요일,경상남도 산청군 단성면,중상사고,0,2,2,0,차대차 - 기타,안전운전불이행,기타,맑음,단일로 - 기타,화물,남,64세,상해없음,승용,남,31세,중상
2022120700100502,2022년 12월 7일 19시,수요일,경상남도 양산시 물금읍,중상사고,0,2,2,2,차대차 - 추돌,안전운전불이행,건조,맑음,단일로 - 기타,화물,남,41세,상해없음,승용,여,39세,경상
2022120700100528,2022년 12월 7일 19시,수요일,경상남도 양산시 동면,경상사고,0,0,1,0,차대차 - 측면충돌,교차로운행방법위반,건조,맑음,교차로 - 교차로안,화물,남,47세,상해없음,승용,남,27세,경상
2022120700100529,2022년 12월 7일 19시,수요일,경상남도 창원시 의창구 대산면,경상사고,0,0,1,0,차대차 - 측면충돌,안전운전불이행,건조,맑음,단일로 - 기타,승용,남,51세,상해없음,승용,남,51세,경상
2022120700100583,2022년 12월 7일 21시,수요일,경상남도 김해시 삼정동,경상사고,0,0,2,0,차대차 - 측면충돌,안전운전불이행,건조,맑음,교차로 - 교차로안,이륜,남,39세,경상,승용,남,31세,경상
2022120700100584,2022년 12월 7일 21시,수요일,경상남도 창원시 성산구 사파동,경상사고,0,0,1,0,차대차 - 추돌,안전운전불이행,건조,맑음,교차로 - 교차로부근,원동기,남,36세,상해없음,승용,남,39세,경상
2022120700100605,2022년 12월 7일 22시,수요일,경상남도 창원시 마산합포구 남성동,경상사고,0,0,1,0,차대사람 - 횡단중,보행자보호의무위반,건조,맑음,교차로 - 교차로횡단보도내,승용,남,51세,상해없음,보행자,남,58세,경상
2022120700100606,2022년 12월 7일 22시,수요일,경상남도 김해시 동상동,부상신고사고,0,0,0,1,차대사람 - 차도통행중,안전운전불이행,건조,맑음,단일로 - 기타,승용,남,26세,상해없음,보행자,여,60세,부상신고
2022120700100625,2022년 12월 7일 23시,수요일,경상남도 창원시 성산구 내동,경상사고,0,0,3,0,차대차 - 추돌,안전운전불이행,건조,맑음,교차로 - 교차로부근,승용,남,56세,상해없음,승용,남,40세,상해없음
2022120800100010,2022년 12월 8일 00시,목요일,경상남도 창원시 마산합포구 중앙동2가,경상사고,0,0,1,0,차대차 - 측면충돌,신호위반,건조,맑음,교차로 - 교차로안,승용,남,69세,상해없음,승용,남,67세,상해없음
2022120800100025,2022년 12월 8일 02시,목요일,경상남도 양산시 동면,경상사고,0,0,1,0,차대차 - 측면충돌,안전운전불이행,건조,맑음,단일로 - 터널,승용,남,28세,상해없음,화물,남,46세,경상
2022120800100027,2022년 12월 8일 02시,목요일,경상남도 양산시 삼호동,경상사고,0,0,2,0,차대차 - 측면충돌,교차로운행방법위반,건조,맑음,교차로 - 교차로안,승용,남,58세,상해없음,승용,남,48세,상해없음
2022120800100074,2022년 12월 8일 06시,목요일,경상남도 하동군 진교면,중상사고,0,1,0,0,차대사람 - 차도통행중,안전운전불이행,건조,기타,단일로 - 기타,승용,남,22세,상해없음,보행자,여,74세,중상
2022120800100091,2022년 12월 8일 07시,목요일,경상남도 함안군 칠원읍,중상사고,0,1,0,0,차대사람 - 보도통행중,보행자보호의무위반,건조,맑음,교차로 - 교차로횡단보도내,승용,남,67세,상해없음,보행자,남,44세,중상
2022120800100092,2022년 12월 8일 07시,목요일,경상남도 창원시 성산구 성산동,경상사고,0,0,1,0,차대사람 - 횡단중,보행자보호의무위반,건조,맑음,교차로 - 교차로안,화물,남,57세,기타불명,보행자,남,39세,경상
2022120800100171,2022년 12월 8일 09시,목요일,경상남도 거창군 거창읍,중상사고,0,2,0,0,차대차 - 측면충돌,신호위반,건조,맑음,교차로 - 교차로안,화물,남,43세,상해없음,화물,남,80세,중상
2022120800100172,2022년 12월 8일 09시,목요일,경상남도 양산시 물금읍,중상사고,0,1,0,0,차대사람 - 보도통행중,기타,건조,맑음,단일로 - 기타,승용,여,40세,상해없음,보행자,여,63세,중상
2022120800100173,2022년 12월 8일 09시,목요일,경상남도 창원시 성산구 상남동,부상신고사고,0,0,0,1,차량단독 - 기타,안전운전불이행,건조,맑음,단일로 - 기타,승용,남,67세,상해없음,,,,
2022120800100174,2022년 12월 8일 09시,목요일,경상남도 김해시 화목동,중상사고,0,1,0,0,차대차 - 측면충돌,안전운전불이행,건조,맑음,교차로 - 교차로안,화물,남,49세,상해없음,자전거,남,64세,중상
2022120800100212,2022년 12월 8일 10시,목요일,경상남도 사천시 동금동,경상사고,0,0,1,0,차대사람 - 횡단중,보행자보호의무위반,건조,맑음,교차로 - 교차로안,화물,남,39세,상해없음,보행자,여,76세,경상
2022120800100213,2022년 12월 8일 10시,목요일,경상남도 고성군 동해면,중상사고,0,1,0,0,차대차 - 측면충돌,기타,건조,맑음,교차로 - 교차로안,승용,남,55세,상해없음,이륜,남,73세,중상
2022120800100214,2022년 12월 8일 10시,목요일,경상남도 김해시 진영읍,중상사고,0,1,0,0,차대차 - 측면충돌,신호위반,건조,맑음,교차로 - 교차로안,승용,여,42세,상해없음,승용,여,61세,중상
2022120800100249,2022년 12월 8일 11시,목요일,경상남도 창원시 성산구 남산동,경상사고,0,0,3,0,차대차 - 추돌,안전운전불이행,건조,맑음,교차로 - 교차로부근,승용,여,56세,상해없음,승용,남,42세,경상
2022120800100274,2022년 12월 8일 12시,목요일,경상남도 진주시 대안동,중상사고,0,1,0,0,차량단독 - 기타,안전운전불이행,건조,맑음,기타 - 기타,승합,남,59세,상해없음,,,,
2022120800100275,2022년 12월 8일 12시,목요일,경상남도 창녕군 부곡면,중상사고,0,1,0,0,차대차 - 기타,안전운전불이행,건조,맑음,교차로 - 교차로안,원동기,남,87세,중상,승용,여,62세,상해없음
2022120800100276,2022년 12월 8일 12시,목요일,경상남도 고성군 회화면,중상사고,0,1,1,0,차대차 - 측면충돌,중앙선침범,건조,맑음,단일로 - 기타,이륜,남,78세,상해없음,승용,여,51세,경상
2022120800100314,2022년 12월 8일 13시,목요일,경상남도 창원시 성산구 상남동,부상신고사고,0,0,0,1,차대사람 - 횡단중,안전운전불이행,건조,맑음,단일로 - 기타,이륜,남,51세,상해없음,보행자,여,14세,부상신고
2022120800100348,2022년 12월 8일 14시,목요일,경상남도 창녕군 대지면,중상사고,0,1,0,0,차대차 - 기타,직진우회전진행방해,건조,맑음,교차로 - 교차로안,승용,여,65세,상해없음,원동기,남,81세,중상
2022120800100385,2022년 12월 8일 15시,목요일,경상남도 창원시 성산구 사파동,경상사고,0,0,1,0,차대사람 - 횡단중,보행자보호의무위반,건조,맑음,교차로 - 교차로횡단보도내,화물,남,39세,상해없음,보행자,남,72세,경상
2022120800100386,2022년 12월 8일 15시,목요일,경상남도 창원시 마산회원구 회원동,경상사고,0,0,1,0,차대차 - 측면충돌,안전운전불이행,건조,맑음,단일로 - 기타,화물,남,64세,상해없음,화물,남,32세,경상
2022120800100431,2022년 12월 8일 17시,목요일,경상남도 양산시 물금읍,경상사고,0,0,1,0,차대차 - 추돌,안전거리미확보,건조,맑음,단일로 - 기타,승용,남,31세,상해없음,승용,남,40세,경상
2022120800100455,2022년 12월 8일 17시,목요일,경상남도 창원시 진해구 경화동,경상사고,0,0,2,0,차대차 - 기타,안전거리미확보,건조,맑음,기타 - 기타,화물,남,68세,경상,승용,남,23세,경상
2022120800100456,2022년 12월 8일 17시,목요일,경상남도 밀양시 하남읍,중상사고,0,1,0,0,차대차 - 추돌,안전운전불이행,건조,흐림,단일로 - 교량,승용,남,70세,상해없음,자전거,남,50세,중상
2022120800100457,2022년 12월 8일 17시,목요일,경상남도 양산시 원동면,중상사고,0,1,0,0,차량단독 - 도로외이탈 - 추락,안전운전불이행,건조,맑음,단일로 - 기타,이륜,남,34세,중상,,,,
2022120800100517,2022년 12월 8일 18시,목요일,경상남도 통영시 광도면,중상사고,0,1,0,0,차대차 - 기타,안전운전불이행,건조,맑음,교차로 - 교차로안,승용,남,53세,상해없음,이륜,남,43세,중상
2022120800100518,2022년 12월 8일 18시,목요일,경상남도 사천시 실안동,경상사고,0,0,2,0,차대차 - 추돌,안전운전불이행,건조,맑음,단일로 - 기타,승용,남,53세,경상,건설기계,남,53세,경상
2022120800100519,2022년 12월 8일 18시,목요일,경상남도 사천시 용현면,경상사고,0,0,1,0,차대차 - 측면충돌,직진우회전진행방해,건조,맑음,교차로 - 교차로안,승용,남,35세,상해없음,승용,여,53세,경상
2022120800100561,2022년 12월 8일 19시,목요일,경상남도 창원시 성산구 용호동,부상신고사고,0,0,0,1,차대사람 - 기타,안전운전불이행,건조,맑음,교차로 - 교차로부근,승용,남,49세,상해없음,보행자,여,27세,부상신고
2022120800100562,2022년 12월 8일 19시,목요일,경상남도 창원시 성산구 성주동,경상사고,0,0,1,0,차대차 - 측면충돌,안전운전불이행,건조,맑음,단일로 - 기타,승용,여,24세,상해없음,승용,여,25세,경상
2022120800100563,2022년 12월 8일 19시,목요일,경상남도 창원시 성산구 상남동,경상사고,0,0,1,0,차대사람 - 보도통행중,안전운전불이행,건조,맑음,교차로 - 교차로횡단보도내,승용,남,31세,상해없음,보행자,여,29세,경상
2022120800100603,2022년 12월 8일 20시,목요일,경상남도 창원시 마산합포구 두월동1가,경상사고,0,0,1,0,차대차 - 기타,안전거리미확보,건조,맑음,단일로 - 기타,원동기,남,36세,상해없음,승합,남,60세,상해없음
2022120800100630,2022년 12월 8일 21시,목요일,경상남도 창원시 진해구 속천동,경상사고,0,0,1,0,차대차 - 기타,차로위반,건조,맑음,교차로 - 교차로안,승용,남,57세,상해없음,승용,남,42세,경상
2022120800100646,2022년 12월 8일 22시,목요일,경상남도 거제시 고현동,경상사고,0,0,1,0,차대차 - 기타,안전운전불이행,건조,맑음,단일로 - 기타,승용,남,52세,상해없음,승용,남,56세,경상
2022120900100014,2022년 12월 9일 01시,금요일,경상남도 김해시 안동,중상사고,0,1,1,0,차량단독 - 전도전복 - 전도,안전운전불이행,건조,맑음,교차로 - 교차로안,원동기,남,23세,경상,,,,
2022120900100024,2022년 12월 9일 02시,금요일,경상남도 김해시 외동,부상신고사고,0,0,0,1,차량단독 - 기타,기타,건조,맑음,단일로 - 기타,승용,남,68세,상해없음,,,,
2022120900100040,2022년 12월 9일 05시,금요일,경상남도 김해시 부원동,경상사고,0,0,2,0,차대차 - 기타,중앙선침범,건조,맑음,교차로 - 교차로안,승용,남,66세,경상,승용,남,61세,경상
2022120900100148,2022년 12월 9일 10시,금요일,경상남도 창원시 의창구 팔용동,경상사고,0,0,1,0,차대차 - 측면충돌,안전운전불이행,건조,맑음,기타 - 기타,화물,남,39세,상해없음,승용,남,56세,경상
2022120900100181,2022년 12월 9일 11시,금요일,경상남도 김해시 한림면,중상사고,0,1,0,0,차대차 - 측면충돌,안전운전불이행,건조,맑음,단일로 - 기타,승용,남,75세,상해없음,화물,남,33세,중상
2022120900100289,2022년 12월 9일 15시,금요일,경상남도 진주시 상평동,경상사고,0,0,1,0,차대차 - 측면충돌,안전운전불이행,건조,맑음,단일로 - 기타,승용,여,56세,상해없음,승용,여,51세,경상
2022120900100290,2022년 12월 9일 15시,금요일,경상남도 창원시 의창구 서상동,경상사고,0,0,1,0,차대차 - 추돌,안전운전불이행,건조,맑음,단일로 - 기타,승용,여,69세,상해없음,승용,남,37세,경상
2022120900100316,2022년 12월 9일 16시,금요일,경상남도 양산시 하북면,중상사고,0,1,0,0,차대차 - 기타,안전운전불이행,건조,맑음,단일로 - 기타,기타불명,기타불명,미분류,기타불명,승용,남,66세,중상
2022120900100327,2022년 12월 9일 16시,금요일,경상남도 사천시 용현면,경상사고,0,0,1,0,차대차 - 추돌,안전운전불이행,건조,맑음,단일로 - 기타,승용,남,25세,상해없음,승용,여,33세,경상
2022120900100381,2022년 12월 9일 17시,금요일,경상남도 통영시 북신동,경상사고,0,0,1,0,차대사람 - 기타,안전운전불이행,건조,맑음,주차장 - 주차장,승용,여,40세,상해없음,보행자,여,53세,경상
2022120900100382,2022년 12월 9일 17시,금요일,경상남도 사천시 사남면,경상사고,0,0,2,0,차대차 - 추돌,안전운전불이행,건조,맑음,단일로 - 기타,승용,여,32세,상해없음,승용,여,45세,경상
2022120900100383,2022년 12월 9일 17시,금요일,경상남도 김해시 어방동,경상사고,0,0,2,0,차대차 - 측면충돌,교차로운행방법위반,건조,맑음,교차로 - 교차로안,승용,남,55세,경상,승용,남,24세,경상
2022120900100384,2022년 12월 9일 17시,금요일,경상남도 거제시 연초면,경상사고,0,0,1,0,차대차 - 측면충돌,교차로운행방법위반,건조,맑음,교차로 - 교차로안,승용,남,50세,상해없음,승용,남,51세,경상
2022120900100385,2022년 12월 9일 17시,금요일,경상남도 함안군 가야읍,경상사고,0,0,1,0,차대차 - 측면충돌,안전운전불이행,건조,맑음,교차로 - 교차로부근,승용,남,19세,상해없음,이륜,남,61세,경상
2022120900100386,2022년 12월 9일 17시,금요일,경상남도 창원시 마산회원구 내서읍,중상사고,0,1,0,0,차대차 - 측면충돌,안전운전불이행,건조,맑음,교차로 - 교차로안,승용,여,34세,상해없음,승용,남,53세,중상
2022120900100443,2022년 12월 9일 18시,금요일,경상남도 사천시 정동면,경상사고,0,0,1,0,차대사람 - 기타,안전운전불이행,건조,맑음,기타 - 기타,승용,여,46세,상해없음,보행자,남,57세,경상
2022120900100444,2022년 12월 9일 18시,금요일,경상남도 김해시 삼계동,경상사고,0,0,1,0,차대차 - 기타,교차로운행방법위반,건조,맑음,교차로 - 교차로안,승용,남,50세,상해없음,이륜,남,25세,경상
2022120900100445,2022년 12월 9일 18시,금요일,경상남도 김해시 삼정동,경상사고,0,0,1,0,차대사람 - 기타,안전운전불이행,건조,맑음,단일로 - 기타,승합,남,50세,상해없음,보행자,여,75세,경상
2022120900100446,2022년 12월 9일 18시,금요일,경상남도 김해시 어방동,중상사고,0,1,0,0,차대사람 - 차도통행중,안전운전불이행,건조,맑음,교차로 - 교차로안,승용,남,38세,상해없음,보행자,남,7세,중상
2022120900100447,2022년 12월 9일 18시,금요일,경상남도 양산시 소주동,중상사고,0,1,0,0,차대사람 - 횡단중,보행자보호의무위반,건조,맑음,단일로 - 기타,승합,남,51세,상해없음,보행자,남,61세,중상
2022120900100448,2022년 12월 9일 18시,금요일,경상남도 창원시 성산구 상남동,경상사고,0,0,1,0,차대차 - 측면충돌,안전거리미확보,건조,맑음,단일로 - 기타,승용,남,63세,상해없음,승용,남,21세,경상
2022120900100449,2022년 12월 9일 18시,금요일,경상남도 창원시 의창구 서상동,경상사고,0,0,1,0,차대사람 - 횡단중,보행자보호의무위반,건조,맑음,교차로 - 교차로안,승용,남,36세,상해없음,보행자,남,56세,경상
2022120900100534,2022년 12월 9일 20시,금요일,경상남도 진주시 평거동,중상사고,0,1,0,0,차대사람 - 기타,안전운전불이행,건조,맑음,단일로 - 기타,승용,남,63세,상해없음,보행자,남,58세,중상
2022120900100535,2022년 12월 9일 20시,금요일,경상남도 김해시 부원동,중상사고,0,1,1,0,차대차 - 정면충돌,신호위반,건조,맑음,교차로 - 교차로안,승용,여,54세,중상,승용,남,30세,경상
2022120900100591,2022년 12월 9일 22시,금요일,경상남도 거창군 거창읍,중상사고,0,1,0,0,차대차 - 정면충돌,중앙선침범,건조,맑음,단일로 - 기타,이륜,남,42세,상해없음,자전거,남,70세,중상
2022120900100592,2022년 12월 9일 22시,금요일,경상남도 거제시 연초면,부상신고사고,0,0,0,1,차대차 - 기타,안전운전불이행,건조,맑음,교차로 - 교차로안,이륜,남,58세,부상신고,승용,남,36세,상해없음
2022120900100593,2022년 12월 9일 22시,금요일,경상남도 김해시 장유동,경상사고,0,0,1,0,차대사람 - 차도통행중,안전운전불이행,건조,맑음,단일로 - 기타,이륜,남,38세,상해없음,보행자,여,21세,경상