사고번호,사고일시,요일,시군구,사고내용,사망자수,중상자수,경상자수,부상신고자수,사고유형,법규위반,노면상태,기상상태,도로형태,가해운전자 차종,가해운전자 성별,가해운전자 연령,가해운전자 상해정도,피해운전자 차종,피해운전자 성별,피해운전자 연령,피해운전자 상해정도
2022121700100468,2022년 12월 17일 19시,토요일,경상남도 통영시 항남동,경상사고,0,0,1,0,차대차 - 추돌,안전운전불이행,건조,맑음,교차로 - 교차로안,승용,남,28세,기타불명,승용,남,52세,경상
2022121700100469,2022년 12월 17일 19시,토요일,경상남도 창녕군 대합면,경상사고,0,0,1,0,차대차 - 기타,안전운전불이행,건조,맑음,단일로 - 기타,승용,여,32세,상해없음,화물,남,53세,경상
2022121700100492,2022년 12월 17일 20시,토요일,경상남도 통영시 광도면,중상사고,0,1,4,0,차대차 - 정면충돌,안전운전불이행,건조,맑음,교차로 - 교차로안,승용,남,40세,상해없음,승용,남,64세,경상
2022121700100493,2022년 12월 17일 20시,토요일,경상남도 창원시 의창구 봉곡동,사망사고,1,0,0,0,차대차 - 기타,차로위반,건조,맑음,단일로 - 기타,이륜,남,44세,상해없음,이륜,남,64세,사망
2022121700100517,2022년 12월 17일 21시,토요일,경상남도 김해시 외동,경상사고,0,0,2,0,차대차 - 측면충돌,신호위반,건조,맑음,교차로 - 교차로부근,이륜,남,28세,상해없음,승용,여,49세,경상
2022121700100518,2022년 12월 17일 21시,토요일,경상남도 함안군 가야읍,경상사고,0,0,1,0,차대차 - 추돌,안전운전불이행,건조,맑음,단일로 - 기타,화물,남,45세,상해없음,승용,여,43세,경상
2022121700100519,2022년 12월 17일 21시,토요일,경상남도 창녕군 영산면,경상사고,0,0,1,0,차대차 - 추돌,안전거리미확보,건조,맑음,단일로 - 기타,승용,남,64세,상해없음,승용,남,22세,상해없음
2022121700100540,2022년 12월 17일 22시,토요일,경상남도 합천군 대병면,사망사고,1,4,0,0,차량단독 - 기타,안전운전불이행,적설,눈,단일로 - 기타,승용,남,55세,사망,,,,
2022121700100541,2022년 12월 17일 22시,토요일,경상남도 창원시 의창구 도계동,경상사고,0,0,4,0,차대차 - 추돌,안전운전불이행,건조,맑음,교차로 - 교차로부근,승용,남,54세,상해없음,승용,여,50세,경상
2022121700100553,2022년 12월 17일 23시,토요일,경상남도 남해군 고현면,사망사고,1,0,0,0,차대사람 - 기타,안전운전불이행,건조,맑음,교차로 - 교차로부근,승용,남,69세,상해없음,보행자,남,51세,사망
2022121700100554,2022년 12월 17일 23시,토요일,경상남도 김해시 대청동,경상사고,0,0,1,0,차대차 - 측면충돌,중앙선침범,건조,맑음,단일로 - 기타,승용,남,27세,상해없음,이륜,남,24세,경상
2022121700100555,2022년 12월 17일 23시,토요일,경상남도 김해시 부곡동,경상사고,0,0,1,0,차대차 - 측면충돌,신호위반,건조,맑음,교차로 - 교차로안,승용,남,59세,기타불명,승합,남,59세,기타불명
2022121800100100,2022년 12월 18일 10시,일요일,경상남도 창원시 진해구 용원동,경상사고,0,0,1,0,차대차 - 기타,안전운전불이행,건조,맑음,교차로 - 교차로부근,화물,남,53세,상해없음,이륜,남,54세,경상
2022121800100101,2022년 12월 18일 10시,일요일,경상남도 창원시 진해구 경화동,부상신고사고,0,0,0,1,차대사람 - 기타,안전운전불이행,건조,맑음,기타 - 기타,원동기,남,49세,상해없음,보행자,남,70세,부상신고
2022121800100102,2022년 12월 18일 10시,일요일,경상남도 거제시 고현동,경상사고,0,0,1,0,차대차 - 기타,신호위반,건조,맑음,단일로 - 기타,승용,여,56세,상해없음,이륜,남,45세,경상
2022121800100144,2022년 12월 18일 12시,일요일,경상남도 함양군 휴천면,중상사고,0,2,1,0,차량단독 - 기타,안전운전불이행,서리/결빙,맑음,기타 - 기타,승용,여,64세,경상,,,,
2022121800100145,2022년 12월 18일 12시,일요일,경상남도 함안군 함안면,경상사고,0,0,2,0,차대차 - 측면충돌,안전운전불이행,건조,맑음,교차로 - 교차로안,화물,남,63세,상해없음,승용,남,41세,경상
2022121800100211,2022년 12월 18일 14시,일요일,경상남도 함안군 칠원읍,경상사고,0,0,2,0,차대차 - 추돌,안전운전불이행,건조,맑음,교차로 - 교차로부근,승용,남,57세,상해없음,승용,여,30세,경상
2022121800100239,2022년 12월 18일 15시,일요일,경상남도 진주시 칠암동,중상사고,0,1,2,0,차대차 - 정면충돌,중앙선침범,건조,맑음,기타 - 기타,승용,남,64세,경상,승용,여,47세,경상
2022121800100314,2022년 12월 18일 18시,일요일,경상남도 거제시 문동동,중상사고,0,1,1,0,차대차 - 기타,안전운전불이행,건조,맑음,단일로 - 기타,이륜,남,61세,경상,이륜,남,27세,중상
2022121800100376,2022년 12월 18일 20시,일요일,경상남도 창원시 성산구 중앙동,경상사고,0,0,1,0,차대사람 - 차도통행중,안전운전불이행,건조,맑음,단일로 - 기타,승용,남,53세,기타불명,보행자,남,65세,경상
2022121900100051,2022년 12월 19일 06시,월요일,경상남도 김해시 외동,경상사고,0,0,1,0,차대사람 - 횡단중,안전운전불이행,건조,맑음,교차로 - 교차로안,승용,여,60세,상해없음,보행자,남,65세,경상
2022121900100052,2022년 12월 19일 06시,월요일,경상남도 합천군 묘산면,경상사고,0,0,1,0,차대차 - 측면충돌,중앙선침범,건조,맑음,단일로 - 기타,승용,남,49세,경상,승용,남,28세,상해없음
2022121900100075,2022년 12월 19일 07시,월요일,경상남도 김해시 지내동,경상사고,0,0,3,0,차대차 - 추돌,안전거리미확보,건조,맑음,단일로 - 기타,화물,남,52세,상해없음,승용,남,31세,경상
2022121900100112,2022년 12월 19일 08시,월요일,경상남도 창원시 의창구 봉곡동,중상사고,0,1,0,0,차대사람 - 횡단중,보행자보호의무위반,건조,맑음,교차로 - 교차로횡단보도내,승용,여,50세,상해없음,보행자,여,66세,중상
2022121900100113,2022년 12월 19일 08시,월요일,경상남도 김해시 진영읍,중상사고,0,1,0,0,차대차 - 추돌,안전운전불이행,건조,맑음,단일로 - 기타,화물,남,51세,상해없음,승용,남,44세,상해없음
2022121900100114,2022년 12월 19일 08시,월요일,경상남도 고성군 마암면,경상사고,0,0,2,0,차대차 - 측면충돌,안전운전불이행,건조,맑음,단일로 - 기타,화물,남,60세,상해없음,승용,남,44세,경상
2022121900100147,2022년 12월 19일 09시,월요일,경상남도 양산시 물금읍,경상사고,0,0,2,0,차대차 - 추돌,안전운전불이행,건조,기타,기타 - 기타,승용,여,51세,상해없음,승합,남,54세,경상
2022121900100148,2022년 12월 19일 09시,월요일,경상남도 창원시 성산구 성주동,중상사고,0,1,0,0,차대사람 - 횡단중,보행자보호의무위반,건조,맑음,교차로 - 교차로횡단보도내,승용,남,63세,상해없음,보행자,여,28세,중상
2022121900100176,2022년 12월 19일 10시,월요일,경상남도 창원시 진해구 용원동,중상사고,0,1,0,0,차대차 - 측면충돌,안전운전불이행,건조,맑음,단일로 - 기타,승합,남,55세,중상,승용,남,78세,상해없음
2022121900100202,2022년 12월 19일 11시,월요일,경상남도 창원시 마산회원구 석전동,경상사고,0,0,1,0,차대차 - 측면충돌,안전운전불이행,건조,맑음,교차로 - 교차로부근,승용,남,60세,상해없음,승합,남,46세,상해없음
2022121900100240,2022년 12월 19일 12시,월요일,경상남도 산청군 신안면,부상신고사고,0,0,0,1,차대차 - 추돌,안전운전불이행,건조,맑음,단일로 - 기타,승용,남,68세,부상신고,건설기계,남,65세,상해없음
2022121900100309,2022년 12월 19일 14시,월요일,경상남도 양산시 상북면,경상사고,0,0,1,0,차대차 - 측면충돌,안전운전불이행,건조,맑음,기타 - 기타,특수,남,54세,상해없음,승용,여,62세,경상
2022121900100310,2022년 12월 19일 14시,월요일,경상남도 김해시 전하동,경상사고,0,0,1,0,차대차 - 추돌,안전운전불이행,건조,맑음,교차로 - 교차로안,화물,남,45세,상해없음,승용,여,53세,경상
2022121900100337,2022년 12월 19일 15시,월요일,경상남도 김해시 어방동,중상사고,0,1,0,0,차대사람 - 기타,안전운전불이행,건조,맑음,단일로 - 기타,승용,여,37세,상해없음,보행자,여,60세,중상
2022121900100338,2022년 12월 19일 15시,월요일,경상남도 거제시 동부면,중상사고,0,2,0,0,차대차 - 측면충돌,직진우회전진행방해,건조,맑음,교차로 - 교차로안,승용,남,77세,중상,화물,남,64세,중상
2022121900100339,2022년 12월 19일 15시,월요일,경상남도 김해시 주촌면,경상사고,0,0,1,0,차대차 - 측면충돌,신호위반,건조,맑음,교차로 - 교차로안,승용,남,51세,상해없음,자전거,여,60세,경상
2022121900100405,2022년 12월 19일 17시,월요일,경상남도 창원시 진해구 안골동,경상사고,0,0,1,0,차대차 - 기타,안전운전불이행,건조,맑음,교차로 - 교차로부근,화물,남,74세,상해없음,승용,여,41세,경상
2022121900100406,2022년 12월 19일 17시,월요일,경상남도 김해시 내동,경상사고,0,0,1,0,차대사람 - 횡단중,보행자보호의무위반,건조,맑음,교차로 - 교차로횡단보도내,승용,남,27세,상해없음,보행자,여,27세,경상
2022121900100407,2022년 12월 19일 17시,월요일,경상남도 김해시 어방동,경상사고,0,0,1,0,차대사람 - 횡단중,안전운전불이행,건조,맑음,단일로 - 기타,승용,여,62세,상해없음,보행자,남,62세,경상
2022121900100448,2022년 12월 19일 18시,월요일,경상남도 창원시 진해구 경화동,경상사고,0,0,2,0,차대차 - 측면충돌,안전운전불이행,건조,맑음,기타 - 기타,화물,남,46세,상해없음,승용,남,29세,상해없음
2022121900100449,2022년 12월 19일 18시,월요일,경상남도 김해시 생림면,중상사고,0,1,1,0,차대차 - 측면충돌,신호위반,건조,맑음,교차로 - 교차로안,승용,여,58세,중상,승용,여,42세,경상
2022121900100450,2022년 12월 19일 18시,월요일,경상남도 거제시 장평동,중상사고,0,1,0,0,차대사람 - 길가장자리구역통행중,안전운전불이행,건조,맑음,단일로 - 기타,승용,여,70세,상해없음,보행자,여,81세,중상
2022121900100483,2022년 12월 19일 19시,월요일,경상남도 김해시 어방동,중상사고,0,1,0,0,차대차 - 측면충돌,안전운전불이행,건조,맑음,교차로 - 교차로안,이륜,남,21세,중상,승용,남,53세,상해없음
2022121900100484,2022년 12월 19일 19시,월요일,경상남도 창녕군 창녕읍,중상사고,0,1,0,0,차대차 - 추돌,안전운전불이행,건조,맑음,단일로 - 기타,화물,남,54세,상해없음,이륜,남,21세,중상
2022121900100485,2022년 12월 19일 19시,월요일,경상남도 창원시 성산구 상남동,중상사고,0,1,0,1,차대사람 - 횡단중,기타,건조,맑음,교차로 - 교차로부근,이륜,남,23세,부상신고,보행자,여,54세,중상
2022121900100486,2022년 12월 19일 19시,월요일,경상남도 김해시 부곡동,중상사고,0,1,1,0,차대차 - 측면충돌,안전운전불이행,건조,맑음,교차로 - 교차로안,화물,남,58세,상해없음,승용,남,47세,중상
2022121900100510,2022년 12월 19일 20시,월요일,경상남도 창원시 의창구 팔용동,경상사고,0,0,1,0,차대차 - 측면충돌,차로위반,건조,맑음,단일로 - 기타,화물,남,68세,상해없음,승용,남,26세,경상
2022121900100538,2022년 12월 19일 21시,월요일,경상남도 창원시 마산회원구 석전동,중상사고,0,1,0,0,차대차 - 정면충돌,안전운전불이행,건조,맑음,교차로 - 교차로부근,승용,남,61세,상해없음,승용,여,26세,중상
2022121900100551,2022년 12월 19일 22시,월요일,경상남도 거제시 옥포동,경상사고,0,0,2,0,차대차 - 기타,안전운전불이행,건조,맑음,교차로 - 교차로부근,승용,여,62세,상해없음,승용,남,43세,경상
2022122000100049,2022년 12월 20일 06시,화요일,경상남도 양산시 북정동,경상사고,0,0,1,0,차대차 - 추돌,안전운전불이행,건조,맑음,교차로 - 교차로부근,승용,남,36세,상해없음,승용,남,60세,경상
2022122000100050,2022년 12월 20일 06시,화요일,경상남도 김해시 신문동,중상사고,0,1,0,0,차대차 - 측면충돌,신호위반,건조,맑음,교차로 - 교차로안,승용,남,45세,상해없음,자전거,남,29세,중상
2022122000100108,2022년 12월 20일 08시,화요일,경상남도 사천시 서동,경상사고,0,0,1,0,차량단독 - 공작물충돌,안전운전불이행,건조,맑음,단일로 - 기타,승용,남,72세,경상,,,,
2022122000100109,2022년 12월 20일 08시,화요일,경상남도 김해시 화목동,경상사고,0,0,1,0,차대차 - 측면충돌,신호위반,건조,맑음,교차로 - 교차로안,승용,남,51세,상해없음,승용,여,41세,경상
2022122000100151,2022년 12월 20일 09시,화요일,경상남도 김해시 불암동,경상사고,0,0,1,0,차대차 - 추돌,안전거리미확보,건조,맑음,교차로 - 교차로부근,화물,남,45세,상해없음,화물,남,50세,상해없음
2022122000100152,2022년 12월 20일 09시,화요일,경상남도 창녕군 창녕읍,경상사고,0,0,1,0,차대차 - 기타,직진우회전진행방해,건조,맑음,교차로 - 교차로안,승용,남,75세,상해없음,승용,여,26세,경상
2022122000100153,2022년 12월 20일 09시,화요일,경상남도 양산시 동면,경상사고,0,0,1,0,차대차 - 후진중충돌,안전운전불이행,건조,맑음,교차로 - 교차로부근,승용,남,63세,상해없음,승용,여,36세,경상
2022122000100229,2022년 12월 20일 11시,화요일,경상남도 함양군 함양읍,중상사고,0,1,0,0,차대사람 - 횡단중,안전운전불이행,건조,맑음,교차로 - 교차로안,화물,남,78세,상해없음,보행자,여,83세,중상
2022122000100261,2022년 12월 20일 12시,화요일,경상남도 함안군 칠원읍,경상사고,0,0,1,0,차대차 - 측면충돌,안전운전불이행,건조,맑음,단일로 - 기타,자전거,남,62세,경상,승용,여,60세,상해없음
2022122000100262,2022년 12월 20일 12시,화요일,경상남도 창원시 성산구 용호동,부상신고사고,0,0,0,1,차대사람 - 차도통행중,안전운전불이행,건조,맑음,단일로 - 기타,화물,남,42세,상해없음,보행자,여,34세,부상신고
2022122000100263,2022년 12월 20일 12시,화요일,경상남도 창원시 마산회원구 내서읍,경상사고,0,0,1,0,차대차 - 측면충돌,안전운전불이행,건조,기타,교차로 - 교차로안,승용,여,35세,기타불명,승용,남,52세,경상
2022122000100298,2022년 12월 20일 13시,화요일,경상남도 통영시 용남면,경상사고,0,0,1,0,차대차 - 후진중충돌,불법유턴,건조,맑음,단일로 - 기타,승용,여,39세,상해없음,승용,남,55세,경상
2022122000100299,2022년 12월 20일 13시,화요일,경상남도 합천군 합천읍,중상사고,0,1,0,0,차대사람 - 기타,기타,건조,맑음,주차장 - 주차장,승합,남,63세,상해없음,보행자,여,79세,중상
2022122000100330,2022년 12월 20일 14시,화요일,경상남도 창원시 진해구 용원동,중상사고,0,1,1,0,차대차 - 측면충돌,신호위반,건조,맑음,교차로 - 교차로안,화물,남,55세,경상,특수,남,52세,중상
2022122000100331,2022년 12월 20일 14시,화요일,경상남도 통영시 산양읍,중상사고,0,1,1,0,차대차 - 측면충돌,교차로운행방법위반,건조,맑음,교차로 - 교차로안,승용,여,26세,상해없음,승용,여,54세,경상
2022122000100332,2022년 12월 20일 14시,화요일,경상남도 김해시 전하동,경상사고,0,0,1,0,차대사람 - 기타,안전운전불이행,건조,맑음,단일로 - 기타,자전거,여,52세,상해없음,보행자,여,72세,경상
2022122000100333,2022년 12월 20일 14시,화요일,경상남도 양산시 하북면,중상사고,0,1,2,0,차대차 - 측면충돌,교차로운행방법위반,건조,맑음,교차로 - 교차로안,승용,남,59세,경상,승용,남,32세,상해없음
2022122000100379,2022년 12월 20일 15시,화요일,경상남도 양산시 물금읍,중상사고,0,1,0,0,차대차 - 측면충돌,신호위반,건조,맑음,교차로 - 교차로안,승용,여,61세,상해없음,이륜,남,46세,중상
2022122000100380,2022년 12월 20일 15시,화요일,경상남도 양산시 중부동,경상사고,0,0,1,0,차대차 - 후진중충돌,안전운전불이행,건조,맑음,교차로 - 교차로안,승용,남,64세,상해없음,이륜,남,21세,경상
2022122000100381,2022년 12월 20일 15시,화요일,경상남도 양산시 물금읍,경상사고,0,0,1,0,차대차 - 측면충돌,안전운전불이행,건조,맑음,단일로 - 기타,화물,남,27세,상해없음,승용,남,38세,경상
2022122000100415,2022년 12월 20일 16시,화요일,경상남도 김해시 서상동,중상사고,0,1,0,0,차량단독 - 기타,안전운전불이행,건조,맑음,단일로 - 기타,승합,남,54세,상해없음,,,,
2022122000100416,2022년 12월 20일 16시,화요일,경상남도 창녕군 영산면,중상사고,0,1,0,0,차대차 - 기타,안전운전불이행,건조,맑음,교차로 - 교차로안,승용,여,37세,상해없음,이륜,남,56세,중상
2022122000100417,2022년 12월 20일 16시,화요일,경상남도 양산시 신기동,경상사고,0,0,1,0,차대차 - 측면충돌,안전운전불이행,건조,맑음,교차로 - 교차로안,화물,남,56세,상해없음,원동기,남,32세,경상
2022122000100461,2022년 12월 20일 17시,화요일,경상남도 김해시 율하동,경상사고,0,0,1,0,차대차 - 측면충돌,안전운전불이행,건조,맑음,교차로 - 교차로안,승용,여,71세,상해없음,승용,여,48세,경상
2022122000100514,2022년 12월 20일 18시,화요일,경상남도 창원시 마산합포구 신포동1가,경상사고,0,0,1,0,차대사람 - 기타,안전운전불이행,건조,흐림,교차로 - 교차로안,승합,남,29세,상해없음,보행자,여,58세,경상
2022122000100515,2022년 12월 20일 18시,화요일,경상남도 창원시 마산합포구 진동면,경상사고,0,0,1,0,차대차 - 측면충돌,안전운전불이행,건조,맑음,교차로 - 교차로안,화물,남,46세,상해없음,자전거,여,14세,경상
2022122000100516,2022년 12월 20일 18시,화요일,경상남도 창원시 진해구 석동,경상사고,0,0,2,0,차대차 - 측면충돌,교차로운행방법위반,건조,맑음,교차로 - 교차로안,이륜,남,24세,경상,승용,남,59세,경상
2022122000100517,2022년 12월 20일 18시,화요일,경상남도 밀양시 상남면,경상사고,0,0,1,0,차대차 - 측면충돌,안전운전불이행,건조,맑음,교차로 - 교차로안,승용,여,44세,상해없음,승용,여,48세,경상
2022122000100518,2022년 12월 20일 18시,화요일,경상남도 양산시 남부동,중상사고,0,1,0,0,차대차 - 측면충돌,안전운전불이행,건조,맑음,교차로 - 교차로안,승용,남,65세,상해없음,이륜,남,41세,중상
2022122000100519,2022년 12월 20일 18시,화요일,경상남도 양산시 평산동,부상신고사고,0,0,0,1,차대차 - 추돌,안전운전불이행,건조,맑음,교차로 - 교차로안,승용,여,48세,상해없음,이륜,남,63세,부상신고
2022122000100520,2022년 12월 20일 18시,화요일,경상남도 창원시 마산회원구 합성동,경상사고,0,0,1,0,차대차 - 측면충돌,신호위반,건조,기타,교차로 - 교차로안,승용,여,47세,상해없음,승용,남,69세,경상
2022122000100567,2022년 12월 20일 19시,화요일,경상남도 사천시 동금동,중상사고,0,1,0,0,차대차 - 측면충돌,직진우회전진행방해,건조,맑음,교차로 - 교차로안,화물,남,63세,상해없음,자전거,남,83세,중상
2022122000100568,2022년 12월 20일 19시,화요일,경상남도 밀양시 내이동,경상사고,0,0,1,0,차대차 - 후진중충돌,안전운전불이행,건조,맑음,주차장 - 주차장,화물,남,62세,상해없음,승용,남,46세,경상
2022122000100569,2022년 12월 20일 19시,화요일,경상남도 김해시 진영읍,중상사고,0,1,0,0,차대사람 - 횡단중,안전운전불이행,건조,맑음,단일로 - 기타,이륜,남,41세,상해없음,보행자,여,59세,중상
2022122000100620,2022년 12월 20일 21시,화요일,경상남도 남해군 남해읍,사망사고,1,0,0,0,차량단독 - 공작물충돌,안전운전불이행,건조,맑음,단일로 - 기타,원동기,남,17세,사망,,,,
2022122000100642,2022년 12월 20일 22시,화요일,경상남도 김해시 삼방동,경상사고,0,0,1,0,차대사람 - 차도통행중,교차로운행방법위반,건조,흐림,교차로 - 교차로안,승용,남,35세,상해없음,보행자,남,63세,경상
2022122000100643,2022년 12월 20일 22시,화요일,경상남도 김해시 외동,경상사고,0,0,2,0,차대차 - 추돌,안전운전불이행,건조,맑음,단일로 - 기타,승용,남,28세,상해없음,승용,남,31세,경상
2022122000100644,2022년 12월 20일 22시,화요일,경상남도 양산시 평산동,경상사고,0,0,2,0,차대차 - 추돌,안전운전불이행,건조,맑음,교차로 - 교차로부근,승용,남,64세,상해없음,승용,여,46세,경상
2022122000100645,2022년 12월 20일 22시,화요일,경상남도 창원시 마산회원구 내서읍,경상사고,0,0,1,0,차대차 - 측면충돌,안전운전불이행,기타,기타,단일로 - 기타,화물,남,53세,기타불명,승용,여,50세,경상
2022122100100010,2022년 12월 21일 00시,수요일,경상남도 남해군 남해읍,경상사고,0,0,1,0,차량단독 - 기타,안전운전불이행,건조,맑음,단일로 - 기타,개인형이동수단(PM),여,42세,경상,,,,
2022122100100039,2022년 12월 21일 05시,수요일,경상남도 창원시 마산합포구 상남동,경상사고,0,0,1,0,차량단독 - 기타,기타,젖음/습기,비,단일로 - 기타,승용,남,65세,상해없음,,,,
2022122100100040,2022년 12월 21일 05시,수요일,경상남도 사천시 향촌동,부상신고사고,0,0,0,1,차대차 - 기타,안전운전불이행,서리/결빙,흐림,단일로 - 기타,승용,남,25세,부상신고,승용,남,43세,기타불명
2022122100100054,2022년 12월 21일 06시,수요일,경상남도 창원시 마산합포구 부림동,중상사고,0,1,0,0,차대사람 - 횡단중,기타,젖음/습기,비,단일로 - 기타,승용,여,62세,상해없음,보행자,여,75세,중상
2022122100100055,2022년 12월 21일 06시,수요일,경상남도 고성군 상리면,중상사고,0,1,0,0,차대차 - 추돌,안전운전불이행,젖음/습기,비,단일로 - 기타,승용,남,54세,상해없음,승용,여,29세,상해없음
2022122100100056,2022년 12월 21일 06시,수요일,경상남도 남해군 창선면,경상사고,0,0,1,0,차량단독 - 공작물충돌,안전운전불이행,건조,맑음,단일로 - 기타,승용,여,64세,경상,,,,
2022122100100057,2022년 12월 21일 06시,수요일,경상남도 김해시 진례면,중상사고,0,1,5,0,차대차 - 추돌,기타,젖음/습기,흐림,단일로 - 교량,화물,남,34세,상해없음,승용,남,30세,상해없음
2022122100100067,2022년 12월 21일 07시,수요일,경상남도 김해시 진례면,부상신고사고,0,0,0,1,차대차 - 기타,안전거리미확보,젖음/습기,비,단일로 - 기타,기타불명,기타불명,미분류,기타불명,승용,남,52세,부상신고
2022122100100085,2022년 12월 21일 07시,수요일,경상남도 창원시 마산합포구 해운동,경상사고,0,0,1,0,차대사람 - 횡단중,안전운전불이행,젖음/습기,비,교차로 - 교차로부근,승용,남,62세,상해없음,보행자,남,36세,경상
2022122100100087,2022년 12월 21일 07시,수요일,경상남도 밀양시 초동면,경상사고,0,0,1,0,차대차 - 추돌,안전운전불이행,서리/결빙,눈,단일로 - 기타,승용,남,41세,상해없음,승용,여,62세,상해없음
2022122100100088,2022년 12월 21일 07시,수요일,경상남도 양산시 상북면,경상사고,0,0,1,0,차대차 - 측면충돌,교차로운행방법위반,젖음/습기,흐림,교차로 - 교차로안,승용,남,56세,상해없음,승용,남,28세,경상
2022122100100089,2022년 12월 21일 07시,수요일,경상남도 김해시 내덕동,경상사고,0,0,1,0,차대차 - 측면충돌,안전거리미확보,서리/결빙,흐림,교차로 - 교차로부근,승용,남,39세,상해없음,이륜,남,45세,경상
2022122100100090,2022년 12월 21일 07시,수요일,경상남도 김해시 진영읍,중상사고,0,1,0,0,차대차 - 추돌,안전운전불이행,서리/결빙,비,단일로 - 기타,승용,남,59세,상해없음,승합,남,63세,중상
2022122100100143,2022년 12월 21일 08시,수요일,경상남도 함안군 군북면,경상사고,0,0,1,0,차대차 - 기타,안전운전불이행,서리/결빙,흐림,단일로 - 기타,승용,남,51세,상해없음,승용,남,37세,경상
2022122100100144,2022년 12월 21일 08시,수요일,경상남도 김해시 관동동,경상사고,0,0,2,0,차대차 - 측면충돌,안전운전불이행,서리/결빙,비,단일로 - 기타,승용,여,44세,상해없음,화물,남,63세,상해없음
2022122100100187,2022년 12월 21일 09시,수요일,경상남도 창원시 진해구 용원동,중상사고,0,1,0,0,차대차 - 기타,안전운전불이행,젖음/습기,비,교차로 - 교차로안,승용,남,37세,상해없음,이륜,남,33세,중상
2022122100100188,2022년 12월 21일 09시,수요일,경상남도 김해시 봉황동,중상사고,0,1,0,0,차대사람 - 기타,안전운전불이행,젖음/습기,비,단일로 - 기타,승용,남,68세,상해없음,보행자,여,79세,중상
2022122100100189,2022년 12월 21일 09시,수요일,경상남도 고성군 상리면,중상사고,0,1,0,0,차대사람 - 횡단중,안전운전불이행,서리/결빙,흐림,단일로 - 기타,승용,여,53세,상해없음,보행자,남,67세,중상
2022122100100190,2022년 12월 21일 09시,수요일,경상남도 의령군 의령읍,경상사고,0,0,1,0,차대차 - 추돌,안전운전불이행,서리/결빙,비,단일로 - 교량,승용,여,23세,상해없음,승용,남,41세,경상
2022122100100246,2022년 12월 21일 12시,수요일,경상남도 김해시 대성동,경상사고,0,0,3,0,차대차 - 측면충돌,안전운전불이행,젖음/습기,비,교차로 - 교차로안,승용,여,35세,경상,승용,여,68세,경상
2022122100100276,2022년 12월 21일 14시,수요일,경상남도 창원시 마산합포구 진동면,경상사고,0,0,1,0,차대사람 - 기타,안전운전불이행,젖음/습기,흐림,교차로 - 교차로안,화물,남,59세,상해없음,보행자,여,86세,경상
2022122100100277,2022년 12월 21일 14시,수요일,경상남도 거제시 연초면,경상사고,0,0,1,0,차대차 - 추돌,안전운전불이행,건조,맑음,단일로 - 기타,승용,남,51세,상해없음,승용,남,50세,경상
2022122100100297,2022년 12월 21일 15시,수요일,경상남도 진주시 하대동,중상사고,0,1,0,0,차대사람 - 횡단중,보행자보호의무위반,건조,맑음,교차로 - 교차로안,승용,남,25세,상해없음,보행자,여,17세,중상
2022122100100298,2022년 12월 21일 15시,수요일,경상남도 김해시 삼계동,경상사고,0,0,2,0,차대차 - 측면충돌,교차로운행방법위반,건조,맑음,교차로 - 교차로안,승용,여,47세,경상,승용,여,42세,경상
2022122100100299,2022년 12월 21일 15시,수요일,경상남도 김해시 주촌면,경상사고,0,0,1,0,차대차 - 후진중충돌,안전운전불이행,건조,맑음,기타 - 기타,승용,남,57세,상해없음,승용,여,41세,경상
2022122100100326,2022년 12월 21일 16시,수요일,경상남도 창원시 마산합포구 현동,부상신고사고,0,0,0,1,차대사람 - 횡단중,신호위반,건조,맑음,교차로 - 교차로횡단보도내,승용,남,36세,상해없음,보행자,남,10세,부상신고
2022122100100364,2022년 12월 21일 17시,수요일,경상남도 사천시 정동면,중상사고,0,1,0,0,차대차 - 측면충돌,안전운전불이행,건조,맑음,교차로 - 교차로안,화물,남,74세,상해없음,승용,여,66세,중상
2022122100100365,2022년 12월 21일 17시,수요일,경상남도 김해시 서상동,중상사고,0,1,0,0,차대차 - 정면충돌,신호위반,건조,맑음,교차로 - 교차로안,승용,여,25세,상해없음,승용,여,60세,중상
2022122100100366,2022년 12월 21일 17시,수요일,경상남도 양산시 물금읍,경상사고,0,0,1,1,차대사람 - 기타,안전운전불이행,건조,맑음,교차로 - 교차로안,승용,여,65세,경상,보행자,여,28세,부상신고
2022122100100398,2022년 12월 21일 18시,수요일,경상남도 양산시 북정동,경상사고,0,0,2,0,차대차 - 측면충돌,안전운전불이행,건조,맑음,단일로 - 기타,승용,남,41세,상해없음,화물,남,52세,경상
2022122100100399,2022년 12월 21일 18시,수요일,경상남도 양산시 물금읍,경상사고,0,0,1,0,차대차 - 기타,안전운전불이행,건조,맑음,교차로 - 교차로부근,승용,여,46세,상해없음,이륜,남,42세,경상
2022122100100428,2022년 12월 21일 19시,수요일,경상남도 창원시 의창구 팔용동,경상사고,0,0,1,0,차대사람 - 기타,안전운전불이행,건조,맑음,교차로 - 교차로안,승용,남,22세,상해없음,보행자,남,52세,경상